filename,label,rms,zcr,spectral_centroid,spectral_bandwidth,spectral_rolloff,contrast_1,contrast_2,contrast_3,contrast_4,contrast_5,contrast_6,contrast_7,mfcc_1,mfcc_2,mfcc_3,mfcc_4,mfcc_5,mfcc_6,mfcc_7,mfcc_8,mfcc_9,mfcc_10,mfcc_11,mfcc_12,mfcc_13
section_00_source_train_normal_0743_n_C.wav,normal,0.032071322202682495,0.19846370806709265,2421.295358008188,2191.7669934092487,5123.477436102236,16.904076910594636,11.385376560166632,13.768353037176885,14.494010594754144,14.507574658244184,15.481345721282928,15.609578294295163,-131.0178985595703,62.094749450683594,7.456707000732422,20.12213706970215,-0.2507590353488922,5.4159111976623535,4.269556045532227,5.0670013427734375,-1.8625702857971191,-3.545257329940796,-2.930124282836914,2.0291571617126465,0.6410092711448669
section_00_source_train_normal_0753_n_C.wav,normal,0.03200565278530121,0.11857902356230032,1848.3140278908004,2034.7652504921975,4362.794528753993,18.20791649869914,11.310724929976006,13.74697565309019,14.200303545075519,14.346378570196359,15.932087258889377,14.706815669932084,-163.4314422607422,88.2947006225586,11.478744506835938,18.161771774291992,1.9186220169067383,7.3780670166015625,-1.7456908226013184,5.812143802642822,-2.608814239501953,4.009273529052734,-1.0693843364715576,6.774041175842285,-1.9028187990188599
section_00_source_train_normal_0403_n_A.wav,normal,0.03211275860667229,0.4091375673921725,3797.5008443125816,2210.8742702911477,6493.784944089457,18.14508012855319,13.58463642037807,19.676459175695687,20.197160852803048,19.06988556088025,17.22772978966697,15.824580117939652,-144.1495361328125,-13.661675453186035,-15.227195739746094,6.3388895988464355,2.9679036140441895,-8.462411880493164,-7.533660411834717,-4.625268936157227,-9.541523933410645,-3.1196508407592773,8.628751754760742,10.615866661071777,-12.490092277526855
section_00_source_train_normal_0284_n_B.wav,normal,0.031726595014333725,0.12820736821086262,1996.283345967561,2090.3049358393205,4546.10123801917,15.798122400276316,11.245947287447631,13.518555398139613,14.048690714018422,15.719716232652429,14.889590159013618,14.308716255877359,-160.5281524658203,81.6716537475586,4.5484514236450195,14.133859634399414,4.49799919128418,5.7555413246154785,0.9680971503257751,5.345327377319336,2.8589985370635986,3.9953367710113525,2.347895622253418,8.335685729980469,3.041529417037964
section_00_source_train_normal_0413_n_A.wav,normal,0.032121267169713974,0.39750929762380194,3795.7094187555736,2239.1649583749327,6453.948682108627,18.050793259917143,12.649547505253853,20.250654536207175,19.982023773839828,20.67386480880026,17.28410339855993,17.0829847706093,-150.34930419921875,-12.355741500854492,-15.690657615661621,9.923808097839355,6.998560905456543,-16.10289764404297,-9.622566223144531,-6.203674793243408,-4.444036483764648,9.187150955200195,8.016504287719727,13.927536010742188,-0.27592843770980835
section_00_source_train_normal_0294_n_B.wav,normal,0.026065275073051453,0.1707611571485623,2218.941225999803,1977.5912593916987,4543.655151757189,19.188275502293987,12.073875619986522,13.789506723576952,13.62089206232891,14.498880606436332,15.104140734349286,14.953377634019198,-176.8683319091797,65.15403747558594,-12.721325874328613,20.082292556762695,2.631978988647461,9.021068572998047,1.762823462486267,7.2862043380737305,0.5234332084655762,5.142635822296143,2.228863000869751,3.4029183387756348,0.7582769393920898
section_00_source_train_normal_0397_n_A.wav,normal,0.032127656042575836,0.4034591528554313,3848.1991515301684,2242.9251262858697,6489.267172523962,17.974033279393975,13.575764115008461,18.779338356953378,19.266765026096763,20.597332693772373,16.55884316366906,17.35348899717868,-149.51190185546875,-13.904655456542969,-15.497916221618652,9.415519714355469,7.761452674865723,-18.42426109313965,-12.228436470031738,-4.829288005828857,-1.8589277267456055,9.720038414001465,8.555939674377441,13.327685356140137,-0.12089031934738159
section_00_source_train_normal_0387_n_A.wav,normal,0.03213838115334511,0.3759172823482428,3776.1351800109082,2236.1418955595823,6600.239616613419,15.94198298526897,13.995590803521022,18.377866413759364,19.45065649884558,21.478174907763012,16.56202028294688,16.191321734624363,-149.85450744628906,-13.802197456359863,-15.62370491027832,8.416193008422852,4.425541877746582,-14.506776809692383,-21.566736221313477,-13.878878593444824,1.1899604797363281,4.725705146789551,5.489706516265869,4.120748996734619,2.904690742492676
section_00_source_train_normal_0682_n_C.wav,normal,0.03206653520464897,0.1856545152755591,2350.1073578445703,2212.659526322896,5163.762979233227,17.654368661185536,11.359587610499958,13.802304253836823,14.476685081024957,14.42835549338591,15.805466595537657,15.811035279254533,-137.98228454589844,65.95281219482422,11.524372100830078,16.387815475463867,0.073692686855793,7.5977606773376465,4.894975662231445,7.814810276031494,-2.865356922149658,-1.5734999179840088,-1.6505290269851685,5.710338592529297,-1.703148603439331
section_00_source_train_normal_0692_n_C.wav,normal,0.031980082392692566,0.12029034794329073,1874.4469186701888,2049.8870800086206,4432.707667731629,18.076254135575468,11.149096511676797,13.59914089384708,14.216400839702311,14.14634496840166,16.07215084464576,14.741830586903612,-163.02017211914062,86.65889739990234,11.580238342285156,17.846399307250977,2.528928756713867,8.637526512145996,-0.487700492143631,5.679984092712402,-2.621337890625,4.133772850036621,-1.6170459985733032,6.450963497161865,-2.200592041015625
section_00_source_train_normal_0023_n_B.wav,normal,0.0318087600171566,0.17147407897364217,2159.0438305496846,1975.576867079852,4454.872204472844,18.073112006167804,12.085869221693535,13.653377212399196,14.453644860738395,17.121742539136253,15.601120035230704,14.657153079431609,-144.1195526123047,70.24337768554688,-11.703341484069824,19.58620834350586,7.655696868896484,8.42721176147461,-1.352874994277954,7.274154186248779,3.9969334602355957,3.7217061519622803,-2.9821035861968994,7.262523651123047,4.181591987609863
section_00_source_train_normal_0836_n_C.wav,normal,0.03203628212213516,0.16169129392971246,2138.383803139092,2074.791725177085,4594.149361022364,17.38291999818074,11.62387756484156,14.23757150426123,15.314961757369804,14.867810644720777,15.75169148041287,15.075713002113574,-143.17239379882812,73.09359741210938,2.6552629470825195,20.89282989501953,1.4387611150741577,9.117049217224121,5.0908637046813965,6.408515930175781,-0.8646787405014038,-3.1893820762634277,-0.4812394976615906,3.0599005222320557,0.2643909752368927
section_00_source_train_normal_0033_n_B.wav,normal,0.03138020262122154,0.31734381240015974,3091.9897470547153,2274.6565255902556,5850.0648961661345,16.504508045468242,11.135033186218772,13.706188055821546,13.939713825012953,14.413610034149663,14.4241077319838,14.66424689733909,-130.8321533203125,36.600337982177734,5.789839744567871,9.762289047241211,4.016348361968994,5.4092936515808105,3.124830484390259,4.876935005187988,3.1308395862579346,3.2040722370147705,2.099754810333252,5.109555721282959,3.578061103820801
section_00_source_train_normal_0826_n_C.wav,normal,0.03180883079767227,0.13893707567891375,2022.0081660126145,2069.913767650451,4538.812899361023,17.679791065816673,11.34015203016537,13.63748083886174,14.190087437658672,14.359761734267632,16.12010907547867,14.666141239030544,-158.53419494628906,77.42704010009766,6.795965671539307,21.580224990844727,4.757302284240723,9.923808097839355,1.3394869565963745,5.987616062164307,-0.13191235065460205,2.926968812942505,-1.2679039239883423,5.002230644226074,-0.21038305759429932
section_00_source_train_normal_0041_n_B.wav,normal,0.03167194873094559,0.18464831269968052,2429.4780563441745,2198.1985148584686,5173.172923322683,18.681552207656825,11.831491875137067,13.302287932185875,13.924781833932515,14.508440716820473,14.85934620307126,15.000977447697565,-138.87216186523438,61.87841796875,3.6257638931274414,14.336003303527832,2.59273099899292,7.9882073402404785,0.8675714731216431,4.16084623336792,5.306662082672119,5.668684959411621,-0.31765732169151306,1.145143985748291,4.025583267211914
section_00_source_train_normal_0139_n_B.wav,normal,0.03132038936018944,0.21645679412939298,2561.8388433588534,2164.073325864779,5203.599241214058,19.64203336357238,11.783330876057473,13.769693137613205,14.733231247057265,14.634966508788969,15.006608555048377,15.285466110018115,-135.54498291015625,52.95227813720703,-1.1897622346878052,17.468446731567383,2.1485705375671387,9.656493186950684,6.5818891525268555,6.98892068862915,-3.966722011566162,-2.1092026233673096,0.17934976518154144,1.8922640085220337,4.247008800506592
section_00_source_train_normal_0854_n_C.wav,normal,0.031693264842033386,0.14263272513977635,2093.920938789849,2131.3476444713324,4756.215055910543,16.22641690888091,11.378332543927238,13.539941585537354,14.422379356992185,15.484784791224609,15.471460642578627,14.877127975968039,-155.99301147460938,74.73860931396484,8.307520866394043,19.734378814697266,6.099382400512695,9.221919059753418,1.8789799213409424,5.196681976318359,0.4038007855415344,2.300398111343384,-1.1758959293365479,4.736187934875488,0.7988809943199158
section_00_source_train_normal_0051_n_B.wav,normal,0.02905506268143654,0.1371633511381789,2111.0159307988383,2122.451802103575,4760.033945686901,19.76282472897488,11.342643163484974,13.920731443221841,13.811359962862307,15.613691008961773,14.501598752175354,14.654754621933755,-175.1194610595703,74.51874542236328,3.1747422218322754,16.077909469604492,8.640477180480957,8.471056938171387,-0.3633016347885132,6.077828884124756,2.7003400325775146,5.80809211730957,2.171133518218994,4.589398384094238,4.864781379699707
section_00_source_train_normal_0844_n_C.wav,normal,0.032032519578933716,0.14333160692891375,2006.3713648945834,2094.551719661536,4622.404153354632,17.007981594482427,11.213636687862504,13.652549406166488,13.955450902377423,14.349386438912369,17.383669203382365,14.687722719126402,-159.0462188720703,78.22422790527344,11.177128791809082,21.578506469726562,3.8702614307403564,10.2783784866333,-0.38800370693206787,6.651438236236572,0.6500344276428223,5.204648494720459,-3.7211649417877197,6.515172481536865,-1.9156484603881836
section_00_source_train_normal_0129_n_B.wav,normal,0.03199528530240059,0.2468565919528754,2718.9114611926675,2114.8535988784033,5274.635583067093,20.0799640356893,11.306151117090936,13.532082593875034,13.935977417495039,13.897372333608653,15.18502879211918,14.610340450618232,-123.75457763671875,42.74774169921875,-8.432539939880371,19.598339080810547,-1.248073935508728,5.57091760635376,3.109513521194458,8.512462615966797,4.654631614685059,3.957627058029175,0.18428254127502441,2.612410068511963,1.2363301515579224
section_00_source_train_normal_0798_n_C.wav,normal,0.031682394444942474,0.14778385832667731,2093.168627877255,2123.0160151221025,4675.818690095846,18.03383041532407,10.979077779453926,13.785255237114582,13.59165735795,14.653475480790611,16.51385261905935,14.776374536260818,-159.48008728027344,75.45454406738281,11.383186340332031,20.83968734741211,3.7378437519073486,10.108049392700195,1.3230646848678589,3.8122951984405518,1.3887653350830078,2.9484708309173584,0.0574692077934742,4.912749767303467,-1.8333743810653687
section_00_source_train_normal_0788_n_C.wav,normal,0.031970296055078506,0.1788170177715655,2311.862682041327,2194.1254153290142,5014.077476038338,16.943322028993776,11.250811350230007,13.86428936812099,14.279672272751846,14.526163468130601,15.711346207943754,15.745360298371534,-141.4495086669922,67.32514190673828,11.657549858093262,18.486289978027344,1.1610567569732666,7.911006450653076,2.6774089336395264,6.026644229888916,-1.7284539937973022,-2.611743450164795,-1.6833266019821167,3.28525447845459,1.3253062963485718
section_00_source_train_normal_0327_n_B.wav,normal,0.03200501203536987,0.200287352735623,2457.1361043979136,2126.393860575758,5075.579073482428,19.99105894808198,11.064909835459611,13.74138620508042,15.331425270006457,14.63480281088163,14.719476360776637,14.8179742027443,-131.07232666015625,58.36552047729492,-4.5564093589782715,13.331297874450684,-3.76474666595459,3.3354732990264893,4.143472671508789,14.64769172668457,7.170218467712402,2.7859973907470703,-1.4582442045211792,3.244194269180298,0.541456401348114
section_00_source_train_normal_0461_n_A.wav,normal,0.032100334763526917,0.4397729258186901,3930.698733968446,2273.7124956067582,6682.657747603834,18.279594921126524,14.238640822284015,18.23963059757955,20.01731489188691,19.6524844125948,16.89423134603611,17.94545907784855,-144.5802459716797,-13.939384460449219,-12.826345443725586,8.237736701965332,0.6486833691596985,-19.84662437438965,-11.37938117980957,-12.588241577148438,0.6497349143028259,3.9066848754882812,8.226701736450195,9.990120887756348,2.676539421081543
section_00_source_train_normal_0519_n_A.wav,normal,0.032119907438755035,0.4512061950878594,3956.447493184365,2283.3469563873505,6689.646565495208,17.01387399393781,14.101399937205091,18.489100965775236,20.03042046202593,19.203179768346555,16.520363073501766,18.077343527369557,-143.3324432373047,-12.8174409866333,-11.22371768951416,5.7355475425720215,0.026727018877863884,-17.328014373779297,-10.142437934875488,-14.231261253356934,0.31641337275505066,3.497825860977173,7.51082181930542,11.424661636352539,2.979663848876953
section_00_source_train_normal_0471_n_A.wav,normal,0.03209703788161278,0.4444420177715655,3937.7443826760036,2266.1048559084416,6673.697084664536,16.102133945947674,14.379540634160064,18.770877872237367,20.088012814812416,19.5655078165514,16.88986230245625,18.089175350305943,-146.0625457763672,-14.93993091583252,-12.951817512512207,6.0120391845703125,-3.0295000076293945,-19.465463638305664,-12.110387802124023,-15.83804988861084,-1.6122205257415771,3.2429847717285156,6.386388778686523,10.936386108398438,3.726292610168457
section_00_source_train_normal_0509_n_A.wav,normal,0.0321337915956974,0.3727598342651757,3824.6988893016883,2418.053845230366,6991.813099041534,17.793643066913344,14.026633547630597,19.993912280515318,18.309596819315917,19.408880679687613,16.088621205709714,16.10135936204272,-149.06015014648438,-4.239068508148193,-10.103093147277832,0.03855251148343086,1.2012187242507935,-28.413801193237305,-20.76590347290039,-2.8678696155548096,8.582483291625977,1.601075530052185,16.974348068237305,5.586359977722168,1.3453391790390015
section_00_source_train_normal_0180_n_B.wav,normal,0.03196205198764801,0.174528566793131,2455.445296576229,2217.4220221574906,5240.939496805112,19.658387621120855,11.57136407960857,13.303102838916583,14.254663073147713,14.29606554598468,14.649178093589628,14.512229129794818,-146.37986755371094,58.2196044921875,6.789625644683838,19.183897018432617,2.8457117080688477,9.49669361114502,3.4630279541015625,6.335731506347656,2.87978458404541,3.714186191558838,2.0533552169799805,4.907805919647217,4.326427936553955
section_00_source_train_normal_0985_n_C.wav,normal,0.031957000494003296,0.16023425019968052,2141.3748689622753,2098.2267152009613,4736.072284345048,12.942727910275396,11.142761692764815,13.214502622249356,14.30589980997355,14.647155687888196,15.45604363595631,15.417035225435335,-142.29635620117188,73.37008666992188,3.3128838539123535,17.3010311126709,1.780974268913269,8.6810884475708,2.342679977416992,6.981264114379883,-0.5968796610832214,0.5486856698989868,-2.5371012687683105,5.727850437164307,0.8077899813652039
section_00_source_train_normal_0190_n_B.wav,normal,0.031899772584438324,0.1372553913738019,2067.0504541768432,1995.0692987803543,4404.702476038338,19.525466082206766,12.0039276460925,13.421763272602576,13.717888960085114,14.419611513026686,15.013953402603665,14.330768725637755,-153.75491333007812,74.15419006347656,-7.4061784744262695,21.28195571899414,4.045931339263916,8.393608093261719,2.3620333671569824,8.421307563781738,2.3384296894073486,4.912671089172363,2.354637384414673,4.327733039855957,1.314254641532898
section_00_source_train_normal_0721_n_C.wav,normal,0.032043784856796265,0.12046038837859425,1883.7346813765057,2041.8208626161995,4388.802915335464,17.871630016530606,11.14164950654284,13.662765846311231,15.151034676678485,15.457725762184607,15.84641546584013,14.243277328171017,-162.756591796875,84.99761962890625,7.718800067901611,18.596460342407227,5.901609420776367,9.773539543151855,1.192825436592102,6.2468976974487305,-1.2349709272384644,3.1691970825195312,-2.2176787853240967,5.517994403839111,-0.3412705957889557
section_00_target_train_normal_0005_n_E.wav,normal,0.032070986926555634,0.04046338358626198,1003.7347653764745,1527.6421733005886,2054.91214057508,19.812489908699245,17.04735793557714,14.426081249905145,19.70078609138847,16.67153507950259,14.789571162066983,13.80710174696799,-263.0837707519531,126.64934539794922,5.772858619689941,18.78765106201172,11.564749717712402,25.044052124023438,20.888992309570312,14.724273681640625,0.11364296078681946,-3.077821969985962,1.2235220670700073,9.053074836730957,7.493999481201172
section_00_source_train_normal_0731_n_C.wav,normal,0.0318538174033165,0.11076652356230032,1759.9104095295766,1964.3399832606272,4093.9247204472845,18.11518754515949,11.30551876055242,13.98701024204199,14.007550190025178,15.309242486960999,16.38825141751184,14.57311215171119,-169.6223602294922,91.56120300292969,5.892854690551758,18.868038177490234,5.340551376342773,8.646600723266602,-2.731032371520996,5.299536228179932,-0.09589947015047073,4.769987106323242,-3.2132680416107178,5.572836399078369,0.2624955475330353
section_00_source_train_normal_0971_n_C.wav,normal,0.03193201869726181,0.12023106779153354,1870.0441291510735,2032.5272597441053,4389.95107827476,17.34244537733688,11.297118138256923,13.814854802367762,13.903068701242216,14.398375648671733,15.880811008590511,14.788569607301785,-163.9125213623047,86.4919662475586,9.590670585632324,18.88935661315918,3.552617311477661,8.723320960998535,-0.8116461038589478,6.8809380531311035,-3.236104726791382,4.698324203491211,-0.9691620469093323,6.222667217254639,-1.9202178716659546
section_00_source_train_normal_0809_n_C.wav,normal,0.03203980252146721,0.11417201228035144,1808.4150755144897,1986.488608999905,4160.343450479233,18.155121653968507,11.09312564989689,13.588734220179994,14.312470256645575,16.147468299540236,16.023740265668756,14.749997372425634,-167.62498474121094,86.92200469970703,5.90886926651001,22.998977661132812,6.678829669952393,9.994295120239258,0.30966779589653015,6.371506214141846,1.3411465883255005,5.637774467468262,-5.474553108215332,4.314488410949707,0.7631136775016785
section_00_source_train_normal_0164_n_B.wav,normal,0.03187337890267372,0.2772704298123003,2988.3115227685907,2308.8785071214015,5897.4640575079875,18.535111292766793,11.819158631528895,13.777242377980523,13.648132130470087,14.287330071992471,14.256392065883242,14.5609058582733,-124.5799331665039,37.57417678833008,9.177973747253418,18.696504592895508,4.182715892791748,6.419161796569824,3.2053236961364746,4.845516204833984,0.7382698655128479,2.1486406326293945,-0.031201152130961418,4.581993579864502,2.354673147201538
section_00_source_train_normal_0961_n_C.wav,normal,0.032043714076280594,0.1291652106629393,1947.8208802213867,2083.878521901479,4540.585063897764,17.342387431827962,11.401409634767234,13.485427166754556,13.806391840872351,15.02081395648431,16.658870850204956,14.30212808539411,-163.1035614013672,80.76925659179688,11.793203353881836,21.80128288269043,3.5775084495544434,9.533894538879395,0.8015264272689819,5.712605953216553,0.942048966884613,6.495628833770752,-2.259134292602539,5.785048961639404,-0.7496650815010071
section_00_source_train_normal_0174_n_B.wav,normal,0.02954716421663761,0.09619296625399361,1724.2806259803867,1918.2606118487963,3800.5191693290735,23.38891425781758,12.236877929708717,13.451868134011429,14.019327863755631,14.325135672173786,15.020800538903048,14.93757390435514,-194.23495483398438,94.04735565185547,-0.6355820298194885,19.14608383178711,5.500814437866211,6.394913673400879,3.651878595352173,4.4619364738464355,0.7968255877494812,1.4682515859603882,-0.6930115222930908,-0.41428616642951965,-0.7791393399238586
section_00_source_train_normal_0819_n_C.wav,normal,0.031911998987197876,0.16121393270766773,2181.9579955427016,2125.4552771878302,4877.0467252396165,18.134884362194644,11.39800225867109,13.732048351255507,14.457867637475312,14.807034226801651,15.653409923979007,15.453992331827685,-148.9292449951172,71.24300384521484,7.224483013153076,18.852214813232422,5.7938456535339355,11.636542320251465,-0.8522939682006836,3.9580023288726807,-2.925139904022217,5.744153022766113,1.5260708332061768,4.459212303161621,-3.8372151851654053
section_00_source_train_normal_0485_n_A.wav,normal,0.03210120275616646,0.4153323432507987,3967.1875669610563,2336.260565599796,6805.411341853035,15.449374383049534,14.280563526441654,21.34877571818911,19.628274080740066,19.975081197057868,17.242668010473235,16.765824959262055,-150.7328338623047,-13.468413352966309,-11.362802505493164,0.5176786184310913,-0.4266622066497803,-18.26756477355957,-12.740053176879883,-14.864524841308594,-4.684039115905762,-1.2914594411849976,13.099518775939941,0.496493399143219,-0.4535241723060608
section_00_source_train_normal_0202_n_B.wav,normal,0.03152739256620407,0.12437131839057508,1838.0797634199319,1931.493663678286,3991.1641373801917,19.520586342892017,11.371806423401283,13.430908313668644,14.440990426255233,16.072433325434652,15.207130859380285,14.794609559912034,-166.0033416748047,88.8018569946289,-1.0634130239486694,18.74587059020996,0.7374062538146973,7.3897318840026855,2.067164421081543,5.402310371398926,2.0684802532196045,4.550161361694336,0.5346581339836121,4.762872219085693,0.6988288164138794
section_00_source_train_normal_0495_n_A.wav,normal,0.03212866559624672,0.40002090405351437,3939.24997882818,2343.238656522713,6801.267971246007,15.12372037306044,14.402067263259138,21.869495617351188,21.0543888020936,20.294395696753362,16.878564523690805,16.75940065921761,-152.16566467285156,-13.012736320495605,-13.910271644592285,-2.570854663848877,-0.8244895935058594,-17.954071044921875,-12.66507339477539,-16.4997501373291,-4.9936747550964355,-0.8762208819389343,12.601618766784668,-0.6857467293739319,-1.7074922323226929
section_00_source_train_normal_0212_n_B.wav,normal,0.030926182866096497,0.2383701702276358,2570.20811505413,2076.4461744581236,5039.137380191693,17.809625612308583,11.035971380485885,13.735571833163347,14.657691373420292,14.766246247448974,15.205462948574436,15.284328219960345,-127.14537048339844,51.577842712402344,-12.2521390914917,12.344380378723145,-3.2378017902374268,6.142798900604248,2.335085153579712,12.849298477172852,5.612279891967773,1.5891880989074707,-1.2617346048355103,0.5524920225143433,-0.07664930820465088
section_00_source_train_normal_0544_n_A.wav,normal,0.032115064561367035,0.46111378045127793,4021.9150437430594,2279.4003176864658,6696.635383386581,18.652512341420625,13.920233462245832,18.87592767916959,17.08808799621333,19.180553908482242,17.000899791617318,17.75876650674625,-144.24917602539062,-15.36217975616455,-6.3404130935668945,7.439657688140869,0.5342773199081421,-17.724395751953125,-15.350713729858398,-13.273506164550781,1.89013671875,5.122232913970947,6.8151116371154785,10.698090553283691,2.794276475906372
section_00_source_train_normal_0554_n_A.wav,normal,0.03210984915494919,0.4101266099241214,3808.01752764137,2224.6448722206455,6514.202276357827,17.988996043259284,13.4203689142269,20.100124418275684,20.1313799712217,19.089856500617792,17.074339124800694,15.670443855826544,-142.84156799316406,-12.444228172302246,-13.659689903259277,5.767847537994385,2.969700813293457,-7.719239711761475,-7.560996055603027,-5.1275153160095215,-8.55990219116211,-2.6466245651245117,8.748377799987793,10.546873092651367,-11.941187858581543
section_00_source_train_normal_0622_n_A.wav,normal,0.03210526332259178,0.3332043730031949,3514.4026466193864,2153.8112136594123,6333.765974440895,15.466898466576529,13.462894177035928,21.266710522132275,21.337756060803976,22.722620249856686,16.86802906202072,15.24250259241485,-160.33656311035156,-10.734918594360352,-23.52471160888672,15.275461196899414,1.2607452869415283,-16.275352478027344,-15.269997596740723,-9.326130867004395,-8.05005931854248,-3.1541473865509033,20.18724822998047,6.685450077056885,-10.45302677154541
section_00_source_train_normal_0632_n_A.wav,normal,0.03210587427020073,0.4196473142971246,3949.7852132146013,2346.637050154453,6806.534544728434,15.574060273722376,13.926143529688439,20.969236904192314,20.307400203613277,19.3127767664937,17.133701302103223,16.9764814834549,-148.83876037597656,-12.020944595336914,-12.290956497192383,-0.5119009017944336,0.5106407999992371,-17.784072875976562,-10.883343696594238,-15.230545043945312,-6.733489036560059,-2.3056387901306152,13.685400009155273,3.00172758102417,-0.7580704689025879
section_00_source_train_normal_0640_n_A.wav,normal,0.03213252127170563,0.4527147189496805,3995.1769448264936,2266.019696755412,6681.933905750799,16.416557564419147,13.926359628106038,18.436104627132337,17.69602551504488,19.51813347629244,16.715065976556136,17.87293390639204,-144.40040588378906,-16.442230224609375,-9.909918785095215,6.820785045623779,0.21338576078414917,-19.26215362548828,-15.806488037109375,-13.925447463989258,0.14448358118534088,3.13065767288208,6.723446369171143,10.160774230957031,2.4578053951263428
section_00_source_train_normal_0650_n_A.wav,normal,0.032110992819070816,0.4453421400758786,3939.24857612739,2276.255242056488,6689.022563897764,17.73702598690052,13.876663675007368,18.764701482636802,19.791763646075232,19.587662766518655,16.728447839910615,17.92630173704543,-143.6002197265625,-13.284747123718262,-11.969980239868164,7.286911487579346,0.7568802237510681,-17.152141571044922,-10.08745288848877,-12.649582862854004,-0.11282502114772797,4.484595775604248,9.943136215209961,11.285677909851074,2.219588279724121
section_00_source_train_normal_0666_n_C.wav,normal,0.030612705275416374,0.1868260782747604,2289.6159452391994,2113.0679021567803,4910.49321086262,17.47246516502692,11.185703203567517,13.495249152454527,14.391780677725624,15.096856247730143,15.838435094119795,15.078000224655446,-149.5364227294922,65.79644775390625,4.4757513999938965,21.616634368896484,2.8441436290740967,7.210961818695068,3.216768741607666,5.292731761932373,-4.849803924560547,2.5351297855377197,-1.1083825826644897,4.191672325134277,-1.213866949081421
section_00_source_train_normal_0676_n_C.wav,normal,0.03203088417649269,0.14516305161741214,2082.972102268463,2159.2220096531532,4842.30231629393,17.524978900660678,11.525672960558579,14.117573992905708,13.951932343600957,15.140220875099983,16.49298110594155,14.62935758764795,-157.815185546875,76.00914001464844,13.506705284118652,19.886133193969727,6.46748685836792,10.020556449890137,-0.40163087844848633,4.82312536239624,-1.2204474210739136,3.547764301300049,-1.437181830406189,6.131875514984131,-1.1106648445129395
section_00_source_train_normal_0373_n_A.wav,normal,0.03212877735495567,0.3357549795327476,3535.463850081754,2163.7033320412957,6369.383985623003,15.84271717774232,13.621689889172101,21.25819851449685,21.111855780964728,22.687623535651642,16.796347562325007,15.249985719053655,-160.06588745117188,-11.45240592956543,-22.468626022338867,15.406073570251465,1.1967248916625977,-17.289302825927734,-16.549577713012695,-10.339875221252441,-8.01644515991211,-3.6241161823272705,19.991147994995117,5.546112060546875,-12.00999927520752
section_00_source_train_normal_0363_n_A.wav,normal,0.03212255984544754,0.40390219398961663,3810.7875489150856,2218.772574426432,6494.433905750799,17.290177997806918,13.052144096188833,19.471033397091244,18.726177820453163,20.123726565745795,16.990972625017385,15.810955986233683,-142.35556030273438,-13.018837928771973,-15.332634925842285,5.282975673675537,1.5590949058532715,-9.99592113494873,-9.777851104736328,-5.043378829956055,-8.005162239074707,-4.1507673263549805,5.92560338973999,12.859820365905762,-7.92413854598999
section_00_source_train_normal_0526_n_A.wav,normal,0.032106462866067886,0.36772414137380194,3831.426035408814,2410.998123417549,6978.085063897764,17.114905572430768,14.064188275042818,20.086953488323292,18.317415800954418,19.712455226948286,15.94535017637358,16.093968402526887,-151.18899536132812,-6.163174629211426,-11.601622581481934,-1.5492298603057861,-0.6904388070106506,-29.773075103759766,-22.52780532836914,-4.181908130645752,8.003836631774902,-0.5509148240089417,15.516996383666992,5.587931156158447,0.3996220827102661
section_00_source_train_normal_0536_n_A.wav,normal,0.03213061764836311,0.44363081569488816,3925.654308627953,2273.3424442681053,6678.414536741214,17.176345715177533,13.954186284686449,18.287835430787844,19.899465103774745,19.40868241091676,16.902645983563485,18.17257262963139,-144.01370239257812,-13.546936988830566,-11.9522705078125,8.873528480529785,0.8611019253730774,-19.729040145874023,-11.766470909118652,-12.333379745483398,1.1976629495620728,4.205338478088379,7.61559534072876,9.733548164367676,2.3755509853363037
section_00_source_train_normal_0318_n_B.wav,normal,0.027978811413049698,0.1878338408546326,2306.77248600641,2027.1099805092858,4768.9696485623,18.55547655575066,11.813258903756578,13.931902941732194,14.162311156892313,15.087038045804679,15.186165709427847,14.712033682320003,-168.86001586914062,61.00087356567383,-11.356002807617188,15.313679695129395,1.008872151374817,8.842489242553711,0.9575250744819641,6.237016201019287,2.907148838043213,5.604669094085693,1.9942703247070312,4.736489295959473,2.196934938430786
section_00_source_train_normal_0260_n_B.wav,normal,0.031810320913791656,0.1416639626597444,2093.4115498886317,2041.4564324700668,4516.97284345048,19.199630717946803,11.55111476253903,13.929036577356637,13.946349997792778,15.463999675904557,15.27230424445483,14.600636686041359,-153.3658905029297,73.93138122558594,-1.2498000860214233,20.15645980834961,3.0444395542144775,10.836141586303711,-0.037107765674591064,6.575815200805664,3.1438682079315186,2.0238029956817627,1.6262311935424805,6.910231113433838,2.38647198677063
section_00_source_train_normal_0308_n_B.wav,normal,0.031870778650045395,0.1128241688298722,1857.3663454231548,2019.4237768431844,4167.731629392972,19.25493370843979,11.848973144882933,13.780253817478602,14.866576147935922,15.37694366849283,14.722171644886359,15.831296354911505,-165.0152130126953,90.60871124267578,-0.7384608387947083,7.030236721038818,4.635214328765869,6.495649337768555,5.421153545379639,4.665262222290039,3.0413568019866943,4.38746452331543,3.079728364944458,4.912961006164551,2.1601781845092773
section_00_source_train_normal_0270_n_B.wav,normal,0.03192462399601936,0.20028111271964857,2514.3143714683233,2182.616536346819,5211.536541533546,18.307031222223273,12.118338945619323,13.927914779327752,13.91344273240453,15.578874606764291,14.78496287497208,15.074495521388586,-135.84371948242188,55.0910530090332,3.292180061340332,20.7645206451416,5.085291862487793,10.160524368286133,-2.3458333015441895,3.824202060699463,5.637712001800537,3.3198909759521484,-1.7619260549545288,3.8442676067352295,4.959270000457764
section_00_source_train_normal_0913_n_C.wav,normal,0.03127579391002655,0.15510183706070288,2123.1131815146537,2098.7136091141533,4699.7803514377,16.46838356798375,11.590195812384659,13.924104402940168,13.667027730203682,14.265644952105074,15.772253698324063,14.620963939184621,-156.418212890625,72.47173309326172,6.652292251586914,22.724929809570312,5.964020252227783,9.930485725402832,1.0565059185028076,4.6518378257751465,-0.5493161678314209,2.9593379497528076,-0.12226204574108124,5.425268173217773,-0.8852560520172119
section_00_source_train_normal_0106_n_B.wav,normal,0.029449524357914925,0.2025290784744409,2457.873532632554,2125.240175401691,5085.737819488818,17.533878720584664,11.737052049906607,13.460757265920817,14.037415614741548,14.479096692561777,14.700570764448786,14.390437542737857,-149.0609588623047,57.066463470458984,-4.062320709228516,16.779808044433594,1.7293529510498047,6.8653059005737305,0.8447630405426025,6.084878921508789,0.8755254149436951,3.5215725898742676,2.259807825088501,5.487781047821045,3.807072639465332
section_00_source_train_normal_0903_n_C.wav,normal,0.03200932592153549,0.18405707118610223,2364.812635787729,2208.638442302224,5226.911940894569,18.74090395190973,11.054130223724735,13.233629368123898,15.653530084771884,15.385180579471776,15.766916502490695,16.38279701885296,-144.05966186523438,62.92988204956055,9.924798011779785,16.92951202392578,5.865077495574951,13.862248420715332,0.24627049267292023,5.180761337280273,-5.497166156768799,4.6842546463012695,3.8305561542510986,7.302062034606934,-6.241176605224609
section_00_source_train_normal_0116_n_B.wav,normal,0.0316479429602623,0.1547367961261981,2318.7647462589143,2222.544181105886,5158.8208865814695,20.47410831414844,11.24418153938458,13.829690522033266,14.022841923924378,15.410840933223717,14.579325881415588,15.115360001586417,-152.81040954589844,66.61063385009766,7.3712897300720215,13.44528579711914,5.965104103088379,8.994900703430176,-0.4299107789993286,5.574502468109131,4.038843631744385,5.3574137687683105,-0.1686614602804184,2.7492637634277344,3.026796817779541
section_00_source_train_normal_0935_n_C.wav,normal,0.03165115416049957,0.18973704572683706,2296.226497437591,2065.4210640055653,4760.558107028754,17.641873659423183,11.523268511788322,13.659535470302307,14.291230723090761,14.91603198826868,16.431996886015618,15.659434105014222,-141.0290069580078,63.60011291503906,-1.4296196699142456,24.084087371826172,1.6123533248901367,9.092806816101074,3.3348448276519775,5.967508792877197,-1.7227126359939575,0.0013359240256249905,-2.3739371299743652,3.4477016925811768,0.6034008860588074
section_00_source_train_normal_0058_n_B.wav,normal,0.03204111382365227,0.21282198482428116,2584.436401616918,2193.365098848215,5318.19089456869,18.185240180972862,11.83101453791978,13.40533423654827,14.299967310953193,15.499328596675824,15.270474852223403,15.06904556515994,-131.8574981689453,51.892372131347656,3.4646031856536865,21.783205032348633,4.307281970977783,9.618968963623047,0.3571041226387024,4.248791694641113,3.139970302581787,2.806511640548706,-1.1633625030517578,4.6195387840271,5.172335624694824
section_00_source_train_normal_0120_n_B.wav,normal,0.026686467230319977,0.14925182208466453,2120.1995502609475,2031.3600602053455,4573.557308306709,20.012280203965833,12.097364955906043,14.067927868447144,14.01838969811585,16.539417339218748,14.915311937626926,14.438377362067001,-183.8828125,70.79076385498047,-4.792929649353027,19.735944747924805,7.512988567352295,7.059257507324219,-3.5510923862457275,4.613675117492676,4.842032432556152,8.1441011428833,1.784603476524353,5.040018081665039,3.702658176422119
section_00_source_train_normal_0048_n_B.wav,normal,0.028264591470360756,0.10661691293929712,1757.4306324978972,1896.7012921867047,3775.5840654952076,21.25468823081613,11.993203265247947,13.417640926725124,14.230852224455237,14.970812762649349,14.862893372596897,15.181409823191812,-197.482666015625,92.97615814208984,-5.357464790344238,19.010652542114258,7.1302571296691895,5.014735698699951,2.027019739151001,4.662500381469727,1.0614123344421387,2.4480767250061035,-1.0839450359344482,-0.2949032485485077,-0.5570911765098572
section_00_source_train_normal_0925_n_C.wav,normal,0.03038565069437027,0.1486964606629393,2131.4221526885462,2138.2811770662734,4827.476038338658,16.274469146328528,11.451881701176484,13.735687867017257,14.42827380210026,15.086242712280873,15.534336837303414,14.687320287205868,-162.3857879638672,74.46660614013672,6.652292251586914,18.17168617248535,7.082394123077393,9.001029968261719,3.021357536315918,5.96840763092041,-0.40056324005126953,3.1715853214263916,-2.499829053878784,2.5301246643066406,1.908571720123291
section_00_source_train_normal_0130_n_B.wav,normal,0.0313626267015934,0.15995032947284346,2081.902057411568,1972.6740067952876,4316.8430511182105,18.639598167973404,11.566673976157864,13.712238524165517,13.905107339534647,16.842457204507,15.776180917832066,14.614754717803956,-148.41493225097656,74.38336944580078,-8.90199089050293,22.575809478759766,6.1963582038879395,8.470037460327148,-2.1116702556610107,3.5637481212615967,5.405858993530273,3.4449853897094727,-1.5336552858352661,4.828927040100098,1.4486950635910034
section_00_source_train_normal_0781_n_C.wav,normal,0.03148633986711502,0.12097986970846646,1804.7876284442368,1945.1482050589404,4075.5041932907347,18.04178802358237,11.236056210945836,13.951825700344433,14.325250306364467,15.57877077909301,16.683655179610845,14.918844598935893,-167.2786865234375,88.70402526855469,2.454040050506592,20.99321937561035,4.522456169128418,8.602423667907715,-2.0023865699768066,5.535139083862305,-0.6181955337524414,4.386447429656982,-3.2944960594177246,5.438924312591553,-1.0304243564605713
section_00_source_train_normal_0791_n_C.wav,normal,0.03204731643199921,0.13287646016373802,1899.835939290584,2048.1620141620833,4447.134584664536,17.528315744351055,11.026642645081905,13.59301635775134,13.761241448088587,15.140074680712406,17.216906122392793,14.46551602125103,-159.9523468017578,84.52218627929688,8.975695610046387,19.754634857177734,5.492979049682617,7.2225542068481445,-1.674095630645752,7.48989725112915,-0.7564987540245056,5.637556552886963,-2.298187255859375,5.941326141357422,-2.390902042388916
section_00_source_train_normal_0246_n_B.wav,normal,0.031535807996988297,0.1561704397963259,2091.336773992206,1974.1871735613001,4375.399361022364,19.77292908648626,11.597817711357493,13.321199370876945,14.113442972414093,15.889864141262912,15.576505062963557,14.483871743276783,-148.45440673828125,73.66870880126953,-10.197989463806152,21.073345184326172,4.892847061157227,6.955242156982422,0.5871505737304688,6.245429992675781,4.275751113891602,5.468748092651367,-1.674993872642517,3.5249788761138916,2.333561897277832
section_00_source_train_normal_0256_n_B.wav,normal,0.0319388173520565,0.16592982478035143,2247.0182511635116,2068.494509382636,4772.66373801917,18.74110312016293,11.912517108521726,14.163371672318593,13.732610160103492,14.90621721530079,15.21165433558452,15.277456942388975,-144.5032501220703,65.82563781738281,-2.9837019443511963,21.071149826049805,4.037506580352783,9.509336471557617,0.6388385891914368,6.668490409851074,1.6521722078323364,5.696544170379639,0.7561344504356384,5.152203559875488,1.4730572700500488
section_00_source_train_normal_0355_n_A.wav,normal,0.03214116394519806,0.32384122903354634,3642.0748425807437,2225.957750116325,6416.95786741214,18.206086240531903,13.109366267174517,19.432850885158143,20.056151204154627,22.94826024749133,16.848662179419506,16.321790186750924,-166.51441955566406,-10.125995635986328,-19.096115112304688,12.579719543457031,11.155913352966309,-21.410934448242188,-17.567054748535156,-2.4426894187927246,-0.6276651620864868,8.04012393951416,10.803224563598633,9.465570449829102,-1.5717449188232422
section_00_source_train_normal_0345_n_A.wav,normal,0.0321253202855587,0.37001890724840253,3759.732794150987,2240.6893054461443,6610.273562300319,16.36443979286864,14.036604297060721,18.096009544468785,19.122752546269204,21.46321492278386,16.630345119942646,16.280444287590562,-149.5228271484375,-13.106027603149414,-16.758235931396484,9.647638320922852,5.866114616394043,-15.797836303710938,-21.163599014282227,-13.399499893188477,1.988891363143921,3.7172532081604004,6.01507043838501,6.30859375,1.2618008852005005
section_00_source_train_normal_0478_n_A.wav,normal,0.03212041035294533,0.39694769618610226,3783.0111040000806,2214.85202546617,6501.397763578275,15.559651054157085,12.979977049807198,20.257062755344084,20.582974583228854,19.068924724314464,16.973073616586255,15.635368947951262,-142.91717529296875,-13.450702667236328,-16.63956069946289,4.363727569580078,1.5749796628952026,-9.27609920501709,-10.414648056030273,-7.095793724060059,-10.558966636657715,-3.370759963989258,7.859562397003174,9.838788986206055,-11.24946403503418
section_00_source_train_normal_0500_n_A.wav,normal,0.032105907797813416,0.4186520317492013,3933.2889739919265,2261.7379716116693,6655.2765575079875,18.548777937104923,13.498206124128034,19.296090700819448,19.068767701632225,20.95308716098902,15.99262935081717,17.712865533228996,-148.78347778320312,-15.22802734375,-12.05388355255127,10.385906219482422,4.393664836883545,-23.20924186706543,-12.04821491241455,-2.0141098499298096,-4.129354476928711,0.04836201295256615,10.54685115814209,11.780838012695312,3.2059056758880615
section_00_source_train_normal_0468_n_A.wav,normal,0.03211966156959534,0.4006511456669329,3856.009317448943,2235.52004713969,6501.397763578275,16.29052717538703,12.968068651169794,18.491257700946623,19.334338383460583,20.945150579916092,16.626717642878805,17.254378269244032,-151.9418182373047,-15.227067947387695,-17.538331985473633,7.534773349761963,6.987908363342285,-20.006729125976562,-12.947245597839355,-5.2954840660095215,-4.277189254760742,7.2154340744018555,8.40064811706543,11.349281311035156,-1.8561159372329712
section_00_source_train_normal_0510_n_A.wav,normal,0.03205958753824234,0.3494081344848243,3724.186291618194,2219.951102494114,6446.036341853035,15.470975635643574,13.005905650356265,18.895963703626613,19.39589319358069,22.081449698561013,16.61704132433712,16.42625841546258,-160.75604248046875,-14.099397659301758,-20.960628509521484,10.666642189025879,8.256307601928711,-25.055261611938477,-17.62100601196289,-5.31660795211792,-3.301701307296753,5.962131500244141,6.997035980224609,10.421592712402344,-3.6922974586486816
section_00_source_train_normal_0199_n_B.wav,normal,0.03170761093497276,0.19127676966853036,2512.2126719731564,2208.7169294188293,5185.003993610224,19.948430274566494,11.844584726478972,13.638777809973819,14.656444144216872,14.292621837257034,14.452223004371469,15.991652872142367,-157.6014862060547,57.536827087402344,12.337400436401367,18.509008407592773,4.300090789794922,9.364090919494629,3.598763942718506,6.485384941101074,1.330580472946167,4.637239933013916,4.229433059692383,6.8697285652160645,3.7160730361938477
section_00_source_train_normal_0189_n_B.wav,normal,0.027568692341446877,0.19182589107428116,2276.699461150588,1985.7029930958379,4618.610223642173,18.980219272156415,12.119448346263553,14.031942991037731,14.620862664943774,16.91428976778398,16.19049267221698,15.068457868227057,-162.46128845214844,62.817386627197266,-14.4498929977417,21.08732032775879,6.960850238800049,6.810141086578369,-1.603955864906311,3.853182077407837,3.0374088287353516,5.472805023193359,-2.476992130279541,4.483001232147217,1.8979912996292114
section_00_source_train_normal_0738_n_C.wav,normal,0.03010804019868374,0.16176617412140576,2220.9762698329173,2132.2986556221663,4905.850638977636,17.764738657972064,11.449162109087036,13.543215350634451,14.691075762037313,15.435255391972294,14.88728021474697,14.44066495933287,-160.34422302246094,68.0843734741211,5.612732887268066,20.993715286254883,5.552131175994873,10.063304901123047,2.0513076782226562,8.293976783752441,-0.1737249791622162,2.0531375408172607,-2.8519275188446045,5.107240676879883,0.7936438322067261
section_00_source_train_normal_0728_n_C.wav,normal,0.032002877444028854,0.1795985797723642,2291.4899638508537,2151.564185627953,4952.3262779552715,17.13291074107171,10.939349542031675,13.152946438253766,14.18150198726269,14.368539989099292,15.679746463868826,15.72038137424971,-137.36709594726562,67.16500854492188,5.667374610900879,18.512601852416992,1.9569318294525146,7.275455951690674,2.5214741230010986,5.120448589324951,0.2959904074668884,0.13362573087215424,-3.8429582118988037,3.5104944705963135,0.8326227068901062
section_00_source_train_normal_0083_n_B.wav,normal,0.03184637799859047,0.1482846196086262,2032.9026352589026,1959.894765608052,4245.582068690096,19.723057740911273,11.432661187614864,13.496022590728812,13.779038135059688,15.85511948611326,15.578673913857456,14.572922091140013,-149.1033935546875,77.03330993652344,-8.163578987121582,22.242733001708984,3.263737678527832,6.160403728485107,-0.4019513428211212,4.759577751159668,4.686966896057129,5.549086570739746,-1.3000999689102173,4.3015666007995605,1.8584781885147095
section_00_source_train_normal_0896_n_C.wav,normal,0.03200116753578186,0.14174664287140576,2058.2920088722644,2116.6880171934476,4715.904552715655,17.374349042769463,11.555833685498218,13.604021188464348,14.274356917773558,14.65066456296597,15.929368162575553,14.38924192951983,-156.76785278320312,76.0232162475586,9.81680679321289,20.461692810058594,5.606760501861572,9.790645599365234,2.300313949584961,6.944880485534668,-0.1855110228061676,4.258127212524414,-2.7701785564422607,4.075952529907227,-1.0578370094299316
section_00_source_train_normal_0604_n_A.wav,normal,0.03208544850349426,0.4164493061102236,3978.359374132727,2343.7690873931224,6802.740615015974,17.65796039079171,14.102590959605838,21.03948903611004,20.046264211089177,20.313638571825553,17.106596897690434,17.342411591927842,-152.55166625976562,-12.449502944946289,-10.110204696655273,2.52522873878479,2.3118324279785156,-18.40028953552246,-12.188847541809082,-13.563667297363281,-1.5311838388442993,1.1271165609359741,14.729926109313965,1.1450402736663818,-0.7147355079650879
section_00_source_train_normal_0093_n_B.wav,normal,0.025587337091565132,0.18825348192891375,2267.4901644063007,1961.8960503162682,4572.958266773163,18.28793588328573,11.92549709234905,13.803665023666435,14.302666976629585,16.58579414635609,15.549239375164758,14.861925703390773,-175.78282165527344,62.41481018066406,-16.22077751159668,20.1695499420166,5.6931986808776855,7.375199794769287,-2.690491199493408,6.094986438751221,3.836595058441162,4.502729892730713,-2.566157102584839,5.509124279022217,2.057887077331543
section_00_source_train_normal_0614_n_A.wav,normal,0.03210059553384781,0.41975651457667734,3970.019847810733,2349.912531016169,6808.381589456869,17.753290857239637,14.236311993590986,21.073235864633965,19.868732501960636,19.982607824894068,17.18638660700085,17.229495663553053,-150.0823974609375,-11.302582740783691,-9.323389053344727,3.3437507152557373,3.079007863998413,-16.994983673095703,-10.073416709899902,-12.278470039367676,-1.6772466897964478,0.9387056827545166,15.78099250793457,3.2173495292663574,0.8617351651191711
section_00_source_train_normal_0886_n_C.wav,normal,0.03191278129816055,0.15899872703674123,2271.1446814543083,2247.1397746266307,5180.785742811501,17.608980909953274,10.943618428300862,13.76411082922489,14.025993847354401,13.872203775129515,14.931396594618572,14.355906503129251,-148.97364807128906,69.3559799194336,14.143925666809082,16.792518615722656,4.3690266609191895,6.893392562866211,2.908784866333008,4.2968292236328125,1.486623764038086,3.216127872467041,0.939238429069519,3.5754971504211426,-1.206366777420044
section_00_source_train_normal_0562_n_A.wav,normal,0.03212577849626541,0.40598167931309903,3938.2537108811434,2349.796985881835,6801.3428514377,17.01453292726825,14.293959778458577,21.454074508053303,20.731634082016562,20.048063911233044,16.6809042420645,16.83602979131175,-150.44287109375,-11.583279609680176,-12.477534294128418,-1.8535263538360596,0.05340634658932686,-16.246074676513672,-11.17647647857666,-15.755169868469238,-3.8445322513580322,-0.3307406008243561,13.125456809997559,1.7390289306640625,-0.15431490540504456
section_00_source_train_normal_0572_n_A.wav,normal,0.032120633870363235,0.40590523911741216,3899.91630248878,2243.777342679807,6631.240015974441,17.196538076154507,13.710858780139379,18.883649020105025,17.055375126562435,21.69228911658408,16.30033988851158,17.324904483477784,-152.10560607910156,-16.193483352661133,-13.410082817077637,11.867433547973633,5.403626441955566,-22.665319442749023,-15.201189041137695,-3.0555856227874756,-0.8695102334022522,-0.06796703487634659,11.59041976928711,11.630714416503906,-2.5463337898254395
section_00_source_train_normal_0337_n_A.wav,normal,0.032106757164001465,0.4031845921525559,3949.8490112549252,2350.390152620637,6810.203674121406,17.887809094624906,13.889418882140806,21.4424734029026,20.458420993187246,20.24831198163813,16.904386258162848,16.873292044455244,-151.2849884033203,-11.782977104187012,-11.061522483825684,1.106927514076233,1.7231016159057617,-16.698503494262695,-10.838248252868652,-14.948975563049316,-2.469982385635376,0.8001075983047485,13.69017219543457,1.3447729349136353,0.23687982559204102
section_00_source_train_normal_0224_n_B.wav,normal,0.030003560706973076,0.10562631040335463,1734.2005048871617,1896.1750718547503,3745.881589456869,22.905534980689573,11.74991968675338,13.041244800157951,14.004989645652,14.526423778760693,15.236129924620053,15.307815603662648,-183.28485107421875,93.83517456054688,-4.110123634338379,18.784940719604492,5.846631050109863,5.775763988494873,2.3653934001922607,3.1301865577697754,2.2161030769348145,2.0719594955444336,-3.7951536178588867,-0.6606637835502625,-3.220445156097412
section_00_source_train_normal_0234_n_B.wav,normal,0.03165965899825096,0.2388771715255591,2742.843677882821,2271.5778401315206,5688.523362619809,18.009639973539908,11.368802416238799,14.17775261016951,14.469552411428799,14.94686203944951,14.329379970939359,15.082353794097044,-131.10775756835938,49.470008850097656,2.5645484924316406,8.716793060302734,6.787001132965088,7.700366973876953,0.9646565318107605,6.013625621795654,0.0037621445953845978,1.9784891605377197,-0.14889901876449585,6.226902961730957,2.7656726837158203
section_00_source_train_normal_0957_n_C.wav,normal,0.03197212517261505,0.12202195237619809,1933.6082951239873,2096.520910826798,4509.185303514377,17.7193728772849,11.146081302799436,13.487668664433071,13.952073290120987,14.13852247822636,15.851742602166599,14.623456307859222,-162.67015075683594,82.82344818115234,10.570002555847168,18.740093231201172,4.929759979248047,7.707968711853027,2.37621808052063,4.892414093017578,0.3798309862613678,2.733280658721924,0.9881333708763123,5.724257469177246,0.027589596807956696
section_00_source_train_normal_0142_n_B.wav,normal,0.030085457488894463,0.10059997753594249,1707.665592400442,1871.2932289423288,3651.1331869009587,22.67968505650753,11.47341389436526,13.39096592618763,13.823573161458306,14.92458558582712,14.977993423449334,15.165719756785803,-187.3056182861328,94.2850341796875,-4.990683078765869,21.302753448486328,6.05963659286499,6.104731559753418,4.173377513885498,4.126864910125732,0.2120646983385086,1.846421480178833,-2.795780897140503,-0.8390869498252869,-0.9520009160041809
section_00_source_train_normal_0947_n_C.wav,normal,0.03203195333480835,0.1516557882388179,2204.8050014783867,2203.361189231432,5052.915335463259,16.843284196016302,11.197562648900718,13.678170821771788,13.95861614305915,15.332781806872761,15.273013798515294,14.608429657155057,-151.2708740234375,70.52809143066406,12.314870834350586,19.22645378112793,7.705602169036865,9.868849754333496,1.1152244806289673,4.371298313140869,-0.21199366450309753,3.7799224853515625,-2.1915619373321533,4.841560363769531,0.7634235620498657
section_00_source_train_normal_0152_n_B.wav,normal,0.02688291110098362,0.10683375349440895,1845.0417910952265,1994.1880558258947,4124.650559105431,20.115648069725847,11.752089703407167,13.48060687375643,13.91274759757548,14.91157677523,14.888654677419783,15.748424597954392,-210.7032928466797,88.01747131347656,1.8136372566223145,19.361705780029297,7.193892955780029,6.964341640472412,2.7606470584869385,4.558382034301758,1.8081448078155518,1.9527771472930908,-0.895696759223938,1.2605493068695068,0.7476821541786194
section_00_source_train_normal_0659_n_A.wav,normal,0.032120127230882645,0.37744920626996803,3779.505670249765,2228.704838841519,6602.061701277955,18.301951177919356,14.239890727311863,17.287188704577815,18.837697139008885,21.01967907353498,17.39078612790973,15.93364306684352,-147.8573760986328,-15.08234977722168,-15.679390907287598,11.126618385314941,3.0973238945007324,-15.493453025817871,-21.507572174072266,-12.679227828979492,4.204439640045166,3.3534703254699707,3.3010265827178955,7.400351047515869,5.443577766418457
section_00_source_train_normal_0649_n_A.wav,normal,0.0321183018386364,0.3958556933905751,3883.977820616233,2243.33909990317,6632.962260383387,15.348088090437066,13.935305497184508,18.821771828245023,19.746388536889974,22.462996965515877,16.144672419985994,17.890285282210677,-157.65480041503906,-15.513075828552246,-16.72903060913086,7.615684986114502,4.28736686706543,-23.12816047668457,-13.052985191345215,-3.4212610721588135,-6.627474784851074,-2.3211729526519775,10.937533378601074,9.56161117553711,-2.71401309967041
section_00_source_train_normal_0707_n_C.wav,normal,0.03191225975751877,0.12267871405750799,1911.4912529226858,2081.975086123842,4547.823482428115,17.64853212833309,11.370746248178252,14.103069060536404,13.592260301101982,14.6114365428574,16.462151862907916,15.039478247669933,-165.3977813720703,83.96204376220703,13.26478099822998,19.365795135498047,4.559864521026611,10.488290786743164,-0.6517834067344666,4.576884746551514,-2.75730037689209,4.309816837310791,-1.9112735986709595,6.979402542114258,-1.8150171041488647
section_00_source_train_normal_0717_n_C.wav,normal,0.031987059861421585,0.1465327351238019,2104.6045299558655,2153.7982667504652,4830.421325878594,16.80704927723034,11.02257862948548,13.613487521850072,13.768962845300145,14.937327370268312,15.744050059147616,14.616677564120428,-152.7478790283203,75.7451400756836,10.264924049377441,17.735347747802734,6.611875534057617,8.326247215270996,-0.47509098052978516,4.070103645324707,0.02317768707871437,3.220114231109619,-0.6989282369613647,4.5431928634643555,0.44353264570236206
section_00_source_train_normal_0447_n_A.wav,normal,0.032113317400217056,0.4052406774161342,3854.719932788951,2225.193679838042,6484.899161341853,16.055807861783865,13.01657655448881,18.12805803489332,19.593798446629307,21.120370444776697,16.785700821905113,17.537015211494484,-153.48968505859375,-15.50394344329834,-17.745439529418945,8.241935729980469,8.88088321685791,-18.552574157714844,-12.910343170166016,-4.679678440093994,-6.584023475646973,6.927966117858887,8.868599891662598,10.424118041992188,-3.0821692943573
section_00_source_train_normal_0457_n_A.wav,normal,0.03211197629570961,0.3859293879792332,3811.342106521324,2219.20736727733,6478.309704472844,16.299833425742886,13.262086556050843,18.81538242734452,19.361914737610885,21.377550891155376,16.63857673155016,17.1875416216902,-153.65379333496094,-16.428543090820312,-19.468463897705078,10.826875686645508,5.30532169342041,-22.523971557617188,-12.810197830200195,-5.19059419631958,-5.31520414352417,5.61965799331665,9.945679664611816,12.615442276000977,-3.3402037620544434
section_00_source_train_normal_0301_n_B.wav,normal,0.030644072219729424,0.15842464556709265,2072.642237232501,1957.820376857419,4324.630591054313,19.10962008510333,11.977630822583743,14.316886891377038,14.394191726836386,16.221972724384383,15.348711272076459,14.380883574479014,-155.6953582763672,74.93917083740234,-8.146259307861328,21.119911193847656,3.5426154136657715,5.360177516937256,-2.6491827964782715,5.895100116729736,5.251015663146973,6.54825496673584,0.40556204319000244,4.805260181427002,1.032699704170227
section_00_source_train_normal_0279_n_B.wav,normal,0.031779944896698,0.24862095646964857,2793.866229817684,2194.3651873302615,5490.615015974441,19.636289050865237,11.599750240184578,13.41343459132609,14.09791913096978,15.042141664844094,15.495344303212852,15.182661438902642,-130.7017822265625,40.61347579956055,0.4056224226951599,22.33523178100586,1.1229199171066284,5.789158821105957,3.893900156021118,7.8621697425842285,2.7772531509399414,1.158482551574707,2.8090710639953613,5.172137260437012,-0.82872074842453
section_00_source_train_normal_0586_n_A.wav,normal,0.03209987282752991,0.40695824181309903,3942.8945074505427,2346.978920173334,6816.793130990415,16.31836587127795,14.311173215401388,21.791291045864174,20.214192414270396,20.172298187719754,16.922580846524426,16.560713650767365,-150.94985961914062,-12.527861595153809,-13.138880729675293,-1.7682406902313232,0.11665815860033035,-17.116043090820312,-11.898693084716797,-15.48038101196289,-4.44924259185791,0.12551085650920868,13.539249420166016,1.0582729578018188,0.2943616509437561
section_00_source_train_normal_0311_n_B.wav,normal,0.0320061519742012,0.13234761880990414,2090.061355627461,2057.594604696512,4561.102236421725,19.297048576199703,11.771440910728588,13.382663062245426,13.809634429413249,14.343833451905997,14.718033335371778,14.477299192359293,-153.6764373779297,74.84537506103516,-2.0459611415863037,17.963167190551758,4.00180196762085,8.3637113571167,2.421703815460205,7.223479270935059,2.472835063934326,4.488802909851074,2.686650276184082,5.802270412445068,0.13307788968086243
section_00_source_train_normal_0269_n_B.wav,normal,0.03198762238025665,0.17067535692891375,2419.7544809145184,2237.565179444474,5232.25339456869,19.07586731286496,11.651704656701492,14.13472883608549,15.036452862332412,14.072148558543358,14.83344839439874,15.747146673204774,-148.52256774902344,60.9776611328125,11.511016845703125,19.078678131103516,0.7996909022331238,6.361936569213867,2.76947021484375,5.224122524261475,3.4371652603149414,4.978536605834961,4.431107997894287,4.082338333129883,3.567729949951172
section_00_source_train_normal_0596_n_A.wav,normal,0.03212360292673111,0.35046737719648563,3762.6151984643084,2208.8575163636433,6456.993809904154,15.676995142067208,13.369069854100239,18.39555767596842,18.80283091134792,22.51068740570694,16.672322727346334,17.28954348975212,-165.3179473876953,-15.168915748596191,-20.75811195373535,11.980058670043945,8.828095436096191,-24.446889877319336,-13.70449161529541,-0.7955816388130188,-4.931216239929199,2.6677870750427246,7.797510147094727,12.824627876281738,-4.137326717376709
section_00_source_train_normal_0067_n_B.wav,normal,0.03201749920845032,0.1553639177316294,2248.390275594729,2127.7361997982343,4950.703873801917,19.487147245968185,11.612124705402136,13.24691602891979,13.405040134570346,14.147468366730177,14.154449230111508,14.63310200609205,-143.435546875,68.88568115234375,-1.0378196239471436,14.788658142089844,4.972615718841553,8.757745742797852,1.1235888004302979,6.134701728820801,0.5043622851371765,5.658865451812744,1.1227366924285889,3.2920241355895996,0.9749323129653931
section_00_source_train_normal_0872_n_C.wav,normal,0.03199341520667076,0.20574268670127796,2479.6978486094667,2220.439215897015,5259.010583067093,18.177678482939125,11.389585544565602,13.172962732490657,14.317558742661875,14.456691785347028,15.648129356093445,15.342503299447674,-132.21055603027344,59.99905014038086,8.492471694946289,15.912521362304688,0.06212608516216278,9.574677467346191,4.037179470062256,5.940489768981934,-1.8986384868621826,-0.7973394989967346,-2.1166765689849854,2.8694260120391846,0.27033236622810364
section_00_source_train_normal_0077_n_B.wav,normal,0.031926896423101425,0.15883336661341854,2115.2532237030546,1985.103434213118,4432.333266773163,18.890547023050207,12.08742412614031,13.58537735113097,14.090185029512524,15.100719073901358,15.20510650746073,14.717402908754105,-142.3280792236328,72.74357604980469,-12.531844139099121,18.12912368774414,7.523128509521484,8.490904808044434,2.1080057621002197,6.027754783630371,2.458026647567749,5.07899808883667,-2.3056163787841797,4.962822914123535,3.051746129989624
section_00_source_train_normal_0862_n_C.wav,normal,0.03176114335656166,0.14012579872204473,2167.17617333063,2203.6682960167523,5041.85802715655,18.4067947847624,11.278604639958685,13.592653170319947,13.806536485907092,14.375201802777083,14.154731161250506,14.501876275939377,-159.917236328125,72.34000396728516,13.233819961547852,18.694656372070312,7.147470474243164,8.7703275680542,0.1718551367521286,7.931033611297607,-0.25905460119247437,4.08587646484375,-0.8650998473167419,2.929185152053833,0.3340799808502197
section_00_source_train_normal_0005_n_B.wav,normal,0.032020751386880875,0.14237064446884984,2064.964470574451,2063.274878708297,4552.715654952077,18.466455792483107,11.899725952477182,13.698956211569762,14.076875717145834,15.263148676593818,14.648666203671652,14.033991371262022,-147.62315368652344,78.14529418945312,-1.6564098596572876,15.79840087890625,4.789436340332031,6.076656818389893,2.4479589462280273,6.35040283203125,2.3270208835601807,3.763559103012085,1.9915989637374878,3.96276593208313,0.78028804063797
section_00_source_train_normal_0968_n_C.wav,normal,0.03201819956302643,0.18502583366613418,2308.247673434599,2161.1093057461994,4996.6553514377,17.702228092042414,11.26223362212111,13.546956343981243,14.954923904392968,14.923786273337917,15.681589831446551,16.06229983463918,-136.777587890625,66.62744903564453,5.869036674499512,17.796424865722656,2.309774875640869,6.861410140991211,2.7914113998413086,5.322402000427246,1.0396567583084106,-0.9751928448677063,-3.8983516693115234,5.231907367706299,1.1512508392333984
section_00_source_train_normal_0810_n_C.wav,normal,0.03200250864028931,0.12762080670926518,1978.112246531012,2094.268944569574,4575.104832268371,16.82523865624684,11.006156199932667,14.15399621483574,13.927232991886068,14.907057533977532,15.107802476532655,14.444417226937516,-159.2254638671875,80.22520446777344,11.011658668518066,20.389942169189453,4.105584144592285,10.353178024291992,-0.04964017495512962,5.11231803894043,0.6948385238647461,2.4962828159332275,-2.3178744316101074,4.091797351837158,0.3876226842403412
section_00_source_train_normal_0978_n_C.wav,normal,0.031655970960855484,0.14776201827076677,2053.3850729255373,2048.7067944276528,4516.199081469648,17.588261858403563,11.412161718486646,14.086639592055853,14.606224310610733,15.409029114779692,15.523207988328023,14.607176778339344,-154.79444885253906,75.90138244628906,3.1568682193756104,21.752477645874023,6.300747394561768,9.799712181091309,1.5357136726379395,6.2042460441589355,-0.10260408371686935,0.4663444757461548,-2.136622428894043,4.996317386627197,-0.1878679245710373
section_00_source_train_normal_0015_n_B.wav,normal,0.031933512538671494,0.14200872354233227,1961.6267238537828,1964.5796611949484,4302.6407747603835,18.406926740450253,11.585324806154727,14.461678648966295,15.592305913030122,15.102680478256469,15.527114985901186,15.381092714817283,-147.48451232910156,85.04766845703125,-7.034200191497803,5.683567047119141,-1.697196364402771,12.369665145874023,2.3071603775024414,5.7732744216918945,1.3522545099258423,7.323989391326904,0.8049960136413574,1.0256168842315674,-2.579803943634033
section_00_source_train_normal_0800_n_C.wav,normal,0.03202931210398674,0.12566456170127796,1905.639457984871,2049.8859498640486,4399.435902555911,17.509304087659025,11.112964184543706,13.810849442169392,14.030898941186564,14.630349833539437,16.090662069000746,14.357177243306557,-160.72125244140625,83.42655181884766,7.277693271636963,19.99500846862793,7.359371662139893,10.394244194030762,1.062422275543213,3.673902988433838,-1.1962411403656006,3.4402401447296143,-1.1966804265975952,5.208111763000488,-1.6658767461776733
section_00_source_train_normal_0425_n_A.wav,normal,0.03211957961320877,0.4035215530151757,3950.5106103639414,2347.818871490778,6817.342252396166,15.09843691382976,14.043543619878886,21.781142376824295,20.974399107009297,20.23443429330632,16.845308173040067,16.75083562730515,-151.43162536621094,-12.338923454284668,-12.632439613342285,-1.284748911857605,0.27880430221557617,-17.391782760620117,-11.813252449035645,-15.950126647949219,-4.042754173278809,-0.011036829091608524,13.203204154968262,0.31339073181152344,-1.3024400472640991
section_00_source_train_normal_0435_n_A.wav,normal,0.03210390731692314,0.3370653828873802,3654.003259676312,2336.0839053957106,6749.276158146965,15.479721580553331,13.170028762066986,20.280451094230973,21.342143449072037,21.976237867586885,16.758375921882962,16.446114331884043,-160.59048461914062,-7.634873867034912,-17.74334144592285,8.511275291442871,4.4144110679626465,-33.332401275634766,-22.838520050048828,-6.270920276641846,4.330685138702393,5.409149646759033,18.65467643737793,-0.6153790950775146,-6.801756381988525
section_00_source_train_normal_0765_n_C.wav,normal,0.031859125941991806,0.16397825978434505,2201.3217452820727,2131.4536622913074,4855.006988817891,15.589153913772515,11.036964729677807,13.68933058946114,14.045085530428157,14.555814558935136,15.43807371019107,15.174181105915359,-144.28683471679688,71.13392639160156,6.382472991943359,18.793222427368164,3.6380491256713867,9.156864166259766,1.8064740896224976,5.491556167602539,-0.4855090379714966,1.0595788955688477,-4.427265644073486,3.7642526626586914,0.46942996978759766
section_00_source_train_normal_0775_n_C.wav,normal,0.03161141648888588,0.15204578923722045,2048.886489911302,2058.186361664546,4547.049720447284,16.711395533714914,11.52441383806902,13.735181937535984,13.901788418675013,17.951512698139318,15.90464242297655,14.41641143905049,-156.221923828125,76.02287292480469,4.491304397583008,22.969505310058594,6.2321014404296875,7.788649082183838,-0.8691214323043823,5.372659206390381,1.3095487356185913,3.1542327404022217,-2.389458417892456,4.154019832611084,0.6392808556556702
section_00_source_train_normal_0511_n_A.wav,normal,0.03211259841918945,0.3974936975838658,3754.443907652751,2238.1875855763637,6492.711661341853,15.118795616773482,13.614761158726605,17.846004410966355,16.691687340718,20.402043127094682,16.353439672863335,16.607718429941627,-141.10057067871094,-8.553666114807129,-14.045842170715332,9.00146484375,-1.0723434686660767,-23.289569854736328,-14.777565002441406,-2.160543918609619,-6.1226325035095215,1.6177301406860352,8.338826179504395,4.0822978019714355,-3.9082400798797607
section_00_source_train_normal_0469_n_A.wav,normal,0.032133497297763824,0.46011849790335463,4020.652673784436,2275.6065760521215,6693.789936102236,16.08119840577891,14.046980360399106,18.47879441646279,17.038766470468456,19.427172638469102,16.832527301787163,17.95064107594239,-144.70663452148438,-16.121482849121094,-8.493795394897461,6.93409538269043,0.6699709892272949,-19.595333099365234,-16.398990631103516,-13.792363166809082,0.874164342880249,4.347895622253418,7.092123508453369,9.8309965133667,1.509376049041748
section_00_source_train_normal_0501_n_A.wav,normal,0.03208218142390251,0.39261868510383385,3847.1442347541124,2233.184270719076,6497.379193290735,16.178181363212182,13.64112713423498,19.116315595892836,19.285708924067688,21.08165377009265,16.618961952990542,17.165120606646575,-154.7193145751953,-17.013736724853516,-17.730194091796875,9.227507591247559,6.406418323516846,-21.84467315673828,-14.433771133422852,-5.660295009613037,-3.2446086406707764,7.629491806030273,9.401750564575195,12.617643356323242,-3.0205490589141846
section_00_source_train_normal_0479_n_A.wav,normal,0.032113753259181976,0.4004998252795527,3925.839494606137,2347.707320222409,6799.8202875399365,15.834260532680382,14.12953220761111,21.243372697030146,20.578415876867272,20.30653776413101,16.69510757469036,16.650939227449435,-151.40927124023438,-11.454850196838379,-13.111735343933105,-2.1036393642425537,0.5004550218582153,-17.562883377075195,-11.873746871948242,-15.061744689941406,-5.405743598937988,-0.14271020889282227,13.355478286743164,0.4901410639286041,-0.4196554124355316
section_00_source_train_normal_0344_n_A.wav,normal,0.03208434209227562,0.3508168180910543,3724.528620952434,2235.6013291628733,6458.441493610224,18.86486004247114,13.585005796032169,18.985478550836287,19.088973743703725,22.121948395195965,16.745764728499175,16.16059999243045,-159.16094970703125,-12.163847923278809,-18.069320678710938,12.823261260986328,10.856084823608398,-22.702171325683594,-15.729225158691406,-2.9719479084014893,-0.3949439823627472,7.619962692260742,9.852253913879395,11.663429260253906,-2.366321563720703
section_00_source_train_normal_0354_n_A.wav,normal,0.03213020786643028,0.3688754243210863,3746.6259431745693,2248.4323435136316,6598.66713258786,17.88376990914447,13.817999869363899,17.98407512436145,19.159266709745474,21.497652429448106,16.862388485173145,16.341455259552617,-149.02346801757812,-11.531648635864258,-15.01692008972168,10.396210670471191,6.4938483238220215,-14.586101531982422,-20.072818756103516,-11.762012481689453,3.006382703781128,4.54176139831543,6.559253692626953,7.010622024536133,3.3667232990264893
section_00_source_train_normal_0729_n_C.wav,normal,0.028869926929473877,0.1309077351238019,1884.7950183897092,1972.9743136988902,4227.585862619809,17.125128618334504,11.170268315184583,13.15506977776402,14.584981548396543,15.18749875990645,16.392530369143568,14.375327603028282,-179.04998779296875,82.79893493652344,2.905797243118286,22.588665008544922,4.113112926483154,10.380888938903809,0.8907461166381836,7.091127395629883,-0.6499914526939392,3.879650831222534,-3.1677987575531006,5.187623023986816,-0.9370821118354797
section_00_source_train_normal_0739_n_C.wav,normal,0.032028716057538986,0.1254087210463259,1950.7454360612742,2098.5774304721276,4588.857827476038,17.027705260965764,11.568370644876122,14.043742736904195,13.96151779136156,14.401803271864956,16.356543544583243,14.467906779645471,-164.25228881835938,80.84197998046875,12.884156227111816,20.098461151123047,3.763193368911743,9.706658363342285,0.6102367639541626,6.790528774261475,0.586768627166748,4.817686080932617,-1.851267695426941,6.338866710662842,-0.8219704031944275
section_00_source_train_normal_0188_n_B.wav,normal,0.030727362260222435,0.15950884834265175,2235.453834658198,2115.446752857577,4831.02036741214,20.10087636581564,11.326611198745178,13.728151384452685,13.832411119937813,14.263221020684872,14.978551399377425,14.424055147327719,-154.01116943359375,69.06073760986328,-0.13713707029819489,17.017244338989258,3.4125618934631348,7.331811428070068,2.423172950744629,4.489721298217773,2.225076675415039,2.8913066387176514,0.8327667713165283,3.866647243499756,3.350318670272827
section_00_source_train_normal_0198_n_B.wav,normal,0.03193937987089157,0.22437069438897764,2580.895363775924,2119.3226979867804,5176.243011182109,20.043260486030942,11.395555328825143,13.29569396345082,14.57182189887347,14.558277799516082,14.894908421481102,14.632038810128446,-127.60333251953125,50.839969635009766,-6.216457366943359,16.60273551940918,-2.9933154582977295,3.9644622802734375,1.8154993057250977,12.057549476623535,7.314657688140869,4.635768890380859,-0.24021634459495544,3.822230577468872,0.2101382464170456
section_00_source_train_normal_0790_n_C.wav,normal,0.032029155641794205,0.12243067342252396,1864.4030397657725,2015.5566672156417,4269.294129392972,16.603239018916046,11.301175148908387,13.440829610049368,14.58627199346162,15.15361450211978,15.415776694354038,14.265880773156404,-160.55943298339844,85.87996673583984,5.195172309875488,17.889039993286133,5.6098527908325195,11.955388069152832,1.0017017126083374,4.849679470062256,0.18932081758975983,3.4434127807617188,-1.1544222831726074,6.054299354553223,-0.42790675163269043
section_00_source_train_normal_0780_n_C.wav,normal,0.03167176619172096,0.1156758561301917,1885.9866623297012,2047.8934378676367,4354.108426517572,20.168925569385905,11.090782025955637,13.942300953653458,14.391752453947213,16.159786190790747,15.96323840145846,14.47029367103734,-175.111083984375,84.19029235839844,8.085691452026367,18.514225006103516,4.147520065307617,8.472755432128906,1.675601601600647,4.223101615905762,0.916085422039032,5.742969989776611,-2.1724720001220703,7.455060005187988,3.460289239883423
section_00_source_train_normal_0131_n_B.wav,normal,0.031560610979795456,0.13264089956070288,2037.1449264768435,2028.5932041333845,4412.814496805112,20.44950352437913,11.188170159863805,13.21515971076989,13.882482071414229,13.830780447902638,15.193678613946858,14.424217701027146,-160.31784057617188,76.43738555908203,-0.708193838596344,22.244043350219727,2.004826545715332,8.64270305633545,3.5242207050323486,5.479495048522949,3.157111406326294,5.37550687789917,0.04163934662938118,3.7485058307647705,-0.05254819244146347
section_00_source_train_normal_0049_n_B.wav,normal,0.029945623129606247,0.17817273612220447,2225.838487591191,1986.5191722677234,4568.2657747603835,18.027044079646195,12.151979794984108,14.220780608458364,14.380253909397927,15.204457058466739,15.499087130047288,14.73822867784784,-154.96395874023438,66.6333999633789,-8.90904426574707,20.031801223754883,2.4398627281188965,9.292608261108398,-0.37693488597869873,6.379888534545898,1.7285830974578857,3.7104551792144775,0.08103862404823303,5.571352005004883,2.573530673980713
section_00_source_train_normal_0924_n_C.wav,normal,0.03209441155195236,0.13629598891773162,2068.9884576749982,2157.6809618912457,4785.293530351438,16.708358719535877,11.310674328070329,13.757283526568678,14.211199182041781,14.626639089538102,14.72765157355517,14.555243188302782,-154.5223846435547,77.66258239746094,10.813547134399414,15.952672958374023,5.6451263427734375,10.829828262329102,2.170055627822876,3.158785104751587,0.3862341344356537,2.0752718448638916,0.6549069881439209,4.840301036834717,1.5804001092910767
section_00_source_train_normal_0121_n_B.wav,normal,0.03207874670624733,0.23079635083865815,2657.40215789461,2230.3690450037416,5429.91214057508,17.752201590757707,12.263800787809755,13.323826319584661,14.277215236759144,13.9470628677634,15.314562217889103,15.313166742141961,-127.41653442382812,52.16523361206055,4.754631042480469,14.487456321716309,1.0140678882598877,10.518342018127441,4.390681743621826,7.3721232414245605,-4.031768321990967,-1.1326873302459717,1.4477545022964478,3.118159294128418,3.212993621826172
section_00_source_train_normal_0934_n_C.wav,normal,0.03179633617401123,0.1498399435902556,2090.943650064568,2093.2949744049465,4626.722244408946,17.622281944048275,11.233918999643453,13.764947810657285,14.496858913894485,15.98448576824624,15.410419589335545,15.326028202225077,-154.98660278320312,74.93585205078125,5.88651180267334,20.345979690551758,7.481343746185303,10.187313079833984,1.5562584400177002,3.8386707305908203,1.6152255535125732,1.9588907957077026,-1.666370153427124,3.825105905532837,1.235427975654602
section_00_source_train_normal_0059_n_B.wav,normal,0.0284669641405344,0.17510420826677317,2227.426572976703,1994.1437798239508,4615.615015974441,18.81408979691718,11.80607373337727,13.826714153311203,14.10544868323078,14.907864762979965,14.979148604140118,14.637290001548184,-161.0994110107422,66.92276000976562,-10.706025123596191,16.367345809936523,2.37361478805542,9.375321388244629,0.40740159153938293,6.6314826011657715,0.13956387341022491,5.568844318389893,-0.33997631072998047,3.328444719314575,1.5095945596694946
section_00_source_train_normal_0257_n_B.wav,normal,0.02728796750307083,0.13373758236821087,2017.4029978293593,2011.0134103956677,4292.432108626198,21.409178378192333,11.647874101131226,13.79649437723968,14.594355462901886,14.740639332935855,15.04846629111757,14.928536031845685,-194.6870574951172,79.47964477539062,-0.6694907546043396,19.411865234375,2.7223072052001953,6.321269512176514,1.1615471839904785,4.210320472717285,4.397897720336914,2.5776312351226807,0.2779107987880707,1.2554099559783936,-0.4434851408004761
section_00_source_train_normal_0247_n_B.wav,normal,0.029967177659273148,0.17896209814297126,2326.3412733499076,2079.5108223217035,4856.379792332268,19.227886508511155,12.196905985473855,14.559522563028294,14.671575098934047,15.30174963762199,14.928543544522906,14.709530403392113,-155.522216796875,62.693058013916016,-2.1844167709350586,18.70307731628418,2.490504741668701,9.876518249511719,-1.5146738290786743,4.763947010040283,1.9276458024978638,2.410865545272827,0.5454772114753723,6.067512512207031,0.8619388937950134
section_00_source_train_normal_0235_n_B.wav,normal,0.029552264139056206,0.09896041333865814,1703.7253667861785,1897.9666937300542,3829.672523961661,20.67384913020694,11.605888406811717,13.531211450699345,14.41600032063646,15.898112319197299,14.875729231441685,14.576147190533739,-189.77273559570312,94.6170883178711,-0.26770520210266113,18.544578552246094,4.157337665557861,9.06363296508789,0.06302443891763687,8.085577011108398,4.1927900314331055,2.5702738761901855,0.14759063720703125,2.7661309242248535,1.046628713607788
section_00_source_train_normal_0225_n_B.wav,normal,0.03187188133597374,0.22473885533146964,2567.880870029086,2121.315613798914,5135.408346645368,18.432249487240952,11.994762954272074,13.637272666516372,15.086176870967607,14.550467649738897,15.132595177770119,15.299832858109761,-125.79108428955078,51.98390579223633,-8.6068754196167,13.394092559814453,-3.049729347229004,3.880145788192749,5.842108249664307,14.64554500579834,6.084437370300293,-0.18926821649074554,-1.2833671569824219,2.696566104888916,1.8384262323379517
section_00_source_train_normal_0153_n_B.wav,normal,0.03202410414814949,0.12906849041533547,2020.2414780106944,2068.1319480753004,4522.938298722045,17.23614144966817,11.919557638779523,13.488539453064947,14.066021493624222,15.210796273177504,14.911167120812683,14.64332449016582,-154.5923309326172,78.8676986694336,1.9850904941558838,18.490646362304688,4.646854877471924,7.01244592666626,2.8984017372131348,5.795185565948486,2.517772674560547,2.696368932723999,-0.7158662676811218,6.909351348876953,0.8829317688941956
section_00_source_train_normal_0946_n_C.wav,normal,0.03199605643749237,0.15373527356230032,2136.8863109038703,2135.896311239768,4829.697484025559,16.980646465956333,11.21936978338451,13.973017573794133,14.816311842461905,15.788516575892015,15.782432191090225,14.642115128284983,-150.32510375976562,73.80535888671875,5.956974983215332,17.18979835510254,8.205134391784668,9.848539352416992,1.7982051372528076,5.7093000411987305,-0.44846487045288086,1.3531216382980347,-2.856793165206909,8.054166793823242,1.5423710346221924
section_00_source_train_normal_0143_n_B.wav,normal,0.03206649795174599,0.21263946435702874,2472.979188209558,2109.41827412095,5016.648362619809,19.23760653215508,11.631606775271603,13.663370387147044,15.868952028956643,15.082896531993017,15.055334546950695,15.328633987962121,-126.04208374023438,57.527469635009766,-10.043726921081543,9.914887428283691,-3.523707389831543,1.8694483041763306,6.504892826080322,17.333030700683594,5.57246208190918,-1.8646124601364136,0.0025871447287499905,2.3808586597442627,2.0388035774230957
section_00_source_train_normal_0956_n_C.wav,normal,0.03178897500038147,0.1269827650758786,1937.7804685159522,2078.0328378575687,4561.05231629393,16.537438274329936,11.463242746022983,13.464039632802502,13.983611050272163,14.530073815570068,16.13743384857094,14.7689834943195,-162.1784210205078,83.22399139404297,10.645723342895508,16.982107162475586,3.3158040046691895,9.771265983581543,-0.286891371011734,7.034468173980713,-0.5767849087715149,5.832494735717773,-1.5565544366836548,6.849145889282227,-1.7446650266647339
section_00_source_train_normal_0615_n_A.wav,normal,0.032116301357746124,0.47423185403354634,4054.7454434412653,2282.996849177467,6712.360223642173,16.663870989648824,13.650642015247952,19.172693138118206,17.385790606555954,19.053175271299896,16.60312135428719,18.08598105551908,-144.0489501953125,-15.394200325012207,-5.526346683502197,6.292326927185059,1.4068927764892578,-16.28757095336914,-15.637290000915527,-15.338920593261719,1.5826525688171387,6.0170416831970215,6.248347282409668,10.493256568908691,3.8763766288757324
section_00_source_train_normal_0887_n_C.wav,normal,0.03205974027514458,0.13978883785942492,2049.8503804778875,2126.9542032881714,4751.223043130991,17.491311981790243,11.80814069505621,13.88341034254331,13.715531957017078,14.572882457388676,16.589121322380443,14.83197303755026,-158.62509155273438,76.40949249267578,12.428762435913086,20.591821670532227,4.129378318786621,10.013465881347656,-0.5589699745178223,6.769975662231445,0.40358299016952515,5.911072254180908,-1.668874740600586,6.531987190246582,-1.9711270332336426
section_00_source_train_normal_0092_n_B.wav,normal,0.03208832070231438,0.16225757537939298,2088.008977785483,1973.2952777355652,4384.834265175718,17.720170890792023,12.943787308513187,13.911882826096,14.186955748951034,16.908466771819644,15.31256272332425,14.408428858293377,-140.2823486328125,74.82335662841797,-10.895087242126465,20.36052703857422,8.24320125579834,5.8183369636535645,-2.6882877349853516,3.5588979721069336,3.748443603515625,6.262022018432617,-1.952203392982483,5.021739959716797,1.1952415704727173
section_00_source_train_normal_0897_n_C.wav,normal,0.031708989292383194,0.13477498502396165,2069.1667086013,2129.8983279122335,4760.008985623003,18.05398888758261,11.250366755628319,13.801883873606915,13.97221443440833,14.406147210857291,14.67472063779387,14.441687987146311,-159.49571228027344,76.27351379394531,9.814360618591309,20.323444366455078,6.231186866760254,8.41932487487793,0.688998818397522,7.190284729003906,0.4916236698627472,4.805643081665039,-1.145193099975586,3.639193296432495,-0.3378056585788727
section_00_source_train_normal_0605_n_A.wav,normal,0.03210369497537613,0.4143214606629393,3951.5878568893067,2352.712606628615,6810.702875399361,18.433375925913452,14.052122801269292,21.05035116511562,19.93898445064057,20.14423757448137,17.026811427787578,17.038731527290018,-149.76531982421875,-10.981743812561035,-10.07476806640625,1.3963021039962769,1.9360932111740112,-17.190603256225586,-10.468900680541992,-13.336307525634766,-3.8678081035614014,0.4676499664783478,15.378874778747559,2.2023117542266846,0.8213717341423035
section_00_source_train_normal_0082_n_B.wav,normal,0.03169462829828262,0.13138041633386582,2289.144921473453,2272.550991738976,5199.830271565495,19.73693792811119,11.577800478369996,13.767298362388706,14.37738618859375,14.16392731317996,14.54291288973393,15.593781676569215,-166.4198760986328,66.08560943603516,14.383508682250977,19.11957550048828,5.9922871589660645,9.026203155517578,5.872200012207031,4.212112903594971,3.606839179992676,2.2438650131225586,2.363002300262451,5.35913610458374,1.3021306991577148
section_00_source_train_normal_0336_n_A.wav,normal,0.03212197870016098,0.3728955546126198,3770.1576879773374,2236.949670363228,6607.802515974441,15.965864997291913,14.014116504497682,17.363616490376565,18.875833338418516,21.428502579668642,16.849204814353932,16.195600302793824,-148.3906707763672,-14.498934745788574,-17.242206573486328,9.476448059082031,4.675767421722412,-16.85346221923828,-23.149200439453125,-13.223691940307617,2.234527826309204,2.7675676345825195,4.13729190826416,6.016561985015869,1.4476333856582642
section_00_source_train_normal_0573_n_A.wav,normal,0.03211934119462967,0.4137972993210863,3966.129256488052,2265.176631816494,6673.9217252396165,15.932991682951549,13.556065404106969,18.225541183675304,18.084564416319033,21.94516517816569,15.856181577150808,18.120953361464593,-155.44638061523438,-16.273452758789062,-13.124011039733887,9.938835144042969,6.5412821769714355,-26.0689640045166,-14.601668357849121,-3.5529356002807617,-6.182092189788818,-1.0690861940383911,9.590977668762207,10.03876781463623,-1.5892353057861328
section_00_source_train_normal_0563_n_A.wav,normal,0.03212128207087517,0.4076384035543131,3948.8953082345474,2346.795355235595,6807.657747603834,15.176362505550054,14.101785752760055,21.23688482173356,19.849180932499763,20.15329492813859,16.904214216100776,16.68829087379925,-150.3505859375,-12.472038269042969,-12.720148086547852,-1.6526719331741333,-0.5952968597412109,-17.991901397705078,-12.076345443725586,-15.98331069946289,-5.2514142990112305,-0.7002344727516174,12.453787803649902,1.4167611598968506,-0.1238737627863884
section_00_source_train_normal_0597_n_A.wav,normal,0.0321059413254261,0.4196925544129393,3988.9682304723597,2351.5296234573884,6828.125,17.352482477075196,14.110077776515142,21.211472983029378,19.48204203890599,19.98675965787226,16.991729895680653,16.86929727468949,-150.3533477783203,-12.698871612548828,-10.143437385559082,0.7053475379943848,1.2766433954238892,-18.248218536376953,-11.009360313415527,-13.742265701293945,-5.015853404998779,-0.6754973530769348,13.7030611038208,2.1366207599639893,0.7649282813072205
section_00_source_train_normal_0268_n_B.wav,normal,0.03185323625802994,0.12170839157348243,1965.4187581815706,2029.3866244876808,4427.2913338658145,19.497280445336294,11.712077604884819,14.054163251836348,14.34486096204742,16.744832423007168,14.679639528271847,14.609922377218032,-164.4008026123047,81.30714416503906,-0.5585163235664368,15.940255165100098,7.876264572143555,8.817215919494629,-1.597752571105957,8.20944881439209,3.6848483085632324,5.182245254516602,-0.5361250042915344,5.71237850189209,1.621510624885559
section_00_source_train_normal_0310_n_B.wav,normal,0.030522184446454048,0.13389826277955272,2027.52233388333,2038.621210556493,4500.998402555911,19.752481192534194,11.455298550246559,13.320103707753155,14.053690517187553,14.798767673239626,14.987643589139532,14.43739186023736,-163.8043670654297,79.0913314819336,2.0700905323028564,17.2933292388916,-0.3598962724208832,9.14161491394043,-0.5637274384498596,6.721566677093506,2.0906498432159424,3.3972854614257812,0.7194353342056274,3.967557430267334,1.198944330215454
section_00_source_train_normal_0587_n_A.wav,normal,0.032094914466142654,0.3256820337460064,3652.443934055465,2211.359289386059,6410.792731629393,15.674889883711796,13.357609464389649,19.125492944671826,19.8373876584276,22.94700086147376,16.5981087517858,16.46987905579184,-168.12522888183594,-12.570721626281738,-21.728017807006836,10.748250007629395,8.28039836883545,-24.142093658447266,-19.265949249267578,-4.7060346603393555,-2.7203829288482666,6.448746204376221,7.967642307281494,8.519405364990234,-3.850564956665039
section_00_source_train_normal_0278_n_B.wav,normal,0.025230374187231064,0.15955252845447285,2086.9497566876794,1920.8607269897336,4268.769968051118,19.2560704522074,12.78993237882169,14.356566776173972,14.256963541170931,16.41200213632177,15.325880828504358,14.582417346239282,-192.6227569580078,71.47230529785156,-13.95401382446289,22.08989906311035,6.064230918884277,7.870218753814697,-2.263807535171509,5.254367351531982,2.5600976943969727,7.876684665679932,1.289712905883789,3.036733388900757,2.3771543502807617
section_00_source_train_normal_0300_n_B.wav,normal,0.03188709542155266,0.1177366214057508,2015.9239635901508,2095.126785826952,4615.215654952077,20.345308529205642,11.831758905050359,14.897484973764936,15.483871064084369,15.09915755603653,15.046006434557025,14.93989790539396,-169.65943908691406,79.13738250732422,6.975329399108887,17.08187484741211,4.350054740905762,6.797564506530762,2.2893593311309814,7.618783950805664,1.1047413349151611,3.8473472595214844,0.7958439588546753,8.002034187316895,1.118065595626831
section_00_source_train_normal_0863_n_C.wav,normal,0.03194497525691986,0.18172642521964857,2313.8281795289113,2181.270381981388,5038.663138977636,17.124230893564924,11.342604077087465,13.678537317510033,14.618033983128747,14.92672025079212,15.617079450746425,15.44130297554616,-137.83010864257812,67.01262664794922,6.930922031402588,15.779672622680664,1.759739875793457,8.091543197631836,4.257774829864502,5.144993782043457,-1.455233097076416,-1.6766679286956787,-1.6900711059570312,3.9656951427459717,1.227924108505249
section_00_source_train_normal_0076_n_B.wav,normal,0.028944235295057297,0.1897417257388179,2372.8524781388696,2060.4821900188604,4846.770167731629,17.590687015059903,11.383587608032336,13.843286315020013,14.154681612991775,14.527767922521383,14.957272876839369,14.753253917855568,-153.90631103515625,59.33588790893555,-11.760876655578613,13.678389549255371,2.309185743331909,9.317564010620117,4.141285419464111,7.247157573699951,2.560969352722168,3.6173624992370605,1.8901631832122803,1.9912493228912354,2.926417112350464
section_00_source_train_normal_0873_n_C.wav,normal,0.031912654638290405,0.16515294279153356,2332.7384758614435,2255.5603472260254,5224.815295527156,17.199719407850385,11.268883730569362,13.515085409464698,14.208278832878452,14.106635435859934,14.963475581197764,14.598277059694725,-148.05752563476562,66.28827667236328,14.7241792678833,18.035249710083008,4.135494232177734,7.628955364227295,3.350318431854248,4.723501682281494,1.655741810798645,2.6433956623077393,0.3433997333049774,3.52494478225708,-0.0766749307513237
section_00_source_train_normal_0066_n_B.wav,normal,0.0318831205368042,0.24507818740015974,2605.3411443893456,2114.2956539738034,5152.730630990415,15.874010037549512,11.35643949557578,13.11120309915322,14.547931745790613,14.294400935387529,15.054774813967281,15.142308523889334,-119.55182647705078,51.67924499511719,-7.067111492156982,13.720946311950684,-3.5534839630126953,6.760531425476074,2.035706043243408,9.682464599609375,2.200340747833252,0.3900458812713623,-2.6570632457733154,-0.7599303722381592,-0.21954379975795746
section_00_source_train_normal_0716_n_C.wav,normal,0.031798962503671646,0.15028610473242812,2091.8674158880644,2104.228671445954,4727.5359424920125,17.853682192322474,11.330674906401345,13.680805894677434,14.030737030724941,15.997221500278897,15.732712623381286,14.299409826550077,-157.84674072265625,74.21006774902344,10.118556022644043,22.659055709838867,3.5231707096099854,10.714713096618652,0.35798799991607666,4.864241600036621,-0.15337321162223816,5.412425994873047,-3.648000717163086,4.4519243240356445,1.5359039306640625
section_00_source_train_normal_0706_n_C.wav,normal,0.032033175230026245,0.1404081594448882,1975.432569910599,2097.158158038112,4633.461461661342,17.541088944301766,11.29244358244439,13.826805621415916,14.503381745674991,14.359980422219735,17.77369288548606,14.601584896655353,-161.44696044921875,79.98873901367188,11.769363403320312,19.65192413330078,4.553661823272705,10.831564903259277,-0.5020837783813477,5.750820636749268,-1.0347219705581665,6.150158882141113,-2.0520222187042236,7.76413106918335,-2.95440936088562
section_00_source_train_normal_0648_n_A.wav,normal,0.0321245901286602,0.4338090305511182,4004.6127079843427,2345.050311666567,6832.967252396166,16.245164137925233,14.100631358290153,20.715418930793366,19.20882777389639,19.388831278862416,17.13251416818822,17.046418931372237,-148.95945739746094,-13.696799278259277,-10.53244686126709,0.6372345089912415,0.44086307287216187,-18.982332229614258,-11.337438583374023,-14.150790214538574,-6.077621936798096,-1.3982442617416382,14.39738941192627,2.3245527744293213,0.14823763072490692
section_00_source_train_normal_0658_n_A.wav,normal,0.03212351351976395,0.3418764352036741,3757.8460050614904,2231.427642867173,6467.202476038338,17.135267622552075,12.964444754332312,18.963124911684265,18.68895870738399,22.680744232104153,16.566524286878835,17.218384050105392,-166.9751434326172,-13.780978202819824,-18.093172073364258,13.184423446655273,10.939547538757324,-23.112361907958984,-14.566939353942871,-0.7000045776367188,-1.0087676048278809,6.02907133102417,9.380812644958496,12.323160171508789,-1.9113355875015259
section_00_source_train_normal_0456_n_A.wav,normal,0.03210835158824921,0.3986668205870607,3906.5596615986606,2348.311849300092,6783.097044728434,19.058606961164802,14.221841042726714,21.3722450650439,20.642337516061296,20.013876431494626,16.716917547747038,16.654616937493127,-149.2255096435547,-10.205522537231445,-12.105375289916992,-1.2970492839813232,0.8871976733207703,-14.871574401855469,-10.68529224395752,-14.895719528198242,-3.9773457050323486,0.5435554385185242,13.233938217163086,3.17584228515625,1.1906383037567139
section_00_source_train_normal_0446_n_A.wav,normal,0.032117899507284164,0.4256923297723642,3985.943033749324,2348.9682041252086,6810.15375399361,19.678385574005762,14.43537648816415,20.88064135968421,19.111411121120693,19.55820775851172,16.958227682558356,16.853538479454183,-148.71949768066406,-12.066898345947266,-8.4481201171875,3.0302083492279053,1.9345219135284424,-17.863752365112305,-10.357172966003418,-13.30644416809082,-3.044288396835327,0.7158219218254089,13.337650299072266,3.6325838565826416,1.0367932319641113
section_00_source_train_normal_0434_n_A.wav,normal,0.03210285305976868,0.41159769369009586,3919.620379379198,2343.8480951770125,6783.6461661341855,18.983685908399174,14.442145606471264,21.079324599144016,20.585904504457602,19.582752735516618,17.098120538180762,16.66162882436723,-147.88450622558594,-10.794499397277832,-12.027405738830566,-1.0421000719070435,0.3526005744934082,-14.994477272033691,-9.464841842651367,-14.193455696105957,-5.315174102783203,-0.47323402762413025,13.427987098693848,4.976582050323486,1.2629989385604858
section_00_source_train_normal_0424_n_A.wav,normal,0.03209271654486656,0.40894568690095845,3956.964867197855,2341.9736211508753,6811.127196485623,15.131217649422116,14.08521910711326,21.08385012064714,19.9846872256821,20.13557062659851,16.94019410618548,16.630983564409515,-151.1539764404297,-13.490886688232422,-13.036539077758789,-2.692836046218872,-1.2948718070983887,-18.62874412536621,-12.986030578613281,-15.977386474609375,-6.100837707519531,-1.1155322790145874,11.687151908874512,0.4479469656944275,-0.7348979711532593
section_00_source_train_normal_0774_n_C.wav,normal,0.0316120907664299,0.1158583765974441,1972.8789217355784,2104.7503501232504,4623.602236421725,18.667021143016463,11.169910252498536,13.472132553187151,13.899366924328895,14.500016277971381,14.725185006839313,14.587810826933623,-171.54373168945312,80.33811950683594,11.779828071594238,19.946969985961914,5.505949974060059,9.397482872009277,0.6360976696014404,8.167876243591309,0.6483955979347229,4.955048561096191,-2.15246319770813,4.008373260498047,0.3995315432548523
section_00_source_train_normal_0764_n_C.wav,normal,0.03162889927625656,0.15309723192891375,2064.025782678211,2018.550486738271,4493.235822683706,17.831445443996177,11.221969438762665,13.491929547442005,14.234687241894955,15.066163858019005,16.096201688338567,14.715618445986374,-151.00494384765625,74.85525512695312,-0.8341012001037598,21.328813552856445,6.257969856262207,10.706613540649414,-0.15235555171966553,6.641088962554932,-0.11045923084020615,2.7499992847442627,-1.4053807258605957,6.375988483428955,-0.4462885856628418
section_00_source_train_normal_0801_n_C.wav,normal,0.03195967897772789,0.26113062849440893,2704.287648670449,2155.3622518097645,5336.237020766773,17.806129872920177,10.679872760120094,13.450548589205512,14.733589653422941,14.239337101503088,15.021930235048332,14.946505929994741,-118.06263732910156,47.67955780029297,-4.194121837615967,14.97070026397705,-2.2195842266082764,5.687670707702637,2.5964066982269287,11.992874145507812,2.574639081954956,-0.15255872905254364,-0.8652569055557251,-1.1784539222717285,0.08680717647075653
section_00_source_train_normal_0979_n_C.wav,normal,0.03201381862163544,0.12215299271166134,1865.5112665400118,2033.5960526614872,4369.833266773163,15.724606412460117,11.196531408342471,13.431139633477768,13.763839089368961,14.980152068206323,16.594229415021122,14.442671813852986,-161.47164916992188,86.07488250732422,8.068584442138672,19.222213745117188,5.842170715332031,8.183182716369629,-1.4783124923706055,6.939286231994629,0.07235543429851532,5.149150848388672,-3.0015926361083984,5.161224842071533,-1.6051907539367676
section_00_source_train_normal_0014_n_B.wav,normal,0.03197374567389488,0.26127102885383385,2715.6267654036055,2112.804339870465,5261.9808306709265,19.479825601568855,11.599470034036528,13.108154152050021,14.908236285699894,14.335987222726173,15.064940667941656,15.183149960626732,-118.49181365966797,45.33130645751953,-9.678764343261719,12.811905860900879,-5.282095432281494,4.410031318664551,4.242259979248047,12.68127727508545,2.5483622550964355,-1.3664723634719849,-2.7393834590911865,0.6892130374908447,0.6048073768615723
section_00_source_train_normal_0811_n_C.wav,normal,0.031800057739019394,0.10938592002795527,1767.0243146589842,1999.8141374469294,4177.890375399361,18.093144024321056,11.236444943495929,13.71902299214707,14.219028864053838,15.382210923467746,17.064279863041158,14.492596058436623,-174.22569274902344,89.93372344970703,9.774986267089844,19.792095184326172,5.79314661026001,9.72102165222168,-1.8716752529144287,5.565426349639893,-0.12923301756381989,5.478362083435059,-3.507537841796875,6.487275123596191,-0.7932984828948975
section_00_source_train_normal_0004_n_B.wav,normal,0.03142596781253815,0.15035786491613418,2170.568685444358,2122.92523678057,4839.681509584664,18.21551348373833,11.689930751909767,14.169500988415654,14.825859348514067,15.111367289778919,14.55229593342433,14.668866581007046,-151.35675048828125,72.6242904663086,1.9911243915557861,14.229732513427734,2.4911599159240723,4.056142807006836,1.210963249206543,7.10691499710083,2.0303549766540527,5.2226033210754395,3.2845263481140137,7.420394420623779,3.1824450492858887
section_00_source_train_normal_0969_n_C.wav,normal,0.031656600534915924,0.14130672174520767,2038.2338895790167,2087.105352191559,4658.920726837061,17.405681781019485,11.505109790281978,14.108932071992177,13.910580660828764,15.04673037400425,16.13390868054317,14.16737058607626,-158.870361328125,77.36212158203125,9.324962615966797,20.90571403503418,4.5946784019470215,10.58753490447998,-0.5881146192550659,7.153504371643066,-0.3375505208969116,4.207929611206055,-3.3305156230926514,6.235778331756592,-0.030743218958377838
section_00_source_train_normal_0386_n_A.wav,normal,0.03210644796490669,0.3640144518769968,3810.410131065177,2388.118969572782,6933.231829073482,15.315842585315043,13.722523067449963,19.730406247699015,19.04588771808742,19.335702612990104,15.823371071661652,15.960374044687482,-150.12071228027344,-7.464784622192383,-14.497182846069336,-2.3309481143951416,-2.335533618927002,-31.596881866455078,-22.560068130493164,-3.890986204147339,6.478525638580322,-0.5337496995925903,16.373558044433594,3.337912082672119,-2.526299238204956
section_00_source_train_normal_0396_n_A.wav,normal,0.03211072459816933,0.4826823956669329,4062.8710590887385,2273.607467018367,6705.795726837061,16.880469812541428,13.413271159180226,18.91551278076495,17.32201024843789,18.805910577828115,16.797402752894932,17.957315853927554,-144.26036071777344,-15.814163208007812,-4.956745147705078,6.484321117401123,0.31074151396751404,-16.934200286865234,-15.198470115661621,-13.799863815307617,1.2436633110046387,5.093552112579346,7.538647651672363,11.247642517089844,1.5593205690383911
section_00_source_train_normal_0827_n_C.wav,normal,0.03194693103432655,0.12972525209664537,1893.7545698453537,2064.0612727517414,4466.378793929713,16.754768892742515,11.325750831176352,13.44850567488592,14.29615544220985,15.350108039888992,17.506860009676885,15.181595314583044,-164.76956176757812,83.91822052001953,11.285395622253418,20.61759376525879,6.499027252197266,8.713248252868652,-1.6329410076141357,5.960696220397949,-0.07371021062135696,5.146859169006348,-4.842267990112305,5.743027687072754,-1.9315955638885498
section_00_source_train_normal_0032_n_B.wav,normal,0.030638789758086205,0.1822537065694888,2356.796603552166,2091.1568510600664,4848.866813099042,20.87629845990795,11.697539810204699,13.608824553933662,13.853664336614251,14.084978950881608,15.312483818151126,14.63238541207805,-151.040771484375,60.89748764038086,-0.9539787173271179,25.357948303222656,0.8362200260162354,3.404059648513794,3.453725576400757,4.177140235900879,0.3952447772026062,3.3558502197265625,0.6356326937675476,4.448585033416748,0.8264844417572021
section_00_source_train_normal_0837_n_C.wav,normal,0.03194732218980789,0.15192722893370608,2127.643558637425,2120.0803501511723,4807.133586261981,17.101906453335165,11.170302042870887,13.454579289287862,13.833792353006732,14.325419935724847,15.46632400683115,14.158337709060437,-148.380615234375,73.71629333496094,5.211411952972412,19.910524368286133,7.6339826583862305,8.940046310424805,0.5702639222145081,3.9685769081115723,-2.281069755554199,4.718725204467773,-0.9824343323707581,4.5283918380737305,-2.1472527980804443
section_00_source_train_normal_0022_n_B.wav,normal,0.03207216039299965,0.1316050569089457,2239.267749578736,2227.3455949027925,5093.325678913738,19.62619914186808,11.733371977212425,13.620202047701781,14.767324361921863,14.89003166761187,14.285683520439397,14.517781272425292,-161.26370239257812,68.44965362548828,7.068540573120117,16.545730590820312,9.041540145874023,8.5725679397583,6.015364646911621,7.233948230743408,1.7921255826950073,2.91501784324646,3.004577875137329,6.933106422424316,2.9226415157318115
section_00_source_train_normal_0693_n_C.wav,normal,0.03197260573506355,0.12204691244009584,1864.5611371577422,2031.4438474046412,4392.29732428115,18.017404021014002,11.045582826222182,14.055360492277979,14.02332278283716,14.390888577565974,15.867516099729105,14.824193911161965,-162.9931182861328,87.2248306274414,10.369087219238281,19.03749656677246,1.9914679527282715,8.298979759216309,-1.1771512031555176,6.489215850830078,-2.720635175704956,4.317147254943848,-1.5109689235687256,5.545325756072998,-0.687292218208313
section_00_source_train_normal_0683_n_C.wav,normal,0.032023269683122635,0.12923073083067094,1957.7039953250007,2068.9169095061266,4541.234025559105,16.828710812910646,11.248398324146594,14.274770855855088,14.395603539766833,15.186328881531534,15.198200462784069,14.267470138992374,-157.21389770507812,82.57958221435547,7.077028274536133,18.30597686767578,5.824615001678467,7.905544281005859,-2.455098867416382,6.6824750900268555,1.3488718271255493,5.725508689880371,-1.3580032587051392,3.0925300121307373,0.6004666686058044
section_00_source_train_normal_0752_n_C.wav,normal,0.031841374933719635,0.1254118410543131,1930.307524644882,2078.213266896784,4503.943690095846,16.762032574401193,11.449997543830206,13.419567432647565,14.712138640057058,15.568468042017052,15.916355893709222,14.563435994001559,-163.17677307128906,82.76470184326172,7.69347620010376,18.036041259765625,7.846762180328369,7.858592510223389,1.8069300651550293,6.422865390777588,-0.31866133213043213,1.8530000448226929,-1.5872238874435425,6.197157859802246,0.7280195355415344
section_00_source_train_normal_0742_n_C.wav,normal,0.031850237399339676,0.14593681359824281,2110.095665291941,2137.2052049229897,4812.000798722045,17.265239120508866,11.107200519430181,13.542960397824823,14.147907598020657,14.739988946643283,15.62891440685904,14.414551089179222,-153.94488525390625,74.39353942871094,9.720349311828613,18.9355525970459,6.360032558441162,8.913546562194824,0.13488301634788513,6.598947048187256,0.8667258620262146,3.5547499656677246,-1.7530051469802856,3.8143205642700195,-0.14478498697280884
section_00_source_train_normal_0295_n_B.wav,normal,0.03190302476286888,0.24424358526357828,2730.0979417352755,2166.814674171422,5401.3827875399365,20.254520453247338,11.241254056220402,13.08627938036575,14.352427561493574,14.168956357370332,14.590790570168911,14.518887025977193,-123.68212127685547,45.055335998535156,-5.398513317108154,14.67676067352295,-0.9729009866714478,5.378546714782715,2.9952645301818848,11.627752304077148,3.3888087272644043,2.2550652027130127,1.1235418319702148,2.3408679962158203,1.9911290407180786
section_00_source_train_normal_0412_n_A.wav,normal,0.03212767839431763,0.41071941144169327,3825.1849398842005,2236.5369409780005,6503.744009584664,19.000544160258556,13.414352224834902,19.750833378973592,18.909791998021337,19.41426122460468,17.022391278384372,15.486767096988592,-139.0617218017578,-11.44536304473877,-13.12484073638916,4.685025215148926,0.7836571931838989,-8.16646957397461,-8.54371166229248,-6.41849946975708,-5.778017997741699,-1.141250729560852,6.716711044311523,13.964959144592285,-7.083096027374268
section_00_source_train_normal_0285_n_B.wav,normal,0.03200024738907814,0.09986365565095846,1931.6295178235957,2144.952315208119,4601.637380191693,17.172718772363616,11.637491407945319,14.052298434847335,14.37677999483558,15.130712033392498,14.635455645698995,16.315460587238775,-176.84947204589844,82.87944030761719,9.462431907653809,13.987292289733887,9.252421379089355,8.815792083740234,4.663462162017822,5.220831394195557,3.281801462173462,3.0031511783599854,1.7358812093734741,6.186594486236572,3.4434893131256104
section_00_source_train_normal_0402_n_A.wav,normal,0.03212466090917587,0.33269113168929715,3679.807929868529,2348.7423084857255,6786.341853035144,18.507726524818114,13.36213682810689,19.984985815609594,21.878481050755244,21.74121136799769,15.862311682019236,16.34999251310515,-157.22166442871094,-6.413172721862793,-14.146554946899414,12.917657852172852,5.542398452758789,-33.22978210449219,-17.87250328063965,-3.8934080600738525,6.912553787231445,8.22500991821289,19.04390525817871,1.0443511009216309,-6.532388687133789
section_00_source_train_normal_0508_n_A.wav,normal,0.032110705971717834,0.39398680860623003,3898.7482189606494,2346.1658715407,6779.153354632588,17.023941835359746,14.211765672777267,21.770893054780178,20.709469316646214,20.39022834534616,16.8692796888196,16.523111828192118,-150.42327880859375,-10.0582857131958,-13.29017448425293,-2.106628894805908,0.22486267983913422,-15.518080711364746,-9.909477233886719,-15.052250862121582,-3.2656190395355225,0.9368927478790283,12.811922073364258,2.348912000656128,0.5491335988044739
section_00_source_train_normal_0470_n_A.wav,normal,0.03210395574569702,0.3719923123003195,3844.5900143597264,2411.4290366055916,6989.966054313099,16.11856484159327,13.630397303571803,20.22774505377889,19.11194633446617,19.87736298380896,16.15805953861297,15.854629100794678,-150.8824462890625,-6.5486369132995605,-12.569672584533691,-2.889761209487915,0.11011507362127304,-29.143695831298828,-23.036447525024414,-5.513820648193359,6.730503082275391,-0.568368673324585,15.0721435546875,5.479493141174316,-1.1111342906951904
section_00_source_train_normal_0518_n_A.wav,normal,0.03209802508354187,0.4062359599640575,3937.2482875988776,2344.1023867039744,6793.205870607028,15.938398516333823,14.404833049506447,21.249814186164354,20.405556301566737,20.101214788019107,16.894060136704255,16.656683606581225,-150.41787719726562,-12.50427532196045,-13.445631980895996,-2.7697031497955322,-1.0921677350997925,-17.550453186035156,-12.541767120361328,-16.3653621673584,-5.707756042480469,-1.368837594985962,11.7926664352417,1.7142971754074097,-0.2086002677679062
section_00_source_train_normal_0460_n_A.wav,normal,0.03210349753499031,0.3912505616014377,3669.858945314205,2255.3084621940907,6469.773362619809,17.81493161160713,13.576475735067138,17.197734110906033,18.267347597560892,19.80046952730032,15.889296888557523,16.392434461130417,-136.73495483398438,-3.2762978076934814,-13.706937789916992,8.570484161376953,1.1800000667572021,-21.399534225463867,-13.476017951965332,-3.5675466060638428,-6.392858028411865,5.303262233734131,11.21207332611084,7.054868698120117,-1.9723130464553833
section_00_source_train_normal_0730_n_C.wav,normal,0.03203398361802101,0.14951078274760382,2066.387055684735,2099.127952494829,4673.123003194888,17.143735545314463,11.269454285963583,13.734037889769793,14.168057903507776,15.568275779680079,16.765633003355124,14.663385730305603,-152.3463897705078,75.8916015625,7.4239044189453125,21.468307495117188,4.623624801635742,8.52645206451416,0.8802370429039001,4.620118618011475,1.8842530250549316,4.462687015533447,-4.747354030609131,7.34951114654541,-0.466495543718338
section_00_source_train_normal_0720_n_C.wav,normal,0.031925324350595474,0.12952401158146964,1961.355335229814,2094.3229389061667,4564.646565495208,17.02112525478749,11.489075616447801,13.704380888972443,13.831797055675269,14.618915613629545,16.48831671989992,14.71696220680699,-159.73678588867188,81.87142944335938,8.244559288024902,17.601612091064453,8.770132064819336,8.671462059020996,0.42963191866874695,3.7876155376434326,-0.6689186096191406,4.635427951812744,-1.2314311265945435,4.63510274887085,-1.3923239707946777
section_00_source_train_normal_0191_n_B.wav,normal,0.03173738345503807,0.1359403080071885,2030.8125240954328,1986.8194154725393,4321.2859424920125,20.176529046289787,11.252177947163167,13.15390839683907,13.955998898460084,14.768441487208058,15.687609851550027,14.749297314031418,-156.076416015625,76.62693786621094,-3.678199291229248,22.618183135986328,-0.5196652412414551,9.684162139892578,1.8394588232040405,5.3213114738464355,3.5628674030303955,3.9968488216400146,-0.7779020071029663,4.187626361846924,0.018843848258256912
section_00_source_train_normal_0984_n_C.wav,normal,0.03150084987282753,0.10117873901757188,1796.111384256516,1990.2444504008818,4197.633785942492,20.245271815091456,11.207395290241594,13.49674954267964,14.279578697666114,14.785864168835246,14.906924443130352,14.747613566479123,-179.4184112548828,88.86725616455078,5.626983165740967,18.262950897216797,5.070720672607422,9.750459671020508,0.3970620334148407,7.933239459991455,0.07570616155862808,5.092740535736084,-1.5277869701385498,5.18651819229126,1.5272585153579712
section_00_source_train_normal_0181_n_B.wav,normal,0.03183252736926079,0.1326908196884984,1979.629247560601,2005.7245170858403,4321.460662939297,18.883489482918815,11.380754057199804,13.310005483006448,14.32395338965402,15.060847428708536,15.16008079716882,14.394151601178507,-155.18603515625,80.74319458007812,-1.9751198291778564,18.93604850769043,2.9339561462402344,6.981888294219971,1.9532802104949951,6.823038578033447,2.7887256145477295,3.514056921005249,0.9413921236991882,4.746325969696045,0.2694039046764374
section_00_source_train_normal_0789_n_C.wav,normal,0.03199067711830139,0.16417482028753994,2135.480543608071,2043.2686056605958,4582.967252396166,17.93998076279815,11.386706888039143,13.544015450722858,14.741737017932756,14.742046866004396,15.89962798724262,14.726751039083025,-142.20042419433594,72.51648712158203,-0.3517039716243744,20.906898498535156,0.5732725858688354,9.51932144165039,4.746191024780273,7.491443157196045,-2.797130823135376,-0.8874250650405884,-1.4703214168548584,4.655797481536865,2.437526226043701
section_00_source_train_normal_0799_n_C.wav,normal,0.032013826072216034,0.26311495357428116,2736.0187533229387,2172.8852089770576,5457.717651757189,18.013212628194857,11.216543036281728,13.873465298701966,14.946402648014601,14.034500658804571,14.856645367031167,15.293524772909972,-117.12641143798828,47.39628601074219,-2.5292763710021973,13.459274291992188,-5.651867866516113,3.4706928730010986,4.305732727050781,11.65377426147461,3.259349822998047,0.6779662370681763,-2.6688528060913086,1.093719244003296,-0.5234029293060303
section_00_source_train_normal_0845_n_C.wav,normal,0.0307298731058836,0.17911809854233227,2334.359659161751,2206.217904613567,5156.799121405751,17.390916447231728,11.065332969916495,13.440691323353738,13.64988652931951,14.243400480646478,15.369737291012706,14.641154781074677,-149.15859985351562,65.31522369384766,8.707802772521973,18.63041877746582,7.187796592712402,8.761564254760742,0.8573001027107239,5.015977382659912,-1.0392316579818726,2.252551555633545,-0.46434256434440613,3.6124520301818848,-0.7326633930206299
section_00_source_train_normal_0128_n_B.wav,normal,0.03183368220925331,0.12779864716453673,1948.2526458492375,1992.1643326830279,4306.309904153354,18.745332768136414,12.008475349379536,14.114735221047006,14.218138127290587,15.31873979974445,14.891082533898162,14.589872232562751,-155.55661010742188,83.03373718261719,-3.0299601554870605,16.641271591186523,3.567958116531372,6.384221076965332,-0.025511061772704124,7.965834140777588,2.8203651905059814,4.19506311416626,0.8272141814231873,5.510711669921875,0.7722881436347961
section_00_source_train_normal_0050_n_B.wav,normal,0.0317663811147213,0.27163881539536744,2728.6435821966215,2105.577944365043,5245.382388178914,18.91205363507291,12.115245787751295,13.872714638352164,13.68969815066884,14.882499041416324,15.783020335275188,15.413528354862475,-119.88323974609375,45.000274658203125,-6.602456569671631,18.022441864013672,-3.1499814987182617,5.337508201599121,-1.8225805759429932,5.115837097167969,-2.2574446201324463,2.5105605125427246,1.155254602432251,-0.46460676193237305,3.0677616596221924
section_00_source_train_normal_0138_n_B.wav,normal,0.031933531165122986,0.17596221046325877,2447.248529710192,2232.653881784944,5258.686102236422,19.658131283457216,11.666933972801905,13.889991583270703,14.431284070339744,14.810913079931138,14.562689310595822,14.832322470138475,-143.0974884033203,60.574554443359375,6.680115699768066,14.469578742980957,4.0245280265808105,9.931621551513672,0.7324002981185913,5.911008358001709,3.335191011428833,3.608797788619995,-0.05658263713121414,3.4457859992980957,3.3277926445007324
section_00_source_train_normal_0855_n_C.wav,normal,0.031318098306655884,0.14146896216054314,2029.6152089392535,2106.1874887381055,4724.016573482428,17.131713334621445,11.620671426770492,13.685018428202257,13.936306532715866,15.034200856780409,16.628662147874522,14.982945680534648,-162.14060974121094,77.94062042236328,10.608781814575195,19.767822265625,4.480791091918945,9.447751998901367,-1.125910758972168,6.962960243225098,-0.5185914635658264,6.211968898773193,-4.1596360206604,5.678494930267334,-2.141098737716675
section_00_source_train_normal_0040_n_B.wav,normal,0.03185305371880531,0.2441577850439297,2694.2508061658136,2183.668168388813,5357.3282747603835,18.009242880457023,11.676754813586864,13.611616471369901,14.372468002185562,14.337523597619015,15.24510163594235,15.376722735557857,-126.3895034790039,47.79378128051758,0.15936517715454102,17.986352920532227,1.22422194480896,7.196746349334717,1.4411391019821167,6.714705467224121,-1.0787303447723389,0.05515364930033684,-0.5404438972473145,1.9268676042556763,3.664525032043457
section_00_source_train_normal_0326_n_B.wav,normal,0.032032858580350876,0.15848860573083068,2241.1528911712535,2121.3401917321066,4897.788538338658,20.07796289840724,11.401977869965355,13.062635235476138,13.363691580251002,14.550076032610345,14.634441856450541,14.864996704572635,-145.13087463378906,69.0400161743164,0.2394760251045227,16.453100204467773,4.38917875289917,8.943757057189941,-0.3191467523574829,5.9615583419799805,1.1219924688339233,5.8400559425354,1.7841609716415405,3.098052740097046,1.640439748764038
section_00_source_train_normal_0555_n_A.wav,normal,0.03210333362221718,0.39970266323881787,3833.49195257497,2219.9914435114383,6490.3154952076675,16.60348100763674,13.03355428559906,19.170593379324973,19.177467266715794,20.82562716810765,16.870834504173505,17.280410204147106,-151.423828125,-17.113706588745117,-19.758907318115234,8.266011238098145,3.483698844909668,-20.6071720123291,-12.367935180664062,-7.899405479431152,-4.940968036651611,5.349146842956543,7.921541213989258,12.518941879272461,-3.310892343521118
section_00_source_train_normal_0545_n_A.wav,normal,0.03212818503379822,0.4502561526557508,3942.0709157544097,2276.8937495316263,6684.979033546326,18.05757996857515,14.09243378866867,18.146315541390138,19.790938624504257,19.167655456752723,16.572517984852414,18.111586482165546,-143.35226440429688,-13.472236633300781,-11.473599433898926,7.853379726409912,0.6017182469367981,-18.934188842773438,-12.063139915466309,-13.598448753356934,0.43068209290504456,4.002918243408203,7.53978157043457,10.084115028381348,2.5298643112182617
section_00_source_train_normal_0633_n_A.wav,normal,0.032093122601509094,0.3336832942292332,3610.5310922605076,2332.8361665805346,6701.6273961661345,19.465364691479845,13.134852685151403,20.416999655386782,21.316456886997454,21.67932716295377,16.94316578719873,16.210884292738196,-159.94349670410156,-5.792057037353516,-16.20311164855957,11.665367126464844,6.858138561248779,-30.722219467163086,-21.04360008239746,-3.529201030731201,5.934413433074951,7.058497905731201,21.141006469726562,1.298783302307129,-6.001616477966309
section_00_source_train_normal_0623_n_A.wav,normal,0.03211032971739769,0.4014108676118211,3779.3548502353697,2217.189776697524,6489.267172523962,18.705654955260137,13.471740629982468,20.049580644253655,20.959567157837746,19.16398591546537,17.285439542472304,15.684700328545253,-143.8435516357422,-12.568721771240234,-14.898285865783691,5.4433817863464355,3.1331663131713867,-6.780587196350098,-8.371829986572266,-5.2613115310668945,-9.21091365814209,-2.341299295425415,8.577958106994629,10.735947608947754,-10.619986534118652
section_00_source_train_normal_0175_n_B.wav,normal,0.030416781082749367,0.1045545876597444,1681.7445084789467,1838.8856234840243,3541.708266773163,23.03598245473129,11.564588141114381,13.498045225728596,14.008579622577184,14.843062449775108,15.386204834699727,15.237854209440599,-179.7256317138672,97.34182739257812,-7.918257236480713,18.468523025512695,6.4253692626953125,4.710087776184082,1.7995104789733887,3.552426338195801,0.09667305648326874,0.3347424268722534,-2.308651924133301,-1.5139436721801758,-2.1351256370544434
section_00_source_train_normal_0818_n_C.wav,normal,0.03177933394908905,0.1529693116014377,2113.9087914833226,2097.065595391633,4708.191892971246,17.949729380533658,11.117309947237086,13.362030189202775,13.993823668177885,14.586439697385067,15.639529102489748,15.139638473821734,-148.7264862060547,74.80609893798828,5.492344856262207,18.590559005737305,2.728186845779419,8.997185707092285,1.9362114667892456,5.479276180267334,-1.1702073812484741,1.8195135593414307,-3.1238391399383545,3.2394418716430664,1.1577064990997314
section_00_source_train_normal_0960_n_C.wav,normal,0.03206709399819374,0.13226805860623003,2017.8742203911263,2093.9497298238375,4589.357028753993,17.76207494914772,11.393378403639677,13.966926509506234,13.85670184622955,14.97622380177553,15.153021410368554,14.547117702528096,-156.56578063964844,77.80594635009766,8.580676078796387,21.526676177978516,4.243551731109619,10.162583351135254,2.206578016281128,4.918756484985352,1.6290780305862427,4.0464863777160645,-1.9037926197052002,3.872389793395996,1.0491976737976074
section_00_source_train_normal_0808_n_C.wav,normal,0.03199712559580803,0.12345091603434505,1881.8808775694442,2033.939643014526,4363.39357028754,16.68952916516984,11.35331964983366,13.534859512381567,14.111123682368875,14.960040923287316,16.25909092647666,14.255193217159086,-160.97232055664062,85.00359344482422,8.650613784790039,20.954017639160156,3.5361549854278564,8.731340408325195,0.35634317994117737,5.73550271987915,-1.0770812034606934,3.6392624378204346,-1.7212637662887573,5.546431064605713,0.08513897657394409
section_00_source_train_normal_0165_n_B.wav,normal,0.032035376876592636,0.15717352236421725,2201.695999145374,2102.8890311743426,4748.876797124601,18.956284010798562,11.8397624270477,13.943601249027823,13.87727531354808,14.56995591138013,14.73786943217236,15.034573986086881,-143.19009399414062,70.4559555053711,0.6961686611175537,17.94269561767578,2.7118380069732666,8.751737594604492,1.8379443883895874,5.364819049835205,4.389793395996094,5.482697486877441,-0.28331923484802246,3.1926681995391846,3.4153733253479004
section_00_source_train_normal_0970_n_C.wav,normal,0.026718076318502426,0.1967477036741214,2340.43984748721,2114.5549948450407,4935.652955271566,16.858847826076136,11.27976587551089,13.688439540046852,14.46465563621753,14.699695355269622,15.867409223836454,16.008406129343527,-159.2573699951172,63.926902770996094,1.9871196746826172,18.79519271850586,-0.6007306575775146,7.678542613983154,2.603670358657837,3.777682304382324,-0.773404061794281,0.17586661875247955,-4.213310241699219,4.100057125091553,0.26560190320014954
section_00_target_train_normal_0004_n_D.wav,normal,0.03208833560347557,0.051087010782747605,1156.8011375375736,1655.3826571121804,2298.796924920128,17.26057700900664,17.672158155039106,16.810178473237173,16.905243831761087,14.565571809170056,14.881833629700694,15.469132677350432,-259.6241760253906,124.05941772460938,16.23101806640625,11.34253978729248,11.156477928161621,14.33431339263916,8.386292457580566,-10.306859016418457,-17.539493560791016,-15.114716529846191,-4.503547668457031,-1.5212005376815796,-0.9138080477714539
section_00_source_train_normal_0213_n_B.wav,normal,0.02773922309279442,0.1688376722244409,2271.50259759765,2083.1725889709646,4789.362020766773,18.379246546668107,11.988553573497343,13.866644194712087,13.939271876714322,15.970019890934944,15.036699676837404,14.832314035346515,-167.6087188720703,65.0689926147461,-3.973365545272827,18.36793327331543,4.380608081817627,7.623842239379883,-2.20989727973938,3.471238613128662,5.427776336669922,5.9622578620910645,0.3344285786151886,4.076957702636719,4.336883544921875
section_00_source_train_normal_0494_n_A.wav,normal,0.03212256729602814,0.4066571610423323,3788.8580902530284,2241.8725047228886,6520.716853035144,15.464113939361528,13.263683236601493,17.6021579997644,16.3346088074585,20.00545615106483,16.439480146776862,16.435022943688324,-140.77236938476562,-9.746331214904785,-13.347609519958496,8.788237571716309,-0.8450233340263367,-24.14986801147461,-15.66435718536377,-2.6002609729766846,-5.530183792114258,0.721178412437439,7.106922626495361,4.03579044342041,-3.9441494941711426
section_00_source_train_normal_0203_n_B.wav,normal,0.0318467803299427,0.15754792332268372,2093.5280564707277,1965.6828205254528,4348.816892971246,16.13371285667085,11.573622354958202,13.38466382453048,13.879936115323408,14.917453986099378,15.523342429369617,14.690371204785723,-145.76158142089844,72.42757415771484,-12.222067832946777,21.325576782226562,6.459112167358398,9.398015975952148,2.3128323554992676,6.879890441894531,2.673736810684204,4.570906639099121,-1.4573904275894165,5.755850791931152,3.114938735961914
section_00_source_train_normal_0484_n_A.wav,normal,0.03212733939290047,0.35529402955271566,3759.4707757724486,2228.7103015747743,6468.75,18.28112856224175,13.077483291142588,18.820974490843703,18.718590896406308,22.471642675322208,16.69616706899668,17.494865323553622,-163.8893280029297,-13.349331855773926,-17.03725242614746,15.322601318359375,10.86086654663086,-23.520965576171875,-12.020453453063965,0.5433610677719116,-0.5889039039611816,7.307074069976807,10.239274978637695,13.74715805053711,-3.077213764190674
section_00_source_train_normal_0271_n_B.wav,normal,0.03198716789484024,0.16821835063897764,2296.7522388850825,2092.7826366223885,4883.910742811501,19.64949704590258,11.686891688769574,13.571163901987704,14.127017455480551,14.772579929684047,14.992118339263964,15.34792227946843,-143.507080078125,63.33498764038086,-1.2111730575561523,22.386415481567383,3.2230241298675537,10.043835639953613,0.3494054973125458,8.462404251098633,-0.6264751553535461,5.8297882080078125,2.1691830158233643,4.880486488342285,1.9042259454727173
section_00_source_train_normal_0309_n_B.wav,normal,0.03200535848736763,0.1408418405551118,2193.047109723067,2155.4261575208748,4833.965654952077,19.874502843519902,11.7308018143458,13.598736919760606,15.126761780191696,15.500341309982707,14.996420943134632,14.981796958691934,-158.88168334960938,72.35692596435547,6.188848495483398,15.311966896057129,5.002358436584473,7.358899116516113,4.427572727203369,9.311636924743652,1.8742684125900269,0.1678304672241211,1.6614570617675781,7.36857271194458,1.975243091583252
section_00_source_train_normal_0261_n_B.wav,normal,0.031957484781742096,0.24463670626996806,2728.6388945147005,2151.145490163915,5382.063698083067,20.125602494166,11.34406599310007,14.111573193579538,14.220963269033925,13.992674603069577,14.708565698806067,14.393592741508623,-123.51460266113281,43.75847244262695,-7.298851490020752,16.687889099121094,0.13216324150562286,5.080507755279541,2.809953212738037,9.098480224609375,3.400730609893799,4.1284990310668945,2.367521286010742,3.431800603866577,1.8662269115447998
section_00_source_train_normal_0319_n_B.wav,normal,0.031976643949747086,0.25745213907747605,2778.6636001125794,2213.243085933738,5483.251797124601,19.241845415380364,11.939370707652952,13.577878768071201,14.335122977246522,14.577510003879828,15.72743919800605,15.760206835869957,-124.70738220214844,44.704315185546875,-0.6501150131225586,16.1170711517334,3.363640546798706,8.787227630615234,3.5394036769866943,8.937232971191406,-0.8196210265159607,-4.004213333129883,2.5156593322753906,0.5239641070365906,5.255861282348633
section_00_source_train_normal_0117_n_B.wav,normal,0.03197192773222923,0.13141317641773162,2018.3178708270257,2126.882304117038,4657.722643769968,16.66166420712084,11.404682676269429,13.663713601218506,14.688220008014506,15.65899476705259,14.528124515256842,14.388820455574388,-156.03367614746094,82.287353515625,8.614006042480469,12.46548843383789,3.044431686401367,6.343254089355469,-0.933830201625824,5.856320381164551,3.2994871139526367,3.198106050491333,2.8899753093719482,5.70882511138916,2.8165862560272217
section_00_source_train_normal_0902_n_C.wav,normal,0.031908076256513596,0.12650696385782748,1906.3264200611966,2053.0317178066157,4395.592052715655,17.500472124515813,11.413967953439837,15.06285732939252,16.67926515610389,15.770497815875908,16.745210570127625,14.523704188371903,-161.9830322265625,85.73060607910156,6.043498992919922,14.278693199157715,4.018188953399658,5.095353126525879,0.758831799030304,5.28741979598999,3.2973859310150146,5.702164649963379,-0.2439810186624527,2.9259653091430664,-1.9974135160446167
section_00_source_train_normal_0107_n_B.wav,normal,0.03157208859920502,0.13828655401357828,2104.349138877462,2055.7337928820216,4582.642771565495,19.52497942919321,11.222294823424622,13.038375638676712,13.752288462216708,14.149177146186656,14.795076792347746,14.51784848024882,-155.27374267578125,73.55641174316406,-2.487772226333618,18.659656524658203,3.744473695755005,10.00481128692627,2.727023124694824,7.300056457519531,2.449151039123535,5.356770992279053,1.120284080505371,3.178675651550293,0.0581500269472599
section_00_source_train_normal_0912_n_C.wav,normal,0.03203823044896126,0.1322306185103834,1999.0104977397036,2080.572163012604,4562.325279552716,17.498788746281864,11.232456517891945,14.042370537159359,13.915848337701513,15.082402080142222,15.321716624397137,14.411824276107586,-155.60935974121094,79.38603210449219,9.295821189880371,20.681121826171875,3.0275683403015137,11.073694229125977,-0.5911889672279358,4.811671257019043,1.3224904537200928,3.3091483116149902,-2.0933210849761963,4.358924388885498,0.7106161117553711
section_00_source_train_normal_0677_n_C.wav,normal,0.031674738973379135,0.1373755116813099,2013.3373672816501,2066.6903084107234,4541.833067092652,17.180442433513775,11.041197613240007,13.659697130071756,13.778946659692854,16.13284075082404,15.792605803774881,14.377865090502135,-157.5946044921875,78.00946044921875,5.497952938079834,20.68722915649414,4.502187252044678,11.302618026733398,0.39381033182144165,3.5996546745300293,1.880095362663269,5.5373215675354,-3.209789752960205,4.393996715545654,1.0419056415557861
section_00_source_train_normal_0667_n_C.wav,normal,0.03203830495476723,0.13508698582268372,1964.8828837216338,2074.2409853668296,4551.867012779553,17.956267757919058,11.361132232112647,13.776037607149803,14.069297621271746,15.217498858561878,16.79042898374491,14.339142393998177,-159.23861694335938,80.90690612792969,9.330148696899414,20.24898338317871,4.440280914306641,10.896689414978027,-0.7371469140052795,5.9979987144470215,0.37747812271118164,4.751209259033203,-2.2531027793884277,6.255354881286621,-0.9151118993759155
section_00_source_train_normal_0651_n_A.wav,normal,0.0321071520447731,0.38910867611821087,3693.1928606662773,2256.40882207007,6482.602835463259,19.745241623895268,13.14768150896392,16.942217919832615,18.61466101479828,20.247667404839685,16.238296910834055,16.558892358527373,-139.12217712402344,-4.406221389770508,-14.21390438079834,7.235097885131836,1.2433651685714722,-19.917449951171875,-11.61093521118164,0.050958942621946335,-5.948844909667969,1.1510398387908936,9.952779769897461,7.990535259246826,-0.17874151468276978
section_00_source_train_normal_0641_n_A.wav,normal,0.03210718557238579,0.39560921275958466,3783.348165933657,2210.584985945662,6508.012180511182,16.10907157388281,13.437621369543926,19.78372792140481,20.874673022123567,19.24481959438098,17.062372152578934,15.68458255711029,-145.4673309326172,-14.55605411529541,-17.658918380737305,4.130095958709717,0.9346638917922974,-10.7434663772583,-10.515804290771484,-7.903261184692383,-10.828070640563965,-4.110515594482422,8.479555130004883,9.01191234588623,-13.585623741149902
section_00_source_train_normal_0537_n_A.wav,normal,0.03212297707796097,0.32985816443690097,3677.153362993078,2242.4498377934674,6448.407547923322,18.16277117024064,13.28213755637925,19.54325276853818,20.144503307492844,22.749365596808897,16.548027671170836,16.056760271351212,-164.53846740722656,-10.264187812805176,-18.30776023864746,12.019742012023926,12.315726280212402,-21.909526824951172,-17.093782424926758,-2.2654740810394287,-0.21969416737556458,7.442504405975342,10.938445091247559,10.460205078125,-2.244868040084839
section_00_source_train_normal_0527_n_A.wav,normal,0.03210502117872238,0.42316824331070285,4006.5561243657644,2341.9390224960475,6811.227036741214,17.620802181466278,13.85827226525221,21.24803607727143,19.874483408552138,20.568833998096736,16.927703389292155,17.08037807361566,-152.9604034423828,-13.523930549621582,-9.336087226867676,1.7125910520553589,1.0375738143920898,-19.24234390258789,-12.672801971435547,-13.547832489013672,-1.0792088508605957,1.8990901708602905,13.276909828186035,-0.07712261378765106,-0.8095923066139221
section_00_source_train_normal_0362_n_A.wav,normal,0.03212008252739906,0.42610729083466453,4001.654292006014,2332.5574520985847,6790.0359424920125,17.095919696085012,14.313602540947842,20.597240257266332,18.238148847561284,20.07786586925294,17.32228425151609,17.12094866846685,-152.5399932861328,-13.866316795349121,-9.99122142791748,5.522446155548096,2.444730520248413,-21.37613868713379,-13.177569389343262,-12.161056518554688,0.1329106241464615,-0.39770981669425964,13.39348316192627,2.139878511428833,-1.2724605798721313
section_00_source_train_normal_0372_n_A.wav,normal,0.03209516778588295,0.41190969448881787,3954.3128824549713,2345.538259505876,6814.596645367412,16.174495819335174,14.10536235768329,21.264563947773905,20.316098370429412,20.03073808943557,16.887634878836106,16.91061455465129,-150.72703552246094,-12.92990779876709,-12.900324821472168,-0.8301822543144226,0.11212848126888275,-18.414459228515625,-11.375243186950684,-15.427972793579102,-5.708461284637451,-1.1177982091903687,13.117390632629395,1.1074734926223755,-0.16037172079086304
section_00_source_train_normal_0698_n_C.wav,normal,0.02754923701286316,0.1790135782747604,2205.7188759999494,2008.393973792338,4586.7362220447285,17.42624311685641,11.2609603403877,13.703347095842023,13.847080928145141,14.49998981504638,15.602685522896149,14.62178758416704,-164.62428283691406,66.97161102294922,-5.432577133178711,23.801651000976562,4.259029388427734,9.924843788146973,1.3411517143249512,4.407241344451904,-0.9561798572540283,2.9999144077301025,-1.1221381425857544,6.4427971839904785,0.028742561116814613
section_00_source_train_normal_0688_n_C.wav,normal,0.03207102417945862,0.12431983825878594,1934.0145742623135,2069.5958539348762,4535.767771565495,17.400908180666985,11.045513713480961,13.94091143014265,13.987781494894852,14.49565227777651,15.666532328487692,14.340517246893814,-162.10804748535156,82.3393783569336,10.950608253479004,19.996925354003906,3.923783302307129,11.691808700561523,-0.7732807397842407,6.400994300842285,-0.9073624610900879,4.737517833709717,-2.3985612392425537,5.719507217407227,-0.9402068257331848
section_00_source_train_normal_0141_n_B.wav,normal,0.031921662390232086,0.1706410368410543,2303.6778636293966,2127.2645145608067,4874.276158146965,19.167100976769888,11.603857233547512,13.695775421952048,14.641819746911212,15.305630434524899,15.279398040879604,15.557038552376614,-145.99070739746094,64.19221496582031,0.3263795077800751,19.007532119750977,2.15484356880188,11.12328052520752,4.632399559020996,5.699743270874023,2.8727903366088867,0.9994405508041382,0.5068730115890503,5.732097625732422,4.048229217529297
section_00_source_train_normal_0954_n_C.wav,normal,0.03171494975686073,0.10116001896964856,1778.4542631973682,2001.719182726747,4195.886581469648,20.445317540623886,11.327310413564325,13.800891309125785,14.011007014709403,14.938805097262733,16.712381057732742,14.222737360076197,-179.18865966796875,89.34973907470703,7.596612453460693,18.217649459838867,5.813533306121826,9.696352005004883,0.5176528692245483,7.578557968139648,-0.030533991754055023,5.508058547973633,-1.642940878868103,5.896945476531982,1.0461362600326538
section_00_source_train_normal_0039_n_B.wav,normal,0.03143524378538132,0.1501316643370607,2200.32122296559,2147.167279561076,4889.376996805112,17.342599554860097,10.985723055568538,13.439186848025484,14.027949986062183,14.72032949114348,14.663480853828114,15.009322706762745,-153.98544311523438,71.46907806396484,4.484625816345215,14.231121063232422,3.9538440704345703,9.589522361755371,1.3366488218307495,5.479579448699951,1.9474446773529053,4.683722019195557,-0.14732199907302856,3.47021484375,3.4080724716186523
section_00_source_train_normal_0151_n_B.wav,normal,0.03193658962845802,0.16214525509185304,2236.190787747142,2068.8173568828333,4724.6904952076675,19.913080841568007,11.585339307099952,13.217261702842164,13.515729960707322,14.569635143453313,15.199966659251974,15.045326082620896,-145.54458618164062,68.11822509765625,-2.7899458408355713,20.351831436157227,1.4775279760360718,6.998511791229248,0.4644591212272644,6.444067478179932,0.9858275651931763,4.137038707733154,2.125502824783325,4.404919147491455,-0.14322367310523987
section_00_source_train_normal_0029_n_B.wav,normal,0.03192517161369324,0.11232184754392971,1854.5711824074097,1945.8592444213527,4123.801916932907,20.270907808738507,11.734213104863265,14.273739092780229,15.021660033699703,15.054803362163842,14.81771259013041,14.510135770515308,-165.16253662109375,86.90362548828125,-4.399525165557861,16.400911331176758,4.210739612579346,7.297150135040283,-0.9861401319503784,8.28281021118164,2.758408784866333,6.975596904754639,0.6275555491447449,4.585899353027344,1.9264799356460571
section_00_source_train_normal_0944_n_C.wav,normal,0.03199542313814163,0.13090149510782748,1989.855995149319,2099.18938256425,4598.592252396166,17.81147136277598,11.084342897505644,13.839440538667652,14.527071294123145,14.685516544200798,15.684330324327345,14.31841255877312,-159.83448791503906,79.10691833496094,9.074453353881836,19.971729278564453,6.800968647003174,9.735429763793945,2.0404295921325684,6.031296253204346,-0.7144419550895691,3.778672933578491,-0.35365140438079834,4.151873588562012,-0.5454435348510742
section_00_source_train_normal_0227_n_B.wav,normal,0.031949687749147415,0.13124625599041534,2151.923957830443,2166.695488286869,4876.547523961662,19.84844220689335,11.802305161576502,13.63749140529878,14.041018775766824,16.54376159807301,14.232237842113308,14.747488946555169,-160.64663696289062,72.10072326660156,2.484720230102539,16.297359466552734,11.786944389343262,7.487604141235352,1.0530216693878174,7.598877906799316,4.65524435043335,4.471102714538574,1.0318796634674072,2.346243381500244,5.145653247833252
section_00_source_train_normal_0237_n_B.wav,normal,0.030518410727381706,0.11072440345447285,1750.2484427275688,1856.272942331395,3719.723442492013,23.030033174333315,11.915904196425004,13.680148151077121,13.809944145511247,14.739964151201445,14.984581768001904,14.533086596472998,-175.3617401123047,92.85042572021484,-8.185647010803223,19.893268585205078,5.5480475425720215,6.504518985748291,0.5473160743713379,3.9539244174957275,-0.4057920277118683,2.415151357650757,-2.3285269737243652,-1.0301910638809204,-1.4831626415252686
section_00_source_train_normal_0561_n_A.wav,normal,0.03211195021867752,0.3248021914936102,3667.9382839601103,2223.603326213388,6427.216453674121,15.928341248060166,13.163073456041719,19.458181692634508,19.80890096708176,22.619337983430874,16.382018862976278,16.221974268064603,-166.4766387939453,-11.852291107177734,-21.726882934570312,10.268838882446289,9.882415771484375,-23.666446685791016,-17.838481903076172,-4.069533824920654,-2.0645217895507812,5.79669189453125,7.892122745513916,9.75497055053711,-2.802201271057129
section_00_source_train_normal_0419_n_A.wav,normal,0.03212694451212883,0.399442142571885,3769.2181582194276,2211.535202402031,6485.647963258786,17.788875802169123,13.064689209968794,20.235740448740167,20.390413695267068,19.219603242888006,16.960134207991306,15.68273363672826,-142.652587890625,-12.485157012939453,-15.055639266967773,7.783689975738525,3.5441558361053467,-8.935249328613281,-9.20840835571289,-4.959385871887207,-9.10432243347168,-1.7131078243255615,8.798999786376953,10.45322322845459,-10.848294258117676
section_00_source_train_normal_0571_n_A.wav,normal,0.032107509672641754,0.40322203224840253,3943.40130830246,2343.7790322230303,6806.908945686901,15.319128035315757,14.083042301589154,21.537090939584015,20.68235362225855,20.30537655334586,16.964587687653605,16.822733250410163,-151.68008422851562,-12.7930326461792,-13.523731231689453,-1.8521102666854858,-0.44521665573120117,-18.03151512145996,-12.698426246643066,-16.33135414123535,-4.140416145324707,-0.42155012488365173,12.819390296936035,0.11219049990177155,-1.158639669418335
section_00_source_train_normal_0409_n_A.wav,normal,0.032116979360580444,0.4070861621405751,3752.0412344900133,2270.1584290673372,6514.601637380191,19.853534968091232,13.28065701341363,16.946847434179574,17.10057485489645,20.05881134596559,16.064547445239384,16.82958044563054,-137.69020080566406,-5.099515914916992,-10.717947959899902,9.434871673583984,2.63796067237854,-19.90837860107422,-10.821552276611328,-0.4898734390735626,-5.393131256103516,5.100938320159912,12.28199577331543,7.461073398590088,-2.4086458683013916
section_00_source_train_normal_0334_n_A.wav,normal,0.032122910022735596,0.3387954273162939,3754.420177948667,2233.2578572077773,6477.835463258786,17.064930493632996,13.410883889072725,19.278923953061906,19.047534493656997,22.72560618097196,16.787226783064618,17.200413800797122,-167.00698852539062,-13.20937728881836,-18.407495498657227,12.255608558654785,10.266609191894531,-23.150854110717773,-14.015281677246094,-0.8889871835708618,-1.675669550895691,4.393064498901367,8.370060920715332,12.170675277709961,-2.7960002422332764
section_00_source_train_normal_0759_n_C.wav,normal,0.03205765411257744,0.13916327625798722,2093.0136362653175,2180.776974964767,4875.9734424920125,16.93165664709247,11.310106578135933,14.049876181351634,14.170636394699002,15.429143235725947,15.72184083642456,14.524342064168588,-154.40550231933594,76.97225952148438,11.28261661529541,15.570866584777832,6.999293327331543,9.350826263427734,1.8943928480148315,3.039841413497925,1.7741793394088745,3.8151702880859375,-0.9585151076316833,3.417604446411133,0.18076202273368835
section_00_source_train_normal_0749_n_C.wav,normal,0.031458914279937744,0.09925369408945688,1774.7911357063633,2002.6418496427311,4187.699680511182,20.4466740073091,11.340503402297955,13.886569272710057,14.190013067125102,14.700360152814362,16.63502724625548,14.513025700629592,-184.58998107910156,89.00017547607422,7.908406734466553,18.4736270904541,5.177400588989258,8.681537628173828,0.21557246148586273,7.758769512176514,0.9020944237709045,5.24153470993042,-2.0153987407684326,6.41098165512085,1.4405971765518188
section_00_source_train_normal_0607_n_A.wav,normal,0.032120510935783386,0.43391823083067094,4011.388588348214,2325.585983261667,6776.357827476038,17.70540540142224,14.350567565494249,20.953265184718045,18.888002386353172,19.921257316530934,17.611666271200512,17.124357430827867,-153.12229919433594,-14.995466232299805,-9.109869956970215,5.661745071411133,1.8120819330215454,-20.790569305419922,-13.802952766418457,-12.784770965576172,-0.32152295112609863,1.537481427192688,14.602997779846191,1.5637145042419434,-1.810154914855957
section_00_source_train_normal_0895_n_C.wav,normal,0.032041724771261215,0.12700460513178913,1920.0077762154356,2090.1383800178737,4537.465055910543,14.702199150654808,11.6442233712694,13.579656694759361,14.12424961162641,14.61505818846437,17.073871852594927,14.397214220670294,-165.7258758544922,81.92091369628906,13.169323921203613,20.682598114013672,4.345188617706299,9.548659324645996,0.018887687474489212,6.874257564544678,1.191701889038086,5.951300621032715,-2.6512184143066406,6.876439094543457,-1.5373784303665161
section_00_source_train_normal_0080_n_B.wav,normal,0.030484812334179878,0.21494203025159744,2584.299058951081,2196.2798779700174,5317.541932907348,17.31830772271577,11.824088326498735,13.803553627884593,15.091786056156693,14.65844030258636,15.042705348967218,14.6175417504001,-143.05825805664062,53.45888900756836,5.010080337524414,18.566024780273438,-1.4272853136062622,4.801640510559082,1.383149266242981,7.414041996002197,3.2269845008850098,3.8640148639678955,3.306941032409668,3.3514299392700195,0.6070234179496765
section_00_source_train_normal_0885_n_C.wav,normal,0.0319143608212471,0.1884469224241214,2314.389324138393,2140.4193709182096,4918.08107028754,17.45810197488035,11.529256665375678,14.037759927679726,15.86155830151233,14.767246623948271,15.640324159768577,15.57239580446057,-135.95248413085938,66.82012176513672,4.787199974060059,17.66870880126953,-1.1750662326812744,4.8219895362854,3.1836438179016113,7.260765552520752,-1.723621129989624,-4.377950191497803,-2.164874792098999,2.3225879669189453,-0.2345091551542282
section_00_source_train_normal_0617_n_A.wav,normal,0.03208480775356293,0.35611147164536744,3772.1205308755316,2222.188611238024,6472.2194488817895,17.497785540786452,13.068248571756614,18.707712627802568,18.505966847739728,22.416644449566494,16.750910630422787,17.082447309163204,-163.8629913330078,-14.792099952697754,-18.73511505126953,13.798904418945312,9.502887725830078,-23.175453186035156,-12.161280632019043,-1.0607929229736328,-1.8249601125717163,6.060300350189209,10.227432250976562,13.624238967895508,-3.5568621158599854
section_00_source_train_normal_0090_n_B.wav,normal,0.0303725004196167,0.15061214556709265,1987.4535366753273,1887.4755545310973,4103.409544728434,22.332408737975587,12.631065082966918,13.750443311468345,13.754478707079262,15.049998281429504,15.332693374885341,14.919735872830012,-166.8895263671875,79.60768127441406,-10.26638126373291,20.853330612182617,3.1182923316955566,9.09375,-2.0993990898132324,6.06238317489624,-1.6540607213974,4.053894996643066,-0.2948848605155945,1.7309086322784424,-1.0917768478393555
section_00_source_train_normal_0356_n_A.wav,normal,0.03212694078683853,0.3386628269768371,3525.7719615195206,2164.38782859086,6355.531150159744,18.57692394071541,13.930993973452379,20.535715460922155,21.13663025235929,22.552926640086383,17.14495722537584,15.359398952751862,-158.7890625,-10.187694549560547,-21.20171546936035,17.439807891845703,2.8553411960601807,-16.018146514892578,-15.58138370513916,-7.942846298217773,-6.213594913482666,-2.554478406906128,22.183074951171875,5.3717942237854,-10.444262504577637
section_00_source_train_normal_0346_n_A.wav,normal,0.03213467448949814,0.3931116463658147,3837.708665700027,2223.271747961059,6494.5836661341855,15.94051037918939,13.448133097014386,18.93913121102814,19.746338258095193,21.15884420190117,16.72098532738068,17.181195512573165,-154.2174835205078,-16.652393341064453,-20.217300415039062,6.194538116455078,6.021362781524658,-20.253782272338867,-13.0431489944458,-6.595302104949951,-6.396327972412109,7.279077053070068,8.83852481842041,10.57162094116211,-4.094391345977783
section_00_source_train_normal_0503_n_A.wav,normal,0.03211086988449097,0.36690669928115016,3757.703334150953,2229.9070553278643,6586.012380191693,14.973384424798112,13.796388046075768,18.464293028540478,19.088277020259618,21.52083099397407,16.3497600436064,16.09441346694638,-151.6269073486328,-14.529012680053711,-18.260290145874023,6.7500810623168945,3.3665273189544678,-15.648548126220703,-22.354167938232422,-15.244911193847656,-0.3571586608886719,2.826828956604004,4.663913726806641,4.189124584197998,2.304161310195923
section_00_source_train_normal_0513_n_A.wav,normal,0.03204553201794624,0.38764383236821087,3835.517078257898,2225.4215133945954,6486.895966453674,16.24038291869897,13.193439601879266,18.720053217881322,18.89725633086971,21.46105403393075,16.628210974812987,17.24416968977353,-155.92929077148438,-16.46589469909668,-18.32115364074707,9.240494728088379,6.2255539894104,-21.872209548950195,-14.412992477416992,-4.966185092926025,-3.988701581954956,6.543848514556885,7.9930033683776855,11.209346771240234,-2.2760071754455566
section_00_source_train_normal_0245_n_B.wav,normal,0.03199866786599159,0.1669625474241214,2459.1945154295186,2286.086110816102,5429.088458466454,18.738625705231588,11.890680972109037,13.443191538715203,13.574852816688965,14.51380492710204,14.384851438517687,14.810702428694503,-147.70713806152344,61.00474166870117,7.323026180267334,13.197473526000977,9.846626281738281,10.094954490661621,2.440359354019165,5.248293876647949,1.7108025550842285,4.171090126037598,1.1031235456466675,2.9325363636016846,4.140777111053467
section_00_source_train_normal_0255_n_B.wav,normal,0.029927890747785568,0.10644999251198083,1721.5094411582709,1858.118446314694,3692.467052715655,23.280552452397732,11.313227327982947,13.441422611270596,13.691765010053428,14.715340052611277,14.897228148177652,14.614371209729782,-183.66587829589844,94.2930908203125,-6.568572998046875,19.603801727294922,5.3685150146484375,7.510339736938477,1.0332105159759521,4.674057483673096,1.0896679162979126,3.01041841506958,-3.342743396759033,-1.183881402015686,-2.1036887168884277
section_00_source_train_normal_0123_n_B.wav,normal,0.032010018825531006,0.13907279602635783,2249.142615685043,2217.195710971365,5112.619808306709,19.76958108587069,11.2656802097827,13.910526679887822,13.633802068367277,14.964375400562336,14.556715456980955,14.359707154663994,-156.56033325195312,68.59573364257812,5.513724327087402,15.242866516113281,10.184412002563477,10.06408405303955,1.949844479560852,5.392424583435059,3.7592477798461914,5.594457626342773,1.3447248935699463,3.138681173324585,3.576164960861206
section_00_source_train_normal_0936_n_C.wav,normal,0.03202270343899727,0.13231329872204473,1921.3936996325767,2033.9287432170906,4387.05571086262,16.48211099289952,11.38264215832805,13.695327135111988,14.213353216625338,16.186557475204577,16.217678257622666,14.561887304807504,-161.70864868164062,82.8383560180664,7.925820827484131,21.62240982055664,4.102234840393066,10.281813621520996,1.2068588733673096,6.5514655113220215,-1.3245810270309448,5.9643354415893555,-2.778188467025757,2.8872058391571045,-1.2059326171875
section_00_source_train_normal_0133_n_B.wav,normal,0.03196157515048981,0.17410580571086262,2415.4002754972594,2242.7532841620646,5315.620007987221,18.046191198862687,11.765288421759744,14.100353792582284,14.942270911016534,15.949081639395938,14.405348545709263,15.305998955032951,-144.04115295410156,61.88608169555664,5.337018013000488,13.367425918579102,7.62441873550415,8.501728057861328,1.678313136100769,7.745511054992676,2.6927976608276367,1.142134666442871,-0.5025599002838135,6.565982818603516,3.8947396278381348
section_00_source_train_normal_0926_n_C.wav,normal,0.031888194382190704,0.18925968450479233,2288.3849640362087,2086.122543123219,4775.633985623003,16.386069603385415,11.316139733252411,13.526366491994123,14.44374344690632,14.870284137976771,16.23040988286551,15.888039636654524,-137.81285095214844,64.15772247314453,2.7098388671875,25.815750122070312,0.8303442001342773,7.582669258117676,2.1204183101654053,4.428865432739258,-1.6340688467025757,0.15963323414325714,-1.1647688150405884,3.9149279594421387,1.4475950002670288
section_00_source_train_normal_0782_n_C.wav,normal,0.03200431168079376,0.1413738019169329,2034.6614192279783,2096.4588795007708,4674.620607028754,17.54818693061196,11.032034388057314,13.641334809220199,14.777387141418142,15.641500078237852,15.28144354563274,14.455406281730218,-154.21493530273438,78.23690795898438,7.661620140075684,17.846458435058594,4.5969462394714355,10.496785163879395,0.6933009028434753,4.013570785522461,-1.3529789447784424,5.947715759277344,0.23743300139904022,6.122748851776123,-1.4691557884216309
section_00_source_train_normal_0792_n_C.wav,normal,0.03202623501420021,0.1251825204672524,1942.759500106706,2088.9251144185064,4564.8961661341855,17.20563044801955,11.537774119944487,13.835853944571507,13.608844366062357,14.575199778761217,16.32573825434299,14.193519391491476,-164.08673095703125,81.48297882080078,11.861892700195312,20.12919807434082,4.083869457244873,9.584003448486328,-0.5535121560096741,7.197484970092773,1.0134975910186768,5.328829288482666,-1.4568288326263428,6.390804767608643,-1.5871449708938599
section_00_source_train_normal_0766_n_C.wav,normal,0.032011810690164566,0.12060234874201278,1879.0942034665397,2030.3060820624503,4351.986821086262,17.258112719711946,11.095890410059985,13.26574151018471,14.088490274517179,14.595618731256394,15.946860258424328,14.54860812610281,-162.44943237304688,85.05741119384766,6.349797248840332,18.62772560119629,5.3104424476623535,10.212811470031738,0.7946039438247681,6.28963565826416,-0.21547165513038635,4.815893650054932,-2.200133800506592,5.446245193481445,0.4300224483013153
section_00_source_train_normal_0776_n_C.wav,normal,0.03205457702279091,0.1362616688298722,2017.8679953121157,2089.0827543417813,4614.716453674121,17.196684744415567,11.494493147215945,13.313548748259988,13.749776522545812,16.05965155375975,15.29595578571279,14.353937992858755,-154.15432739257812,78.44129180908203,7.272582530975342,21.044849395751953,6.650900840759277,7.616430282592773,-1.0887168645858765,6.187032699584961,0.8432350158691406,3.266637086868286,-1.5108190774917603,4.702061176300049,-0.32631567120552063
section_00_source_train_normal_0638_n_A.wav,normal,0.03210850805044174,0.44037196735223644,3915.43568727778,2262.982495778042,6671.475638977636,17.71775821821563,14.231414982187538,18.55267682849817,19.766849276442347,19.607124574248303,16.95731086823732,18.228620975135907,-144.7928009033203,-14.592785835266113,-14.353166580200195,10.174824714660645,2.3478827476501465,-19.66547393798828,-10.599017143249512,-12.449832916259766,-0.4842749536037445,4.701250076293945,10.734782218933105,10.503805160522461,0.5486221313476562
section_00_source_train_normal_0628_n_A.wav,normal,0.03210800141096115,0.39995850389376997,3779.2782468132664,2214.487105703757,6503.444488817891,17.10244069018952,13.603487087216386,19.92891040695328,20.488858107052504,19.341997747898677,17.150451355987474,15.708524046556018,-144.45069885253906,-13.371906280517578,-15.656432151794434,5.990381240844727,2.113520860671997,-10.523499488830566,-10.050261497497559,-5.95732307434082,-10.096534729003906,-2.7650840282440186,10.166523933410645,9.627525329589844,-11.911794662475586
section_00_source_train_normal_0426_n_A.wav,normal,0.032123927026987076,0.39636581469648563,3756.8536526534667,2210.088096352903,6484.899161341853,17.52176238125584,13.098550008487246,19.968841546075435,20.732759945335456,19.317692680876284,17.4012077637502,15.595759365041081,-145.064453125,-12.961670875549316,-16.123764038085938,7.154033184051514,2.7889416217803955,-8.971639633178711,-6.558550834655762,-3.6598613262176514,-11.08454418182373,-3.5298209190368652,11.237627029418945,9.865006446838379,-12.332409858703613
section_00_source_train_normal_0436_n_A.wav,normal,0.03207988664507866,0.40661192092651754,3969.4083389700377,2342.9213460345154,6817.816493610224,17.068727446456595,14.13258921157563,21.41037925613007,19.89356989832984,20.2866356853612,16.723280553506378,16.652147218952972,-151.922607421875,-13.47445011138916,-11.879639625549316,0.06766870617866516,0.6389157176017761,-18.28311538696289,-12.539227485656738,-14.595475196838379,-3.335162878036499,0.2681293785572052,13.543049812316895,0.8774617910385132,-0.057798709720373154
section_00_source_train_normal_0218_n_B.wav,normal,0.03182963281869888,0.1525122304313099,2113.1140437777462,2032.4093870679894,4546.924920127795,18.672681942554373,11.628208351603035,13.338883232475776,13.716363809745722,14.891177938484626,14.79428544889312,14.510010727006017,-145.99017333984375,74.85233306884766,-4.846466541290283,16.158353805541992,3.941687822341919,9.78952693939209,-0.6038700938224792,5.8587236404418945,3.1862144470214844,5.190603733062744,0.7453340291976929,3.169903516769409,2.9326930046081543
section_00_source_train_normal_0208_n_B.wav,normal,0.032029494643211365,0.15965704872204473,2382.039700770425,2224.358929359145,5251.996805111821,19.49476355491905,11.598529712782803,13.499318680261883,13.695870511262504,14.68996169042269,14.60856575172239,14.45744019005278,-149.7315216064453,62.172325134277344,4.603034973144531,16.83237075805664,8.565164566040039,9.813790321350098,2.8955788612365723,5.584508419036865,1.6423070430755615,5.098690509796143,1.0777424573898315,3.900789499282837,2.7791428565979004
section_00_source_train_normal_0813_n_C.wav,normal,0.03199208155274391,0.13965935752795527,1965.33340928081,2003.3067351337254,4318.515375399361,17.378891285033358,11.356846838979084,13.481579319660309,14.28134043572028,16.536998170217597,15.566073305202744,14.441595610556359,-155.24314880371094,80.74495697021484,1.7974172830581665,23.178302764892578,5.359618186950684,6.975249767303467,-0.4568527638912201,7.004439830780029,2.026453733444214,2.241175889968872,-4.7071332931518555,4.580389499664307,0.5968602299690247
section_00_source_train_normal_0006_n_B.wav,normal,0.031729768961668015,0.13906031599440893,2023.675660332497,1980.0248593890883,4283.59624600639,19.15202574759308,11.85244994593502,13.724788588038571,14.16994773934691,17.2129581641258,15.330715197219517,14.600474142513859,-160.55526733398438,76.28199005126953,-5.462924003601074,22.61715316772461,5.2777533531188965,7.16779088973999,-0.2531338930130005,6.264153003692627,5.3848748207092285,5.2421345710754395,-1.4244308471679688,2.5064899921417236,3.911224126815796
section_00_source_train_normal_0803_n_C.wav,normal,0.03196142613887787,0.17116831819089456,2228.0162117318373,2131.2398355130113,4815.270567092652,16.992883167963164,11.191995399012239,13.982130184576583,14.544241578092176,14.5055407727099,15.492953594213676,14.967996353823928,-141.41348266601562,69.98658752441406,8.185297012329102,20.5544490814209,-0.7523367404937744,7.469337463378906,2.9996466636657715,4.5665974617004395,-3.001351833343506,-2.2659974098205566,-2.0919885635375977,3.754277467727661,2.403289794921875
section_00_source_train_normal_0016_n_B.wav,normal,0.0318693108856678,0.16952875399361023,2338.1258047840847,2124.849083040051,4915.335463258786,19.00764710775655,11.62717629187006,13.427262957250852,14.068524971289834,15.571804118689183,15.113272090309696,14.66624968127901,-145.0679473876953,61.80819320678711,-1.7414382696151733,19.886770248413086,6.730246543884277,11.193592071533203,-0.4153374135494232,3.689818859100342,5.045504570007324,4.016529083251953,-1.4855306148529053,4.506060600280762,4.9180097579956055
section_00_source_train_normal_0871_n_C.wav,normal,0.03198649361729622,0.1601734100439297,2093.844242894389,2081.8944448517573,4687.400159744409,16.78178044265998,11.402912556204102,13.769199976995882,14.011853567637834,15.823275300451709,17.052625656724462,14.79669884335043,-150.48599243164062,74.35274505615234,4.642764568328857,21.603199005126953,6.219725131988525,8.130369186401367,-0.9792004823684692,5.912224769592285,-0.3547155559062958,4.954663276672363,-3.9885175228118896,6.601812839508057,-1.2864694595336914
section_00_source_train_normal_0064_n_B.wav,normal,0.03190417215228081,0.13487014526757188,2053.3650495084503,1969.8601007417005,4314.596645367412,20.038892517012858,12.545312610502265,13.59028397937997,13.696860638993721,15.096469850205008,15.394450633653841,14.611272220741998,-155.37588500976562,73.54034423828125,-11.325356483459473,22.82324981689453,9.547648429870605,9.181891441345215,1.9630411863327026,5.5843963623046875,0.7762890458106995,6.616025447845459,-1.3349758386611938,6.33288049697876,2.5532257556915283
section_00_source_train_normal_0909_n_C.wav,normal,0.03199867531657219,0.12869564946086262,1897.0902138220265,2045.1610787734285,4427.540934504792,16.350160125640958,11.157738845380859,13.72460905502534,14.169342246622474,15.389318702416318,16.59654338891158,14.39645828109527,-159.07460021972656,85.34131622314453,8.207308769226074,19.002805709838867,7.300718784332275,8.506780624389648,-3.2245917320251465,5.351405620574951,-1.26707124710083,2.5149853229522705,-3.749286651611328,4.682358264923096,-0.7757427096366882
section_00_source_train_normal_0861_n_C.wav,normal,0.031699150800704956,0.16149005341453673,2109.6414476654545,2005.8779911607937,4484.399960063898,17.521699687305215,11.563541158290324,13.86435474921825,13.720846573839948,14.649415165317654,15.596770410313052,14.996568413739075,-146.9774932861328,72.94340515136719,-2.1799581050872803,23.443811416625977,4.196003437042236,10.711617469787598,-0.12125825881958008,4.955857276916504,0.5154365301132202,4.05211877822876,-2.233335018157959,4.678452014923096,-1.0299925804138184
section_00_source_train_normal_0919_n_C.wav,normal,0.02645770087838173,0.13736459165335463,1987.8839713653279,2047.3121267760018,4493.85982428115,17.430254139612,11.100393684446278,14.101856855163039,13.927970673328202,14.299384143786439,15.974940098699001,14.318040987124991,-186.6429443359375,78.79263305664062,4.675786018371582,21.315954208374023,6.8455915451049805,9.573480606079102,0.3793511986732483,5.511161804199219,-1.8886765241622925,3.2788772583007812,-0.6362804174423218,5.751054763793945,-1.090981364250183
section_00_source_train_normal_0074_n_B.wav,normal,0.031747493892908096,0.1729748028154952,2127.477063999958,1969.301167536693,4351.612420127795,17.030418699794186,12.313298734570097,13.662600410281195,13.48437354622892,16.427655214024323,15.3862685158699,14.740807078826412,-143.1989288330078,72.0750961303711,-12.099984169006348,22.42241668701172,6.441403865814209,7.106510639190674,2.634542226791382,1.7420368194580078,1.1906591653823853,6.9588799476623535,-3.7934203147888184,6.531508445739746,3.510969877243042
section_00_source_train_normal_0585_n_A.wav,normal,0.032126132398843765,0.3331404128394569,3652.1169805704717,2332.231580517656,6756.814097444089,15.305479967604327,13.481835313354587,20.200305656279866,20.92667747084191,22.327423808384424,16.677032516286033,16.17873245808288,-163.60826110839844,-8.319461822509766,-18.452058792114258,8.654563903808594,4.38253927230835,-34.9373664855957,-23.45531463623047,-6.103146553039551,3.718562126159668,5.186886310577393,17.82811737060547,-1.470205307006836,-5.165075778961182
section_00_source_train_normal_0302_n_B.wav,normal,0.03056665137410164,0.14359368759984026,2147.2764114481934,2088.2066175713985,4670.926517571885,20.779180067256316,11.287462468932624,13.299003051219513,13.968091981990108,14.421201028872343,14.853659448902354,14.255476892324326,-163.9884490966797,72.45370483398438,0.9805615544319153,18.83609962463379,4.0271830558776855,6.703391075134277,3.3110625743865967,4.014655590057373,1.8653907775878906,4.351038932800293,-0.6239440441131592,4.947023868560791,2.441767930984497
section_00_source_train_normal_0595_n_A.wav,normal,0.03211940452456474,0.3312684080471246,3648.196737977372,2334.3389693704144,6741.937899361023,19.261638027250836,12.838286291966538,20.441858182116505,22.21126501418952,21.788950349238682,16.43956768498495,16.37025270699056,-157.84881591796875,-6.765275478363037,-15.5808687210083,14.000640869140625,5.774850845336914,-31.840078353881836,-16.98007583618164,-3.6853818893432617,7.14307165145874,8.824625968933105,20.904556274414062,1.3804409503936768,-7.282649517059326
section_00_source_train_normal_0312_n_B.wav,normal,0.03194722533226013,0.12198295227635783,2118.9122456604773,2175.8138537685477,4891.798123003195,19.762628790414176,11.549570341491409,13.500033483555292,13.645329546375434,15.35091964548985,14.277657652943086,14.079279886931143,-161.65634155273438,74.65109252929688,3.387507438659668,14.798941612243652,12.577899932861328,7.940103530883789,2.375331163406372,5.526897430419922,2.766158103942871,3.527686595916748,1.1664766073226929,2.7512292861938477,3.504892587661743
section_00_source_train_normal_0369_n_A.wav,normal,0.032112497836351395,0.42866257737619806,3877.5194418257124,2236.9631170922444,6527.580870607028,15.819409862113796,13.289718509102606,20.135850976527948,18.434526876581312,18.03528153641261,16.771261887336042,15.605177482822626,-139.0179443359375,-12.61637020111084,-11.627159118652344,1.1205284595489502,-2.5739102363586426,-10.402936935424805,-8.920470237731934,-5.692343235015869,-8.602471351623535,-4.326548099517822,6.571228981018066,11.913555145263672,-10.202987670898438
section_00_source_train_normal_0379_n_A.wav,normal,0.032104507088661194,0.4472313049121406,3948.0690764162887,2252.0156668218424,6660.792731629393,14.989300610408733,13.513551662588155,18.662966509227157,17.73895995878938,19.240016754139702,16.474394224353585,17.261609706661055,-144.92538452148438,-16.475055694580078,-10.6609468460083,5.900275230407715,-4.124223232269287,-22.18136978149414,-16.845544815063477,-13.076414108276367,-1.4328184127807617,5.075281143188477,7.958155155181885,8.339460372924805,-2.9664485454559326
section_00_source_train_normal_0444_n_A.wav,normal,0.03210398927330971,0.44365421575479236,3926.4816224674373,2286.267953217046,6694.164337060703,18.770601485605912,14.30740481870561,18.770435830690296,19.90051129895479,19.321802444500104,16.97249694178335,17.987299463047773,-143.8773956298828,-12.38063907623291,-11.828096389770508,8.380415916442871,1.6172691583633423,-16.88680076599121,-8.602112770080566,-11.840158462524414,2.340153694152832,5.26268196105957,10.613231658935547,12.375862121582031,4.2162089347839355
section_00_source_train_normal_0454_n_A.wav,normal,0.03211686760187149,0.3547979482827476,3730.483790729484,2244.413709002579,6594.124400958466,15.593863207213197,13.765930187941422,17.860811412810882,20.488795841828512,21.562415514642108,16.785429824127224,16.0678442447998,-151.56167602539062,-12.941001892089844,-18.867029190063477,7.090546607971191,4.2911601066589355,-15.318471908569336,-20.318683624267578,-13.240955352783203,1.1136609315872192,1.4170680046081543,5.173650741577148,6.680271148681641,3.891277551651001
section_00_source_train_normal_0704_n_C.wav,normal,0.03206432983279228,0.12737276607428116,1896.2237030659392,2045.5393844058592,4427.540934504792,16.328716206491404,11.136906755848514,13.519486193025118,14.037779401678463,15.840067055095655,16.726232848124223,14.717490317518108,-159.68246459960938,84.46407318115234,8.43823528289795,20.179563522338867,6.575753688812256,9.482189178466797,-1.4740811586380005,5.5328593254089355,-1.2998204231262207,3.5557148456573486,-3.702894449234009,4.997520923614502,-0.3272399306297302
section_00_source_train_normal_0714_n_C.wav,normal,0.03158140182495117,0.10485254842252396,1908.4915302579682,2088.0669518159493,4508.03714057508,19.676595168924603,11.211657815495116,14.001288993291569,13.929823958273868,14.730785759445752,15.090198040624355,14.319859109036967,-178.0646209716797,83.80338287353516,9.747419357299805,17.001802444458008,6.185180187225342,8.589699745178223,0.512283205986023,6.857532024383545,1.753476619720459,5.193134307861328,-0.7360418438911438,3.9992785453796387,2.9107666015625
section_00_source_train_normal_0183_n_B.wav,normal,0.02320827730000019,0.24510626747204473,2780.1571920215233,2188.684235193296,5471.919928115016,19.622571626554663,11.52693056717391,14.30405749935371,14.980893940826494,15.06260453398807,15.221408408450047,14.703888946694448,-187.23602294921875,42.882999420166016,-1.0951411724090576,14.885918617248535,2.7893760204315186,9.688154220581055,1.5701878070831299,5.447901725769043,2.646022081375122,5.722221851348877,3.631507158279419,3.448148488998413,-1.4187427759170532
section_00_source_train_normal_0193_n_B.wav,normal,0.030987964943051338,0.1317563772963259,2011.0203089434508,2036.2612116987327,4488.493410543131,19.089743142414505,11.438685736428061,13.62145786147291,13.839733823637504,14.881521090585348,14.752422535638164,14.363899182466481,-159.36257934570312,80.39434814453125,0.31687089800834656,16.695941925048828,2.4593002796173096,7.18929386138916,-0.4601035416126251,6.9264140129089355,1.1040432453155518,3.7074599266052246,-0.2396962195634842,3.9835567474365234,0.7908644676208496
section_00_source_train_normal_0986_n_C.wav,normal,0.03011164255440235,0.15200366912939298,2090.126883678854,2084.524263933404,4650.134784345048,17.241128483567287,11.38158210645762,14.123404708504236,14.596809001269992,15.155291711696558,16.392829622682047,14.82273086599068,-162.3134765625,74.29051971435547,4.3057355880737305,20.154644012451172,6.558659076690674,9.147504806518555,1.0144985914230347,4.263745307922363,-0.8191859126091003,3.667454719543457,-1.692569613456726,4.084161281585693,-0.07234233617782593
section_00_source_train_normal_0722_n_C.wav,normal,0.032025158405303955,0.12984225239616615,1946.3927222631435,2047.5490054006043,4470.022963258786,17.171851226089643,11.373299305132896,13.847149933884781,14.031326351710772,14.533357758248131,15.266902610077842,14.787788824146793,-157.9145050048828,81.45035552978516,7.8523969650268555,22.544723510742188,3.8303964138031006,9.245733261108398,-1.2312766313552856,5.166238784790039,0.0787731483578682,5.87449312210083,-2.7844440937042236,2.5329384803771973,0.09619355201721191
section_00_source_train_normal_0732_n_C.wav,normal,0.03165116533637047,0.10928139976038338,1869.1129159874583,2046.7044605051544,4370.956469648562,20.083263231460773,11.203397634298911,13.789788026228976,14.036736817830292,14.540836757695525,14.779205262991479,14.253752051096491,-176.0414581298828,85.59112548828125,8.277140617370605,18.301925659179688,5.441857814788818,8.697664260864258,0.1400584727525711,7.7457756996154785,0.9901154041290283,4.60980224609375,0.08649563789367676,4.639045715332031,1.6865460872650146
section_00_target_train_normal_0006_n_E.wav,normal,0.03201885521411896,0.03450728833865815,1044.5001486248784,1576.195855464451,2232.70267571885,19.132456405523534,13.938776996686087,14.65752352052748,16.548716499525842,17.563677919442377,14.907755931461098,14.010955369404519,-265.614990234375,120.71996307373047,3.511897087097168,22.131507873535156,14.938983917236328,22.231138229370117,15.444772720336914,14.961344718933105,2.8920459747314453,2.3238954544067383,5.250829696655273,8.087985038757324,4.906233787536621
section_00_source_train_normal_0462_n_A.wav,normal,0.0321098230779171,0.3700579073482428,3767.821561757717,2266.159709610463,6629.542731629393,15.312400371365525,14.046861532226925,18.516637240711326,20.94701207606607,20.626973477995776,15.9250407580488,15.821395863049794,-147.8433380126953,-12.192913055419922,-17.65378761291504,4.08475923538208,4.358104705810547,-14.113998413085938,-19.015178680419922,-15.621310234069824,-1.1324740648269653,4.373126983642578,5.273723602294922,3.9184367656707764,4.186398029327393
section_00_source_train_normal_0472_n_A.wav,normal,0.03211672976613045,0.4149017821485623,3923.401269210148,2265.968363062094,6644.918130990415,18.86716288758531,13.97215666744893,18.16902946571708,19.03202831154361,21.484793632089197,16.0179053173264,17.932562033276326,-151.26927185058594,-14.483349800109863,-10.807222366333008,11.606053352355957,6.057078838348389,-22.31371307373047,-12.050674438476562,-1.1589628458023071,-3.9205915927886963,-0.009153226390480995,11.713168144226074,14.134360313415527,2.4310264587402344
section_00_source_train_normal_0324_n_B.wav,normal,0.03181254118680954,0.22646577975239618,2565.2007699506144,2158.04725439894,5161.71625399361,18.649545248686838,12.01763285243681,13.282146979173472,14.53728072485138,14.573964761544083,15.599308625075844,15.184385319210973,-132.3641815185547,54.7611083984375,2.387524366378784,16.386085510253906,-1.4696491956710815,13.54263973236084,1.3805855512619019,8.384394645690918,-0.2954047918319702,0.7833012938499451,-0.6947733163833618,0.6556631922721863,3.8166146278381348
section_00_source_train_normal_0857_n_C.wav,normal,0.03201743960380554,0.16370525908546327,2295.343913512708,2238.531412581642,5186.376797124601,17.26972148611828,10.951323713219143,13.967998554715026,14.577101275495144,15.815104541350134,14.29564813450003,14.835843923908147,-149.94390869140625,66.83222198486328,12.961494445800781,19.25694465637207,7.856673717498779,8.847413063049316,0.5502219796180725,7.052285671234131,1.418148159980774,2.3239333629608154,-1.1744502782821655,3.9100871086120605,2.0359106063842773
section_00_source_train_normal_0042_n_B.wav,normal,0.03206716477870941,0.18559835513178913,2512.439081385331,2178.645593908496,5181.859025559105,19.962735726045825,11.961906132867247,13.908132690733623,14.116881662323008,15.74436694384113,14.938253691612863,14.649496230073424,-140.15916442871094,54.43306350708008,1.9187448024749756,20.284114837646484,4.6990509033203125,10.487212181091309,-2.7052087783813477,2.9149272441864014,7.59446382522583,5.866681098937988,-2.1112866401672363,4.5312819480896,5.43814754486084
section_00_source_train_normal_0847_n_C.wav,normal,0.032043348997831345,0.1506932657747604,2137.620279998858,2134.2158856634965,4833.092052715655,17.66182343244975,11.148647104806598,14.046771131496433,14.449879815805149,14.503755391721706,15.491802106113493,15.461325455792403,-152.18133544921875,73.23355102539062,10.789521217346191,19.387706756591797,4.213068008422852,13.034734725952148,-0.5193138122558594,4.124630928039551,-1.5053640604019165,4.298790454864502,-0.5648064017295837,4.87835693359375,-2.324248790740967
section_00_source_train_normal_0052_n_B.wav,normal,0.03192232921719551,0.13005909295127796,2015.0881475347776,2014.2214064228767,4412.090654952077,19.93468689621172,11.601301605628223,13.401217193388833,13.50020506325485,14.836853266384848,14.875197977608483,14.620844496661627,-157.1016845703125,78.25438690185547,-1.7232755422592163,20.35191535949707,2.167785406112671,6.342782974243164,0.8840250372886658,7.625041961669922,1.0296550989151,5.85565710067749,3.6435723304748535,3.963210105895996,1.335231065750122
section_00_source_train_normal_0681_n_C.wav,normal,0.031968921422958374,0.11794410193690096,1843.3010058436555,2018.8280144279947,4298.572284345048,17.45002241076189,11.216136129933389,13.892609736003505,13.947769538857145,14.839238081580785,15.976061673188273,14.467567487654135,-163.22988891601562,87.70361328125,8.165804862976074,19.43913459777832,6.1857075691223145,8.810420989990234,-2.2077183723449707,5.384973526000977,-0.8717526793479919,2.3223187923431396,-2.9745934009552,4.905642032623291,-0.29579630494117737
section_00_source_train_normal_0691_n_C.wav,normal,0.030659420415759087,0.11978646665335463,1851.4584127482226,1939.1764075606109,4089.6815095846646,19.408677237668496,11.057841217777742,13.755394564503963,14.232290084588554,15.593159192744643,16.621192091818372,14.561126123360873,-178.89697265625,84.64385986328125,-2.5067410469055176,18.878389358520508,5.07562255859375,9.256449699401855,1.5433441400527954,8.479361534118652,0.7978405356407166,5.266416549682617,-2.0059878826141357,5.490994930267334,0.9670272469520569
section_00_source_train_normal_0158_n_B.wav,normal,0.03194696083664894,0.14507413138977635,2077.7558832726663,2054.2855137064453,4552.066693290735,18.583052320156057,11.633860013869917,13.283633411835266,13.97007692258377,15.020600820014993,14.838104523854641,14.302920312250997,-145.95147705078125,77.81359100341797,-0.4111216366291046,17.128759384155273,2.3321261405944824,5.1852240562438965,0.03579658269882202,6.027446746826172,1.9075276851654053,3.332913398742676,1.4573051929473877,4.931121826171875,0.29154548048973083
section_00_source_train_normal_0835_n_C.wav,normal,0.031902506947517395,0.14580421325878595,2075.8170072538846,2117.082995552095,4723.76697284345,16.399666381333216,11.274616934509096,13.727150993099736,14.911565413022261,16.16045932465016,15.929645608569317,14.592031267850427,-153.3394012451172,76.63986206054688,6.139803886413574,16.9826717376709,6.922536373138428,8.110027313232422,0.8462238907814026,5.247872352600098,0.8280314207077026,1.7195444107055664,-2.4016642570495605,7.881622791290283,0.43996956944465637
section_00_source_train_normal_0020_n_B.wav,normal,0.030137015506625175,0.1517790285543131,2201.7335244166848,2055.891634490498,4652.555910543131,19.667886383013634,11.646326405631566,13.308503759266358,13.982771051095988,14.431732844716159,15.055985966932894,14.624207180433949,-161.27346801757812,67.8491439819336,-4.173281669616699,19.323925018310547,3.3262038230895996,8.606651306152344,3.0323495864868164,7.425846576690674,3.30136775970459,4.7374491691589355,3.816556692123413,4.316375255584717,0.14080560207366943
section_00_source_train_normal_0825_n_C.wav,normal,0.031840309500694275,0.16700778753993611,2196.7649378216424,2122.0737070781047,4796.375798722045,17.38769403688265,11.25995858396996,13.92375520667487,14.744602481698399,14.474912323134564,15.561673936193472,15.094426814660958,-142.3656463623047,71.81713104248047,5.552375316619873,16.976999282836914,1.0519354343414307,9.619797706604004,4.01246976852417,6.582447052001953,-2.8212926387786865,-3.122116804122925,-1.7895222902297974,3.731450080871582,2.8441994190216064
section_00_source_train_normal_0148_n_B.wav,normal,0.03204572573304176,0.1592108875798722,2056.399321154001,1921.1520741215763,4185.902555910543,18.290649582130474,12.108050455707236,14.13408933211314,14.620197102937512,16.2339374944149,15.64316584428801,14.755304991884707,-142.20794677734375,75.56071472167969,-14.804954528808594,22.478818893432617,7.827625751495361,4.181612491607666,-1.1548172235488892,5.497376441955566,2.7215816974639893,6.5380778312683105,-2.0885629653930664,5.304596424102783,1.7266088724136353
section_00_source_train_normal_0030_n_B.wav,normal,0.03177342191338539,0.14776981829073482,2179.3482177363608,2169.971753676282,4940.420327476038,18.352953868390284,11.521385755595844,13.73823713861638,14.06882318254744,15.815396621313162,14.80992103856294,14.4623973887084,-151.58558654785156,72.83978271484375,6.82420015335083,15.3890962600708,5.572119235992432,6.529275894165039,-1.2710740566253662,5.083863735198975,2.621555805206299,3.545245885848999,2.37975811958313,7.653815746307373,3.2511720657348633
section_00_source_train_normal_0394_n_A.wav,normal,0.03211219981312752,0.3991847419129393,3732.0982174888704,2250.04168177604,6495.731829073482,15.885292022736659,13.297158196769026,17.556476691191545,17.791965653279757,19.828184433121294,15.938915281675344,16.449758167780757,-137.9722900390625,-6.911828517913818,-16.02004623413086,5.3457512855529785,-0.6132269501686096,-22.800100326538086,-14.919693946838379,-2.7478628158569336,-6.388707160949707,-0.45739805698394775,6.294081211090088,6.2847065925598145,-2.5456387996673584
section_00_source_train_normal_0384_n_A.wav,normal,0.03211034834384918,0.4015637480031949,3741.018581760268,2233.6233374499448,6488.967651757189,18.945951876614792,13.017931907903604,16.874901672553253,16.734164584244084,20.553791312635422,16.70193076905099,16.96398912578488,-140.53501892089844,-7.403911590576172,-12.149569511413574,12.145214080810547,0.9848473072052002,-19.88357162475586,-10.698882102966309,-0.9769245982170105,-6.04362154006958,2.8856635093688965,10.941573143005371,6.818986415863037,-2.7931106090545654
section_00_source_train_normal_0578_n_A.wav,normal,0.03205760940909386,0.38124625599041534,3823.399499919793,2235.8895153291023,6490.565095846646,16.171539150300404,13.50932752861506,19.039721185420156,19.354559941175623,21.43006723461911,16.41089504776578,17.268136486108794,-155.30039978027344,-15.06618595123291,-17.261714935302734,10.675102233886719,8.3314208984375,-20.936370849609375,-13.595648765563965,-4.005311965942383,-2.0658977031707764,7.7320475578308105,9.295456886291504,12.582035064697266,-1.854358434677124
section_00_source_train_normal_0287_n_B.wav,normal,0.03191910311579704,0.22557033746006389,2593.8493597215943,2174.3795886680236,5249.7254392971245,19.13635552755017,11.838145761673395,13.969809400368383,14.335868324179962,14.610765403536984,15.31015968134263,15.434851117565005,-127.99462127685547,52.89046096801758,-0.8525755405426025,15.615973472595215,1.70111083984375,9.516796112060547,3.661844491958618,9.251440048217773,-3.0063960552215576,-2.517331600189209,-0.5112289786338806,1.4879677295684814,3.128669023513794
section_00_source_train_normal_0400_n_A.wav,normal,0.03213364630937576,0.3937684080471246,3689.9215761110195,2247.49778666504,6473.6172124600635,17.161817005357175,13.701268899107278,16.949592139574385,17.16985780522346,19.592408409104767,16.137336934664557,16.619177987291607,-136.7803497314453,-4.803835391998291,-13.492047309875488,9.708473205566406,1.194164752960205,-22.231595993041992,-14.138853073120117,-3.348762273788452,-5.245176315307617,5.05015230178833,9.82532024383545,6.873631954193115,-1.6643749475479126
section_00_source_train_normal_0568_n_A.wav,normal,0.032107025384902954,0.3989959814297125,3745.8442159357733,2242.5205493839862,6497.703674121406,16.63840445048929,13.258476540284938,17.46327626429609,17.036698935668085,19.81607976693922,16.12947828537276,16.40191870204419,-139.49896240234375,-7.906424045562744,-14.522120475769043,7.646495342254639,-0.37088146805763245,-22.95786476135254,-14.878265380859375,-1.5696793794631958,-5.952062129974365,-0.2844580411911011,6.598476886749268,4.972228527069092,-1.9573040008544922
section_00_source_train_normal_0297_n_B.wav,normal,0.03206407651305199,0.13732403154952078,2091.733025530185,2103.8631271573995,4673.472444089457,18.46677669990814,12.243298778563654,13.657286508852199,14.09169151969357,15.252646787016094,14.749531072504297,14.344182587119274,-151.42568969726562,76.2683334350586,2.058767795562744,16.890138626098633,5.628750801086426,6.576038360595703,1.975711464881897,6.565839767456055,3.2055912017822266,3.2592430114746094,2.2889275550842285,4.992715358734131,0.5110817551612854
section_00_source_train_normal_0410_n_A.wav,normal,0.03212685137987137,0.4030363917731629,3926.8223442140143,2355.3185241789306,6802.1166134185305,18.510363842884423,14.279039688367183,21.16575670370668,20.19527028023356,20.37726870983901,16.97199665387289,16.732578828930997,-149.86204528808594,-10.284673690795898,-10.688915252685547,-0.1713094711303711,1.9561400413513184,-14.97898006439209,-9.817829132080078,-13.170564651489258,-3.3873560428619385,1.257514476776123,14.948101997375488,2.444856882095337,1.6672025918960571
section_00_source_train_normal_0740_n_C.wav,normal,0.03199881687760353,0.11412989217252396,1840.216077580973,2029.7946813813705,4361.995806709265,17.997129299415896,10.993954050721108,13.6426566131185,13.81579363085345,14.36199475077183,15.78348828611285,14.543796311195868,-164.84361267089844,88.06172943115234,10.838082313537598,17.77394676208496,2.9380955696105957,9.646637916564941,-1.6641018390655518,5.940446853637695,-2.4519519805908203,4.053513050079346,-0.6331356763839722,5.989345073699951,-1.9431633949279785
section_00_source_train_normal_0750_n_C.wav,normal,0.03190235421061516,0.15707680211661343,2183.149979765182,2148.4783671235364,4879.617611821086,17.997568602432306,11.578940556497518,13.755729386342292,14.596453594656621,14.412992823678088,15.41369564873999,15.415391464688124,-144.41720581054688,72.90617370605469,7.117047309875488,16.706634521484375,3.360032558441162,7.748581886291504,2.4770290851593018,4.9875688552856445,0.35568004846572876,-0.28055548667907715,-5.007096290588379,2.8246560096740723,0.42290422320365906
section_00_source_train_normal_0099_n_B.wav,normal,0.03182380646467209,0.1633916982827476,2215.5483045076458,2070.618527068571,4735.772763578275,19.17794524571208,11.808379216205921,13.324909936514604,14.225252975807212,15.034811034231828,15.578706414855223,15.531003987432195,-144.15663146972656,68.46480560302734,-4.0954742431640625,16.76496124267578,4.403195381164551,12.357460021972656,0.46786850690841675,6.105531215667725,0.39182740449905396,5.194324493408203,4.615655422210693,1.4743179082870483,2.526665449142456
section_00_source_train_normal_0089_n_B.wav,normal,0.03185558691620827,0.1872113992611821,2414.9013777097143,2167.3266314537823,5108.775958466454,18.721909418202294,11.362663186438244,13.460871929513445,13.745804899358125,14.115052772402018,14.270702948827353,14.458372718279467,-137.1894073486328,61.88538360595703,1.8697831630706787,17.270973205566406,2.6212024688720703,6.574507236480713,2.7529757022857666,5.917110443115234,1.4179210662841797,4.147528648376465,1.1730488538742065,5.13955545425415,1.7344237565994263
section_00_source_train_normal_0868_n_C.wav,normal,0.03203444927930832,0.12906693041134185,1937.8875730461289,2092.8824851016243,4515.525159744409,17.742633957739244,11.62000417319735,13.895460537473356,14.940606584446746,16.015483709411278,16.178310225993084,15.471308250942268,-160.441162109375,83.15269470214844,10.561749458312988,17.942541122436523,5.775302886962891,6.489037990570068,1.0738977193832397,6.345361709594727,-0.5533651113510132,0.05887695029377937,0.2116856724023819,6.307132244110107,-1.3508961200714111
section_00_source_train_normal_0105_n_B.wav,normal,0.03181528300046921,0.1637286591453674,2114.716133291159,1981.1656442374376,4433.70607028754,15.356541083853926,11.53627520724108,13.803028150369238,13.925940107642965,14.855768424431847,15.387305223815313,14.701503275947454,-142.54302978515625,72.4922866821289,-10.250189781188965,21.072399139404297,5.806607723236084,8.661935806274414,0.7906172275543213,5.502072334289551,2.101670503616333,5.661101818084717,-2.9130024909973145,4.36308479309082,2.0055789947509766
section_00_source_train_normal_0910_n_C.wav,normal,0.03130273520946503,0.13600894818290735,1950.7450947465886,2032.7928499811032,4445.437300319489,17.09898067026521,11.179367190724976,13.699067180796227,14.600584934642715,15.10431929485043,16.542160415512345,14.596294727595557,-163.4298095703125,81.15274047851562,5.884974002838135,19.592554092407227,5.180642127990723,10.673089981079102,-0.0837363600730896,6.650810241699219,-0.16445890069007874,4.885135650634766,-3.3779547214508057,4.776416778564453,-0.7813839316368103
section_00_source_train_normal_0115_n_B.wav,normal,0.02978556975722313,0.09745032947284345,1708.4157682672574,1903.2840776847436,3735.1238019169327,23.918021349560235,11.854338565589035,13.123813761890338,13.886282115800764,14.596947231318268,14.906290584451897,15.926751752752303,-190.49288940429688,95.11326599121094,-1.9660123586654663,17.91796112060547,6.151411533355713,6.2205939292907715,3.0976972579956055,4.214084625244141,1.1212961673736572,2.203279495239258,-2.209636688232422,-0.051547762006521225,-1.9163775444030762
section_00_source_train_normal_0878_n_C.wav,normal,0.03199584037065506,0.14599453374600638,2070.322973070231,2087.8605222210117,4641.39876198083,17.158349261006588,11.303476435392142,13.216815956939707,13.88543009009695,15.277401815837733,15.843681326059828,14.560696448765546,-151.36766052246094,76.08199310302734,6.300495147705078,20.84861183166504,3.970468282699585,11.520078659057617,0.4844644069671631,4.512951850891113,1.433210849761963,2.868971824645996,-3.1318533420562744,3.881208896636963,0.5445683598518372
section_00_source_train_normal_0900_n_C.wav,normal,0.03198333457112312,0.1450772513977636,2070.402079555625,2102.8713889504534,4687.075678913738,17.12424067755777,11.32731348590909,13.383283629810155,13.969418822927997,14.246061400819608,15.873016141719475,14.407871999401747,-151.12998962402344,76.88861846923828,7.925549030303955,19.2413387298584,2.7929153442382812,8.290200233459473,1.330546498298645,4.722866535186768,-0.9126784801483154,4.0576491355896,-1.463715672492981,5.8751115798950195,-0.9891330003738403
section_00_source_train_normal_0263_n_B.wav,normal,0.03204818442463875,0.14371536791134185,2032.4998480765046,1956.9443908219666,4210.588059105431,18.56218514833244,12.3031269232161,14.497301209960632,14.774490460227877,16.5634380974391,15.568553160464715,14.55202113103324,-151.06594848632812,75.88379669189453,-12.286225318908691,21.339065551757812,8.498795509338379,3.140253782272339,1.3454922437667847,5.419425010681152,3.7225470542907715,7.026331424713135,-0.6263004541397095,7.271815299987793,2.411863327026367
section_00_source_train_normal_0273_n_B.wav,normal,0.02747534215450287,0.19147177016773162,2366.707057006662,1992.930464080186,4724.266174121406,19.96042133747146,12.017362509181252,14.057770966436888,13.883617964441958,14.27502883887659,15.281249700586127,14.89520632183203,-169.09646606445312,57.787715911865234,-12.948814392089844,18.899818420410156,0.1536925733089447,8.33497142791748,0.5714684128761292,8.97248649597168,3.3594858646392822,6.763387203216553,2.9425547122955322,4.46752405166626,0.3019792437553406
section_00_source_train_normal_0370_n_A.wav,normal,0.03213750943541527,0.39922374201277955,3795.127765015894,2215.0668964656834,6483.201876996805,16.932779424566984,13.166686106765018,19.36714674330781,18.403456168054163,20.327305575625374,17.210858809389364,15.792639290486335,-142.69900512695312,-12.828678131103516,-15.459243774414062,6.071038722991943,0.6130496859550476,-11.183686256408691,-9.753965377807617,-4.789841651916504,-8.233790397644043,-4.0783371925354,5.878271102905273,12.879677772521973,-6.454586029052734
section_00_source_train_normal_0360_n_A.wav,normal,0.03212674707174301,0.33867374700479236,3667.790679262401,2347.7454196796293,6801.79213258786,16.49906884284632,13.48752675806315,20.252084410152264,22.400244917528514,21.337426140510836,16.60923566831419,16.519048107754134,-155.72967529296875,-6.885864734649658,-16.711336135864258,11.59502124786377,4.565173625946045,-33.08827590942383,-19.40353775024414,-5.675180435180664,7.080489158630371,6.587278366088867,17.895004272460938,0.8001073002815247,-6.565374374389648
section_00_source_train_normal_0525_n_A.wav,normal,0.03209927678108215,0.40324543230830673,3777.613224100744,2241.599744813147,6513.004193290735,16.50081365957791,13.453420974547145,17.340525961859075,17.951997995229846,20.379766045209315,15.962987783550076,16.73280279178481,-141.50807189941406,-9.157344818115234,-13.943069458007812,7.993937969207764,-0.2549787759780884,-22.347850799560547,-13.870268821716309,-4.393283843994141,-9.36107349395752,1.7901580333709717,10.884044647216797,6.24180269241333,-4.2279767990112305
section_00_source_train_normal_0535_n_A.wav,normal,0.032116249203681946,0.40673828125,3908.305735966447,2260.387240288807,6644.319089456869,17.470817984558675,13.531949104184953,18.64807688514235,19.699209506471952,22.056137679107987,16.047618949084164,17.74690407137088,-153.11538696289062,-13.869871139526367,-12.587784767150879,9.709173202514648,5.752281665802002,-20.843156814575195,-10.936487197875977,-1.336317777633667,-6.080338478088379,-1.1218959093093872,12.908390045166016,12.587359428405762,0.13176082074642181
section_00_source_train_normal_0643_n_A.wav,normal,0.032122887670993805,0.4041720746805112,3857.94044512919,2243.9672175486903,6503.519369009585,16.91291722812173,13.330829854376436,18.737987787750626,19.286387049871795,20.734005079408114,16.545161926743383,16.988875287743415,-149.58212280273438,-14.44773006439209,-15.914589881896973,8.131416320800781,7.290950298309326,-18.545549392700195,-12.249251365661621,-4.6626434326171875,-2.3572475910186768,9.91446590423584,9.175337791442871,12.645051956176758,0.076490119099617
section_00_source_train_normal_0653_n_A.wav,normal,0.032099198549985886,0.4535368410543131,4002.6528942471937,2271.273239719804,6692.816493610224,16.23122479780692,14.222414708462328,18.435321601455936,17.73407949176879,19.578748809061413,16.885276469517002,17.71607710564603,-144.90597534179688,-16.217100143432617,-9.562511444091797,6.765116214752197,0.49541720747947693,-19.467512130737305,-15.968119621276855,-13.995736122131348,0.35126620531082153,3.4268062114715576,6.576539993286133,10.558587074279785,2.43739652633667
section_00_source_train_normal_0665_n_C.wav,normal,0.032104384154081345,0.1570580820686901,2158.3170069701173,2125.6031936642235,4726.063298722045,18.16568063788618,12.002800294815659,14.31981286305287,14.443081487745719,14.856251612566009,15.687542789565878,15.666628397622071,-144.9303436279297,72.43514251708984,6.1979498863220215,21.450685501098633,4.040654182434082,5.700063705444336,5.021279811859131,5.882322788238525,-0.30584895610809326,-2.6974568367004395,-2.2895193099975586,3.5279054641723633,0.6030848622322083
section_00_source_train_normal_0675_n_C.wav,normal,0.03205941617488861,0.12333235573083066,1920.6307455090807,2089.2014695914772,4528.3047124600635,17.214564887969082,11.575533151460668,13.725896918881189,13.941924551791683,15.622396218489017,16.515635313405973,14.259293972740368,-163.6416473388672,83.06111145019531,11.611510276794434,20.02730941772461,7.022707462310791,10.256978034973145,0.11298638582229614,4.213833808898926,-0.084962397813797,3.996290683746338,-3.3146443367004395,5.211997985839844,-1.2587637901306152
section_00_source_train_normal_0621_n_A.wav,normal,0.032128192484378815,0.42847693690095845,3859.148588797199,2242.907117326853,6517.372204472844,19.73263653948615,13.326510802065608,20.581501861495514,18.670863712509128,17.857229240409467,16.82263825449528,15.918089851247377,-138.03018188476562,-10.732818603515625,-9.058149337768555,3.3419649600982666,-1.4683512449264526,-7.853604316711426,-4.840299129486084,-3.5750253200531006,-7.39209508895874,-0.518145740032196,9.882728576660156,13.790267944335938,-8.364960670471191
section_00_source_train_normal_0631_n_A.wav,normal,0.03212298825383186,0.3730297149560703,3772.692198746158,2247.026000014532,6617.786541533546,16.358608143590047,14.136934772253253,17.46755430146075,19.620211018802244,21.28975080092943,16.847777924484266,16.044423574528793,-147.35333251953125,-13.696419715881348,-17.71001625061035,7.770913600921631,4.029797077178955,-16.279556274414062,-20.69527816772461,-12.309292793273926,1.4397696256637573,3.0640299320220947,5.320414066314697,7.478045463562012,2.5183145999908447
section_00_source_train_normal_0547_n_A.wav,normal,0.03211639076471329,0.40505659694488816,3922.8972137965284,2353.472958020293,6800.569089456869,19.08900406629527,13.784776433390244,21.60049311859305,20.854489971637182,20.155199810784357,16.84533989838021,16.931177009898626,-150.2097930908203,-10.716500282287598,-11.944807052612305,-0.7047215700149536,1.8777594566345215,-15.214978218078613,-9.862473487854004,-14.470516204833984,-4.175738334655762,0.8372324705123901,14.335493087768555,2.723102331161499,1.0893104076385498
section_00_source_train_normal_0557_n_A.wav,normal,0.032110221683979034,0.4064325204672524,3946.4752446189923,2349.0157959855073,6806.534544728434,18.067378609743642,14.249205411530896,21.65849920160612,20.231098732065675,20.228917611504034,16.997489833932033,16.81930005046634,-150.35867309570312,-11.339006423950195,-10.769268035888672,0.9691963791847229,1.4985748529434204,-16.5594482421875,-10.522350311279297,-13.961453437805176,-2.0210046768188477,1.3530651330947876,13.908453941345215,1.7742046117782593,0.23537150025367737
section_00_source_train_normal_0201_n_B.wav,normal,0.03168181702494621,0.12291739466853036,2130.361961081323,2207.8586899939023,4990.989416932907,20.19376702677719,11.458446102860881,13.807016092611441,14.075826005742563,16.475101217244458,14.527769493467956,15.312716068309827,-169.97625732421875,73.47339630126953,9.118080139160156,17.941673278808594,11.909614562988281,5.386641502380371,3.125004768371582,6.870828628540039,2.5456395149230957,3.4032576084136963,1.2696539163589478,6.319589614868164,2.203951597213745
section_00_source_train_normal_0486_n_A.wav,normal,0.03211535885930061,0.4523902381190096,3968.8281213296937,2279.108023948493,6703.973642172524,16.800374608253787,14.09504157503334,18.47475385982325,19.859398950144723,19.63788522576486,16.522655391517944,17.852579181789903,-144.05960083007812,-14.390541076660156,-12.320782661437988,6.335452556610107,-0.05200063809752464,-19.682476043701172,-11.426459312438965,-14.435203552246094,-0.6766230463981628,3.3752479553222656,8.140340805053711,10.221861839294434,1.2030723094940186
section_00_source_train_normal_0211_n_B.wav,normal,0.028757058084011078,0.1724381614416933,2175.6964580275535,1990.797715743143,4496.979832268371,18.455430593799132,11.54956430905775,13.664856402259106,14.035668490932862,16.32950443764504,15.086925604650796,14.58304576422811,-161.943359375,68.75041198730469,-9.978755950927734,20.403274536132812,1.8098251819610596,7.919698715209961,3.7173538208007812,4.9833855628967285,1.9732919931411743,7.0794901847839355,-0.21435439586639404,6.059370517730713,2.3259825706481934
section_00_source_train_normal_0496_n_A.wav,normal,0.03211518004536629,0.39264520517172524,3818.33522578128,2226.360005075017,6474.141373801917,16.08519588914347,13.260838010799201,20.961114608046504,19.978359127084982,20.726906260173667,16.683254770237617,17.348414991592925,-153.01104736328125,-15.741804122924805,-18.17058563232422,8.504616737365723,3.488257884979248,-21.607627868652344,-13.108049392700195,-6.789600849151611,-5.670489311218262,6.794406890869141,9.507840156555176,12.204455375671387,-4.977906227111816
section_00_source_train_normal_0167_n_B.wav,normal,0.031446442008018494,0.21433362869408945,2490.6044672598255,2117.2697596224093,5044.853234824282,18.414593310022447,11.67067688180493,13.416235984020771,14.183588658958458,15.17969861661387,15.357871417333005,15.373036886549304,-135.22683715820312,55.69562530517578,-3.5587809085845947,18.16731071472168,3.2070207595825195,8.458876609802246,-1.4865037202835083,6.023387908935547,4.867465972900391,2.2665741443634033,1.0749768018722534,2.0308120250701904,4.700695514678955
section_00_source_train_normal_0972_n_C.wav,normal,0.031486839056015015,0.14571373302715654,2044.5606849576739,2077.161696217852,4615.015974440895,17.813597195204974,11.152050041310375,13.539724699826023,13.698639583081677,16.22473704893091,16.153947149041826,14.431212591500339,-157.9219207763672,77.0177001953125,5.637234210968018,20.47258186340332,7.254183292388916,7.2859930992126465,-1.8296732902526855,4.990057468414307,-0.0923483818769455,3.77067232131958,-1.0629518032073975,5.642145156860352,-0.6426135301589966
section_00_source_train_normal_0177_n_B.wav,normal,0.02981218881905079,0.10639071236022364,1769.702889888417,1914.644591607053,3850.738817891374,22.588621668049434,11.617235175550684,13.162043900563795,14.076408446762148,14.367001583105685,14.92952079333734,14.861542694040866,-185.44110107421875,91.55274963378906,-2.794023275375366,19.797016143798828,4.42029333114624,5.21987771987915,2.098923921585083,4.772918701171875,1.427931547164917,3.2021055221557617,-2.740739345550537,0.09894264489412308,-3.0754292011260986
section_00_source_train_normal_0962_n_C.wav,normal,0.032050203531980515,0.2190214406948882,2620.938952825961,2301.678083403412,5591.079273162939,17.484860035693867,11.090756593375888,13.817424763064277,14.930841927603298,14.816018465641706,14.920261937253116,15.229110867384305,-130.71707153320312,55.99359893798828,13.346670150756836,15.428537368774414,2.3593218326568604,6.836884498596191,2.06168270111084,6.257946014404297,0.7069722414016724,-2.2750356197357178,-4.576558589935303,2.6052587032318115,1.2327336072921753
section_00_source_train_normal_0325_n_B.wav,normal,0.03174068033695221,0.1475046176118211,2041.4232544350125,2020.1907230859908,4464.032547923322,18.36419382526086,11.883474706047425,13.815105803299339,14.196191323324246,17.939956298076435,15.072332075449467,14.37284682361357,-151.12057495117188,77.13200378417969,-3.309049606323242,19.872650146484375,9.171558380126953,7.1348676681518555,-4.357479572296143,4.59495735168457,6.087392807006836,4.4944844245910645,-3.5163557529449463,6.2376508712768555,4.4347920417785645
section_00_source_train_normal_0053_n_B.wav,normal,0.02806982211768627,0.12173803164936102,1948.8957097090176,2007.0124960060975,4280.326477635783,19.988537442623684,11.560475029742095,14.02131038640092,14.694352901834673,14.769040557477684,15.359479485382982,15.972298959571207,-186.69082641601562,82.07109069824219,-1.2720502614974976,18.062355041503906,3.708514451980591,5.0614752769470215,3.424640417098999,5.6672563552856445,4.068946838378906,3.5566444396972656,2.601330041885376,5.285161018371582,1.6669249534606934
section_00_source_train_normal_0846_n_C.wav,normal,0.03199554234743118,0.1128990490215655,1795.1272410997265,2016.3329708661279,4245.931509584664,18.136705048138193,11.435446762991901,13.654421441253525,14.055129165997618,14.524291056347181,16.59738008732501,14.515892488633366,-171.01609802246094,88.72795104980469,10.505404472351074,19.17902946472168,4.643826007843018,10.163370132446289,0.3464629054069519,7.272170066833496,-0.07778601348400116,5.317124843597412,-2.356552839279175,6.6700849533081055,-1.7953886985778809
section_00_source_train_normal_0043_n_B.wav,normal,0.02938024140894413,0.18907716403753994,2430.631637802227,2140.294472764033,5061.301916932907,18.315043242603334,11.428248285734975,13.642931868229205,13.89623022686208,14.811428419376892,14.863349037015924,14.976445414762473,-153.38818359375,58.81454849243164,-1.2834131717681885,15.145320892333984,1.7378944158554077,9.775501251220703,3.097756862640381,6.208124160766602,2.3659231662750244,2.984818458557129,2.1707146167755127,4.2201361656188965,3.6891770362854004
section_00_source_train_normal_0856_n_C.wav,normal,0.031948208808898926,0.1639517397164537,2243.9822523282533,2189.5599671704153,5045.851637380191,16.92403029384921,11.215348045199166,14.002797096781597,13.810641184462355,15.203158598256389,15.473124717502602,14.550423226038008,-147.8790740966797,69.21659088134766,10.203821182250977,19.66139793395996,6.605607509613037,7.616976261138916,-0.7209131121635437,6.293703556060791,0.011326969601213932,4.687001705169678,-1.4006837606430054,2.634526252746582,0.697041392326355
section_00_target_train_normal_0007_n_E.wav,normal,0.031926415860652924,0.04264114916134185,1124.6129607523244,1666.422854646914,2511.431709265176,18.55887575999132,14.115271138127788,15.958364724699415,17.959697321592895,16.439550392026405,14.99217982847175,14.553585965050198,-251.08480834960938,117.861572265625,12.254572868347168,22.94158363342285,11.514766693115234,18.152040481567383,15.331356048583984,13.07638931274414,-0.19945000112056732,-5.048230171203613,1.616637945175171,7.52461051940918,2.6072964668273926
section_00_source_train_normal_0733_n_C.wav,normal,0.0316397100687027,0.09605256589456869,1719.5648037858493,1963.7826449048257,4026.1331869009587,20.408736692062416,11.000857403041563,13.823129325555213,14.450584545389415,15.098894470480102,16.661724792085632,14.203124736224886,-182.419921875,92.496337890625,6.3143391609191895,17.739164352416992,5.208584308624268,9.227058410644531,0.1593369096517563,7.460546016693115,-0.05679738149046898,4.401421546936035,-0.9681163430213928,7.529162883758545,0.8944999575614929
section_00_source_train_normal_0723_n_C.wav,normal,0.0319708026945591,0.11534357527955272,1870.507599001178,2063.6959358464915,4370.98142971246,18.130096937775388,11.394162217523663,13.757109467295832,13.805407619903523,14.191999930839593,15.820822803650985,14.05853787969335,-165.15594482421875,85.7104721069336,8.722325325012207,18.920011520385742,7.787442207336426,8.297987937927246,1.4644556045532227,3.647878646850586,-0.7835748195648193,4.28826904296875,0.7840670347213745,2.6371335983276367,-0.19015873968601227
section_00_source_train_normal_0987_n_C.wav,normal,0.03201794996857643,0.14880722094648563,2144.4863818213253,2146.5681422583352,4859.449880191693,17.039044454607513,11.111488888215682,13.543593434809727,15.287652392311122,15.336764141105936,14.804401863204228,14.540882934185875,-153.90597534179688,72.2483139038086,8.761960983276367,21.72157859802246,6.78296422958374,7.648473262786865,2.425259828567505,8.416199684143066,-0.6367902755737305,2.0902044773101807,-1.3068197965621948,4.728330612182617,1.693132758140564
section_00_source_train_normal_0192_n_B.wav,normal,0.03204917535185814,0.205474366014377,2506.1846876812224,2150.5513071148084,5150.708865814697,19.971940367151603,11.226395738744232,13.139720369463427,15.690267068651186,14.74715663762768,14.877054964688337,15.115264843955108,-130.0012664794922,56.29454040527344,-4.015634536743164,13.032705307006836,-3.5805788040161133,2.2870047092437744,5.024474143981934,15.035006523132324,7.669517993927002,1.565176010131836,-0.3866439759731293,3.065201759338379,0.8609872460365295
section_00_source_train_normal_0182_n_B.wav,normal,0.02857367694377899,0.16111409245207667,2191.928324335349,2011.0906940548095,4593.924720447284,19.982179682448564,11.759395723930242,13.413585556968131,13.626824454060573,14.316401619981571,14.89955922890444,14.362954827856834,-164.8250732421875,68.06428527832031,-8.683919906616211,18.89261817932129,3.4272265434265137,9.160507202148438,0.9735130071640015,6.683364391326904,1.914727807044983,6.163106441497803,2.7348320484161377,2.8235278129577637,0.028044680133461952
section_00_source_train_normal_0473_n_A.wav,normal,0.03210783004760742,0.3935359674520767,3907.40599711292,2344.8565088869595,6788.463458466454,15.234576017731287,14.133358655718785,21.863789781867087,20.87717288681285,20.114895625608415,16.656693391189,16.6307031344623,-151.54054260253906,-11.195953369140625,-14.660482406616211,-4.171423435211182,-1.1619248390197754,-16.765974044799805,-11.301139831542969,-15.931463241577148,-4.80886697769165,-0.6645771265029907,12.079251289367676,1.050952434539795,-0.3631155490875244
section_00_source_train_normal_0463_n_A.wav,normal,0.03210892900824547,0.4039146740215655,3903.0387621118225,2255.7594665379024,6646.09125399361,18.55827129410266,13.996321798838144,17.913342825948533,18.54671783197212,22.31444949870202,15.942226561258286,17.95487016419952,-155.70892333984375,-14.400359153747559,-13.548852920532227,10.853964805603027,6.644628047943115,-22.20985984802246,-12.089862823486328,-2.49955153465271,-4.892071723937988,0.19948971271514893,13.268167495727539,11.557315826416016,-1.6179542541503906
section_00_source_train_normal_0411_n_A.wav,normal,0.032133929431438446,0.4403953674121406,3910.514849265466,2279.8521974674554,6672.299321086262,18.620098999980428,14.300931768655746,19.137063734243625,20.209186325587794,19.316196759323343,16.78695857836209,18.09311806032604,-142.71148681640625,-11.832895278930664,-11.468936920166016,8.208812713623047,0.9083084464073181,-15.547402381896973,-7.481383800506592,-11.89765739440918,1.6618601083755493,6.653651714324951,11.100322723388672,12.792449951171875,3.593933343887329
section_00_source_train_normal_0296_n_B.wav,normal,0.030665315687656403,0.14809585912539935,2156.023663664181,2047.6658422069204,4552.416134185303,20.833511329556167,11.114005543046032,13.644404518720588,14.404936025856326,15.100864507054958,15.210610313322476,15.498750140917014,-163.79808044433594,70.78404235839844,-1.692453384399414,26.03513526916504,1.983449935913086,0.4884209632873535,8.1248779296875,3.5349769592285156,-0.04439336434006691,7.9957170486450195,-3.0857412815093994,5.305078506469727,3.8759825229644775
section_00_source_train_normal_0569_n_A.wav,normal,0.03211619704961777,0.4083435253594249,3935.0981354220107,2356.7862338214522,6798.048123003195,17.853641124549412,14.14229713098473,21.59169403711012,20.24603385074475,19.838410709425936,16.78879134525246,16.974830748059063,-149.44590759277344,-10.108283996582031,-11.387800216674805,-1.593353033065796,1.4573734998703003,-15.426854133605957,-9.754341125488281,-15.015571594238281,-4.062220573425293,0.6625562906265259,12.917738914489746,3.326338291168213,1.4566746950149536
section_00_source_train_normal_0401_n_A.wav,normal,0.03211669251322746,0.3770264451876997,3770.7006330582367,2229.466865020221,6585.413338658147,16.719481919586762,13.998501655562855,17.630770807605636,19.346035313740213,21.208251318465997,16.99959085272967,16.203286119245412,-149.5814666748047,-14.162524223327637,-15.839444160461426,9.663418769836426,4.007601737976074,-14.026946067810059,-21.339397430419922,-14.609546661376953,2.2026870250701904,4.023892879486084,5.054645538330078,6.495482444763184,3.739586114883423
section_00_source_train_normal_0286_n_B.wav,normal,0.03187697380781174,0.15898468700079874,2063.7962797092964,1930.1582012217189,4212.060702875399,18.07064333112834,12.18559844123391,14.312229823006733,14.572695496235053,15.981777053936149,15.859704623660585,14.724813860830077,-144.2921600341797,74.83079528808594,-13.755849838256836,23.181163787841797,7.3342604637146,4.674604892730713,-0.8591982126235962,4.463052272796631,2.939196825027466,5.9807634353637695,-2.2562835216522217,5.681465148925781,2.256193161010742
section_00_source_train_normal_0579_n_A.wav,normal,0.03210877627134323,0.40070418580271566,3777.3145140716724,2210.8653706547757,6495.75678913738,16.735036727922466,13.358504554441875,19.909270092303657,20.817509142282105,19.147970144174707,17.354891112656244,15.567369326178403,-144.3743896484375,-13.710307121276855,-15.866984367370605,5.790510177612305,1.9201279878616333,-8.47607707977295,-9.040566444396973,-5.647200107574463,-10.562010765075684,-3.7788655757904053,9.601049423217773,9.646913528442383,-11.557177543640137
section_00_source_train_normal_0088_n_B.wav,normal,0.0319395549595356,0.2498455596046326,2657.9383984262768,2144.9445547203313,5263.777955271566,17.747585995443643,11.351461787621515,13.427961827272421,15.087435776448874,14.015875085032965,15.052880314718882,14.984429921493852,-118.41400146484375,50.80863571166992,-4.856183052062988,11.405848503112793,-5.65661096572876,4.9696431159973145,2.267770290374756,10.409204483032227,1.7724297046661377,-1.7278553247451782,-3.2335317134857178,-1.6904664039611816,-0.5242706537246704
section_00_source_train_normal_0098_n_B.wav,normal,0.02582281269133091,0.13336942142571884,2038.7162598078921,2065.3416879739757,4509.834265175718,20.20617415709697,11.65385338702273,13.971093776940048,14.235986361830282,14.725898113884904,14.912698736975463,14.976126028221833,-192.95654296875,79.37553405761719,2.4394702911376953,18.570674896240234,3.1527843475341797,4.182225704193115,1.9184733629226685,5.306001663208008,1.641502857208252,1.7122392654418945,1.1734399795532227,4.957629680633545,1.271859884262085
section_00_source_train_normal_0751_n_C.wav,normal,0.03204254433512688,0.13641454922124602,1989.3119024218993,2075.637694573267,4569.713458466454,16.601664806034993,11.167770031886853,13.681395099614926,14.317425863409232,15.097611079719698,16.04842409922251,14.311748431775944,-154.81704711914062,80.15034484863281,8.353872299194336,19.926523208618164,4.644538402557373,9.698542594909668,-0.19902676343917847,5.668819904327393,-1.432082176208496,2.9785308837890625,-2.3791866302490234,5.682248592376709,-0.7830456495285034
section_00_source_train_normal_0741_n_C.wav,normal,0.03199927136301994,0.13482958516373802,2093.863797094368,2166.727827636902,4799.720447284345,18.130695008004427,11.452941167694949,13.549575574870472,13.947057730046884,14.490580693168344,15.470767914131335,14.612070645902623,-156.77272033691406,75.57029724121094,11.900079727172852,18.863643646240234,5.536176681518555,8.428330421447754,1.780999779701233,4.787839412689209,2.0261106491088867,2.428595781326294,0.37731054425239563,3.0931589603424072,0.8895401954650879
section_00_source_train_normal_0031_n_B.wav,normal,0.03009779378771782,0.10673859325079872,1745.45500835069,1894.4173071037078,3763.3536341853037,23.182553061351427,12.013664553417728,13.124263307604638,13.803207350045346,14.744978086710455,14.910648609213547,15.537960881584466,-179.7813262939453,94.22467803955078,-5.146014213562012,16.984771728515625,6.066349983215332,5.303647041320801,1.4324007034301758,3.7593514919281006,1.400678038597107,1.7532382011413574,-3.2248640060424805,-0.9025900363922119,-3.1996893882751465
section_00_source_train_normal_0824_n_C.wav,normal,0.03105105087161064,0.16034969049520767,2109.8732259896606,2046.9245186807066,4562.300319488818,17.20877647156029,11.345663800289685,13.646123714516207,14.537835976070262,14.96498557075987,16.221532013513137,15.054597368614754,-154.17156982421875,73.11394500732422,2.2341952323913574,23.148378372192383,3.5097434520721436,9.02401351928711,1.3038690090179443,5.503164291381836,-0.02086261659860611,1.5792487859725952,-2.6916098594665527,2.4859981536865234,-0.6872273683547974
section_00_source_train_normal_0149_n_B.wav,normal,0.031620267778635025,0.13740047174520767,2077.2905208360107,2046.0253171436464,4486.222044728434,20.11119514013727,11.888575646950098,13.844918831666872,14.365644836356871,15.209866345315739,15.699816702325464,14.461151312818007,-165.38929748535156,74.76654815673828,3.57623028755188,21.45942497253418,0.5043820738792419,9.247703552246094,4.220607757568359,4.711698055267334,3.1294121742248535,3.9793143272399902,-0.37900903820991516,8.614028930664062,2.093679428100586
section_00_source_train_normal_0021_n_B.wav,normal,0.03145764023065567,0.14917694189297126,2061.9050286677057,1987.9644233222498,4336.61142172524,15.802758006055871,11.551355120949554,13.959919197168295,14.111469870736453,15.336208752292777,15.428930396501386,14.403198475255522,-150.89199829101562,75.20419311523438,-7.726639747619629,19.856931686401367,4.756414413452148,8.48428726196289,3.035508632659912,5.927806377410889,2.6175599098205566,3.0762646198272705,0.6666784286499023,8.044090270996094,0.9765086770057678
section_00_source_train_normal_0159_n_B.wav,normal,0.027563387528061867,0.0990898936701278,1821.607445274945,2015.9396912368977,4153.629193290735,21.710527723568642,12.150986509623399,13.788916070462221,14.104346525268948,14.481503378648785,14.658286902392366,16.023044140653802,-205.69277954101562,88.46062469482422,5.090763568878174,19.53589630126953,6.903965473175049,6.256933212280273,2.874152183532715,5.309957027435303,1.914678931236267,1.5152541399002075,0.469938188791275,1.8084018230438232,0.8221601247787476
section_00_source_train_normal_0834_n_C.wav,normal,0.03204621002078056,0.1296831319888179,1992.8178825799562,2134.6375972218784,4656.000399361023,17.390682469466643,11.477505325160191,14.336102205972498,14.966303760086658,15.58273623438091,15.114749108491141,14.581753094866121,-160.54147338867188,80.26455688476562,11.578816413879395,18.11224937438965,6.710020065307617,9.655255317687988,3.1233553886413574,3.8870790004730225,-0.7662309408187866,0.7084701657295227,-0.1400802731513977,5.385204792022705,0.6755316257476807
section_00_source_train_normal_0690_n_C.wav,normal,0.03208310902118683,0.17209340055910544,2263.3203088344994,2177.9493770802937,4948.756988817891,18.09463913158552,11.39228222963914,13.90164255552331,14.747695248498623,14.228578664803038,15.391051120542787,15.643714388366282,-140.3964385986328,69.37800598144531,11.197587013244629,20.080087661743164,0.3200085759162903,5.284140586853027,1.7171244621276855,4.650509834289551,-0.7125902771949768,-2.4395253658294678,-2.508986234664917,3.0368213653564453,0.15585117042064667
section_00_source_train_normal_0680_n_C.wav,normal,0.031535085290670395,0.10497734874201278,1833.0040370046813,2029.2917700528105,4270.142771565495,20.097637617288303,10.961945382618467,14.098588733648718,14.283169642930549,14.73676856376582,16.063992262847545,14.22131974497355,-177.36952209472656,86.82108306884766,7.936201095581055,18.466310501098633,4.457648277282715,8.121597290039062,0.906187891960144,6.424932479858398,1.5064536333084106,5.294915676116943,-1.1119314432144165,5.818887233734131,0.9201683402061462
section_00_source_train_normal_0385_n_A.wav,normal,0.0320928581058979,0.3474612495007987,3578.4183392892414,2171.5417598779627,6379.517771565495,17.315451206057435,13.73435084660038,21.45085174973516,20.8871883084038,21.174299882415724,17.159791417756793,15.555858452956414,-150.18179321289062,-11.396062850952148,-19.250246047973633,15.634904861450195,0.4546949565410614,-15.223689079284668,-15.176389694213867,-8.85657787322998,-4.8397955894470215,-1.9219756126403809,18.536354064941406,6.334047317504883,-9.645760536193848
section_00_source_train_normal_0395_n_A.wav,normal,0.03212952986359596,0.40098966653354634,3840.047330704039,2239.753329699109,6495.731829073482,17.249501598224498,13.498031326260516,18.849348079148335,19.284166620392853,20.93873787373732,16.75801947341244,17.61146740733368,-150.5673828125,-14.024312973022461,-16.14225959777832,9.024911880493164,7.329177379608154,-17.931344985961914,-11.847054481506348,-5.159687519073486,-2.204838514328003,8.661016464233398,9.090252876281738,12.629444122314453,-0.8261618614196777
section_00_source_train_normal_0534_n_A.wav,normal,0.03208199888467789,0.36282416882987223,3787.310947634308,2213.886970754762,6471.54552715655,16.217908923914866,13.270838125613636,18.50212219364999,19.314060950190747,22.10975054801803,16.60620498317152,17.040044147835708,-161.10903930664062,-16.294353485107422,-19.973447799682617,11.921516418457031,6.271716594696045,-24.991798400878906,-13.083351135253906,-3.9786131381988525,-5.91549825668335,4.533323287963867,9.570545196533203,12.834749221801758,-4.341114521026611
section_00_source_train_normal_0524_n_A.wav,normal,0.032117221504449844,0.37099078973642174,3801.587206537978,2362.87639091774,6860.747803514377,19.002289641519777,14.39313351024618,20.300662902521143,18.426222093908994,19.739161601901596,17.781465201564952,15.458071822563548,-150.40000915527344,-7.113857746124268,-10.291193962097168,0.4057270288467407,0.039256349205970764,-24.74240493774414,-22.63080596923828,0.8212766647338867,11.150410652160645,2.2415177822113037,17.328508377075195,5.348775386810303,0.3754522502422333
section_00_source_train_normal_0361_n_A.wav,normal,0.03213011473417282,0.4021487495007987,3844.025052792554,2240.437704537322,6499.425918530352,18.50061116926764,13.170972348227549,18.46639007914236,19.279446366865404,20.909239631188274,16.70379358943669,17.49115685315101,-150.70748901367188,-13.808069229125977,-16.098033905029297,9.412641525268555,9.00326156616211,-18.150480270385742,-11.547182083129883,-4.865941524505615,-4.08969259262085,8.280228614807129,9.85265064239502,12.284183502197266,-1.913018822669983
section_00_source_train_normal_0371_n_A.wav,normal,0.03212592378258705,0.35270286291932906,3760.5602364461874,2389.717286539755,6884.360023961662,19.26591671140839,13.824698891498413,19.954121892689923,18.159131693274674,19.65462902787291,16.07967179368746,15.577406033947218,-149.46707153320312,-4.045734405517578,-10.738819122314453,1.7343307733535767,2.2091474533081055,-27.195661544799805,-20.176836013793945,1.1346533298492432,10.477180480957031,3.238532066345215,18.93153190612793,5.957799434661865,-0.2045222818851471
section_00_source_train_normal_0674_n_C.wav,normal,0.03179521486163139,0.14936258236821087,2085.0356293897717,2120.5631799808557,4745.806709265175,17.15109100376667,11.318233969031127,13.49471328711556,13.768382455394816,15.38675610312388,15.975406474502106,14.19447900892466,-152.4520721435547,76.0503158569336,8.853017807006836,19.805057525634766,6.24682092666626,6.4060797691345215,-0.706649899482727,5.418919086456299,-0.10799455642700195,3.175276517868042,-1.9401824474334717,4.885364055633545,-1.3368592262268066
section_00_source_train_normal_0664_n_C.wav,normal,0.03167479485273361,0.10022869658546325,1794.6220618574864,1994.4086757464013,4175.094848242811,20.33686076238532,10.965150768727423,13.999089970498385,14.149197031804377,14.623079588079742,14.711749762190449,14.5554759005758,-177.92686462402344,88.84942626953125,6.113431930541992,18.66761589050293,4.285765171051025,8.88754940032959,0.15317653119564056,7.424317836761475,1.3170702457427979,4.971675395965576,-0.8390860557556152,4.682077407836914,1.789060354232788
section_00_source_train_normal_0652_n_A.wav,normal,0.03207296133041382,0.3872787914337061,3847.172310077941,2227.7839525735894,6493.310702875399,16.512729098172738,13.220424664144774,19.021240825637435,19.521081089836148,21.20689489816005,16.72913490230837,17.350132700050526,-156.56614685058594,-17.711694717407227,-18.661819458007812,9.084708213806152,6.761378765106201,-21.936279296875,-14.806004524230957,-5.240398406982422,-3.2541730403900146,7.551405906677246,9.473588943481445,12.247264862060547,-3.1426665782928467
section_00_source_train_normal_0642_n_A.wav,normal,0.03212766349315643,0.44687094398961663,3957.845308107242,2283.8882040592,6684.629592651757,18.70832913142096,13.671744818118704,18.507343474756436,19.49407577659205,19.60647388806112,16.62911618469898,17.53566555371203,-143.4214324951172,-13.187102317810059,-8.616409301757812,7.263238906860352,1.2516669034957886,-16.109027862548828,-11.186066627502441,-11.841595649719238,1.5310585498809814,4.152427673339844,6.797942161560059,12.533126831054688,6.2340216636657715
section_00_source_train_normal_0901_n_C.wav,normal,0.03199092298746109,0.15535923771964857,2091.5864055396264,2049.5108423789184,4518.395567092652,17.698208398210983,11.846941195122442,13.889789838462313,14.974038961798305,15.07925534741285,15.716529531795407,15.08955664683012,-145.5648651123047,74.01823425292969,1.269333004951477,23.276473999023438,2.884077310562134,7.2682318687438965,4.895712375640869,8.140649795532227,-1.1299858093261719,-0.8748363852500916,-1.660926342010498,3.2431788444519043,-0.8636164665222168
section_00_source_train_normal_0114_n_B.wav,normal,0.031820446252822876,0.13410418330670926,2124.910009971146,2124.974896816722,4805.810702875399,20.102521858483787,11.899775358311967,13.399508043066309,13.860239766968686,17.007629976205273,14.46862790546853,14.681504652318928,-161.82652282714844,73.00018310546875,3.1288421154022217,16.953571319580078,8.9923734664917,10.535059928894043,-0.6612050533294678,8.850866317749023,2.57757306098938,2.726285457611084,0.721510648727417,4.849765300750732,1.0683146715164185
section_00_source_train_normal_0879_n_C.wav,normal,0.03200665861368179,0.16207661491613418,2221.5483305151265,2165.3111177818705,4921.176118210863,17.59054281437311,11.274587412101255,13.785996474849206,15.016470464657203,14.137601216271813,15.136912688042681,15.505710623992936,-143.05052185058594,71.26152801513672,10.30816650390625,19.519874572753906,1.097805380821228,5.866769790649414,1.9362003803253174,4.791667461395264,-0.19249506294727325,-0.9012471437454224,-4.045672416687012,2.6667394638061523,0.2687418758869171
section_00_source_train_normal_0911_n_C.wav,normal,0.03190474957227707,0.2371939272164537,2651.3824887801793,2218.572665220544,5380.591054313099,17.019310997280552,11.2011219620206,13.190504127117551,13.84982325837406,14.990787480726835,14.873441969186315,14.766298955710552,-126.26226806640625,51.352176666259766,5.8513689041137695,19.269441604614258,1.7930960655212402,8.142034530639648,-0.10499521344900131,7.617061138153076,-1.1957231760025024,-0.015468304976820946,1.183200478553772,0.4062376916408539,2.309968948364258
section_00_source_train_normal_0869_n_C.wav,normal,0.03203681483864784,0.1187147439097444,1908.107576769221,2066.9599747391544,4459.190295527156,17.795258442924325,11.425357374894888,13.590189194343962,14.450000049524679,14.726518142858042,15.562181885648851,14.267378956932042,-162.35194396972656,83.53376770019531,9.961392402648926,19.610485076904297,5.874018669128418,11.061037063598633,1.052592396736145,4.930838584899902,-1.565145492553711,2.3974249362945557,-1.2131811380386353,5.679295539855957,-1.0269125699996948
section_00_source_train_normal_0104_n_B.wav,normal,0.032026149332523346,0.20287071934904152,2550.748662144636,2228.9050511583023,5362.120607028754,18.43651228735621,11.87523525711192,14.502658082765974,14.824181136775124,13.859849936602828,14.573380871754386,14.999851687949699,-134.6048583984375,55.972206115722656,7.7030110359191895,17.42625617980957,-0.5064407587051392,6.838703155517578,2.5133769512176514,5.36358642578125,1.5787709951400757,4.180731773376465,2.200122594833374,3.959343194961548,2.8733971118927
section_00_source_train_normal_0272_n_B.wav,normal,0.031212300062179565,0.15101462659744408,2102.3195835954966,2037.5275087770679,4543.829872204473,19.28721186160706,12.073419504428896,14.568851492958158,14.218045150106935,16.08826483972791,15.061634281969981,14.632798189592478,-157.3625946044922,73.5211181640625,-2.457106590270996,19.821422576904297,6.438394546508789,8.353878021240234,0.8323659896850586,6.545446872711182,1.9044373035430908,3.4572973251342773,-0.4289294481277466,6.531364917755127,2.964488983154297
section_00_source_train_normal_0262_n_B.wav,normal,0.030043477192521095,0.16285349690495207,2178.951816434809,2031.39397030831,4613.743011182109,18.162827374677654,11.917276061692045,13.60194456802102,13.680683437357475,15.47972800845282,14.81748737824453,14.410129900805336,-154.08920288085938,69.72297668457031,-8.562026023864746,17.65509796142578,7.277825832366943,8.915756225585938,1.6651052236557007,4.7815985679626465,0.4810296595096588,6.2632036209106445,2.297969341278076,2.6528561115264893,2.2419395446777344
section_00_source_train_normal_0497_n_A.wav,normal,0.03211294487118721,0.3467124475838658,3751.4043013470505,2204.8982431107534,6456.819089456869,16.185833046514112,13.453262142600515,18.959683513502547,18.619273375948605,22.41960828458059,16.578113921133887,17.289847141242277,-166.61122131347656,-15.780813217163086,-20.79065704345703,13.333965301513672,8.056229591369629,-25.342313766479492,-14.166399002075195,-2.246530055999756,-4.632718563079834,3.281310796737671,8.674890518188477,12.77273941040039,-5.5446248054504395
section_00_source_train_normal_0210_n_B.wav,normal,0.030159855261445045,0.1253057607827476,1873.2329935988075,1935.7227129232595,4072.758586261981,23.089482718858626,11.974922648564368,13.43948961160625,13.893766776445569,14.380055383475813,15.521703162572425,15.144012519019466,-173.78700256347656,86.6393051147461,-2.4762015342712402,19.77935218811035,1.846421718597412,8.571443557739258,-0.15995371341705322,4.6761040687561035,-0.6681589484214783,2.2499470710754395,-2.2035696506500244,-0.6219015717506409,-3.92985200881958
section_00_source_train_normal_0487_n_A.wav,normal,0.03211310878396034,0.3955967327276358,3912.726315410336,2339.752917810389,6788.688099041534,16.11640093582604,13.901182172784749,21.747141856003136,21.098715169495584,20.220324323692108,16.78343106822428,16.496465725892094,-151.91676330566406,-12.092083930969238,-14.85246753692627,-3.4822487831115723,-1.6823984384536743,-16.872541427612305,-11.742337226867676,-16.637836456298828,-4.332708835601807,-0.4912593960762024,12.962135314941406,1.4027774333953857,-0.9217832684516907
section_00_source_train_normal_0200_n_B.wav,normal,0.03197687119245529,0.1586149660543131,2405.844882776797,2247.3596011520567,5291.533546325879,20.032174001026345,11.551064820844083,13.776362193114158,13.246365499172146,14.949821595784577,14.598251433858143,14.662458860781323,-150.30670166015625,61.588382720947266,5.80647087097168,15.502294540405273,9.991548538208008,11.260393142700195,1.436615228652954,5.44254207611084,2.523341417312622,4.218750953674316,2.997734785079956,1.0852293968200684,2.90761661529541
section_00_source_train_normal_0963_n_C.wav,normal,0.03201575204730034,0.12304843500399361,1946.094126921116,2092.3150533065805,4541.1092252396165,17.20482941206716,11.164961353724845,13.802364028450558,13.980532984545306,14.711176154716107,15.647993491916406,14.268225693423918,-161.5126190185547,81.46218872070312,11.571527481079102,20.871702194213867,5.478955268859863,9.608245849609375,0.756801962852478,5.483224391937256,0.5522885322570801,3.5054931640625,-2.4350180625915527,3.910033702850342,-0.013225500471889973
section_00_source_train_normal_0176_n_B.wav,normal,0.030003661289811134,0.17734905401357828,2180.693476753163,1989.9693919264128,4560.977436102236,16.331369431480464,11.948761949294775,13.537219901011156,14.011434162931756,15.196681738827982,14.935238693136185,15.082530921618526,-146.3514862060547,71.31063842773438,-11.586350440979004,14.838692665100098,4.215198040008545,8.716650009155273,-0.6639338731765747,5.743370056152344,-0.9442592859268188,2.388390302658081,0.318581759929657,4.737877368927002,-2.2887778282165527
section_00_source_train_normal_0973_n_C.wav,normal,0.03195386007428169,0.12691724490814696,1902.656627921625,2043.2951574633769,4420.277555910543,18.110103820544865,11.266513634049376,13.430626584489916,13.9689862042413,14.678995611478971,15.844759732892925,14.98651579788755,-161.00904846191406,85.49835205078125,9.77476692199707,18.546607971191406,2.787651777267456,8.771843910217285,-0.8700087666511536,3.541210174560547,-2.4704391956329346,3.708738327026367,-1.896548867225647,5.929470062255859,-0.9128785729408264
section_00_source_train_normal_0166_n_B.wav,normal,0.030848177149891853,0.17443028654153356,2183.5362006275714,1952.6215036573678,4408.2967252396165,19.769738323929776,11.934885927334255,13.45995268510729,13.571452512223713,16.08737654750256,15.165503539097106,14.781053519169959,-149.39430236816406,69.52055358886719,-12.516389846801758,20.095232009887695,5.968591690063477,9.206650733947754,-2.215858221054077,7.503634929656982,2.652221202850342,5.634815692901611,-2.6175804138183594,4.271938323974609,2.5290095806121826
section_00_source_train_normal_0630_n_A.wav,normal,0.032114844769239426,0.379090330471246,3784.7640845036362,2236.664167395661,6621.705271565495,18.721235420173905,13.964721405979128,16.731169995323505,19.144051482134632,21.047414081560472,17.610277955526858,16.18829895449965,-148.55430603027344,-14.82727336883545,-16.92231559753418,9.94183349609375,4.998245716094971,-13.617056846618652,-20.81468391418457,-13.944291114807129,3.1349360942840576,2.853980302810669,5.259889602661133,8.067447662353516,4.4236578941345215
section_00_source_train_normal_0620_n_A.wav,normal,0.032124944031238556,0.40588807907348246,3941.1726255759168,2342.9623344237125,6802.416134185303,15.269551561692108,14.084589222607535,21.74607329635485,20.643565676471443,20.016930752760445,16.624618849593986,16.80734318282523,-150.9173126220703,-12.432615280151367,-13.989730834960938,-3.9007158279418945,-1.9143511056900024,-17.06943702697754,-11.189367294311523,-16.67039680480957,-5.131680011749268,-0.6733153462409973,11.537805557250977,1.9480229616165161,-0.004672279115766287
section_00_source_train_normal_0556_n_A.wav,normal,0.032115865498781204,0.37060078873801916,3775.8940107983613,2354.484806230537,6829.747404153354,18.20703445949895,14.299116642453889,20.119133117963198,18.40742832502003,19.329050935403192,17.819544639347168,15.513605559838954,-147.9085693359375,-6.234560489654541,-9.306161880493164,2.19305157661438,-0.25371700525283813,-23.846027374267578,-22.19971466064453,0.6000268459320068,11.429466247558594,2.9755449295043945,18.30545425415039,5.296412944793701,0.1780104637145996
section_00_source_train_normal_0546_n_A.wav,normal,0.032089151442050934,0.38221033845846647,3811.8671343222977,2241.0747533159406,6480.3813897763575,18.83553397311417,13.362592170043376,18.85560576865044,18.769279371469985,21.54487125190905,16.69133802496098,17.51727374191363,-155.3382110595703,-13.814865112304688,-15.52910327911377,12.973971366882324,9.871233940124512,-19.83483123779297,-12.75207805633545,-1.851564645767212,-0.5434359908103943,8.768020629882812,10.867579460144043,13.523921012878418,-0.7778046131134033
section_00_source_train_normal_0335_n_A.wav,normal,0.032131128013134,0.3997525833666134,3855.2222426168228,2237.8912620229457,6504.093450479233,15.994911265271861,13.445419590927171,19.104837739780542,19.46296957291971,20.742347793077855,16.4276683945543,17.494491657002175,-151.5305938720703,-15.578346252441406,-17.40720558166504,7.5291547775268555,6.537646770477295,-20.2867488861084,-13.696681022644043,-6.308648586273193,-4.21402645111084,7.814417839050293,8.26557731628418,11.438766479492188,-2.4870684146881104
section_00_source_train_normal_0408_n_A.wav,normal,0.03212728723883629,0.3384740664936102,3567.881912963926,2169.3015631425937,6379.692492012779,15.66070478515781,13.787211045455537,21.070717711050214,21.253440341384263,21.769317159424116,17.15362766457477,15.047750395793308,-154.16091918945312,-12.557450294494629,-21.814411163330078,15.534677505493164,0.2501019835472107,-17.612951278686523,-16.46851921081543,-10.765484809875488,-6.903374195098877,-2.6813745498657227,18.001195907592773,4.59337043762207,-11.225955963134766
section_00_source_train_normal_0570_n_A.wav,normal,0.0321037732064724,0.456302728134984,3983.8491806185184,2252.185755585733,6673.098043130991,15.633551039745537,13.948467790420986,18.96841002043568,18.190117942113364,19.39028172013318,16.880891458015174,17.621656850139235,-145.62667846679688,-17.26800537109375,-9.482213020324707,6.083395481109619,-3.703824758529663,-21.022611618041992,-17.108205795288086,-13.89820671081543,-0.769557774066925,2.624478578567505,7.4233903884887695,10.139373779296875,-1.947693109512329
section_00_source_train_normal_0418_n_A.wav,normal,0.03210170194506645,0.35678695337460065,3771.8182564666613,2228.249592012296,6476.138178913738,18.011471961681604,13.58993264934003,18.731877252936588,18.962414757755,22.17553988229077,16.573386017604268,17.168821827487985,-163.9730682373047,-14.186636924743652,-18.219539642333984,14.151578903198242,10.930550575256348,-23.755102157592773,-11.786296844482422,-0.7758724689483643,-1.9418727159500122,6.975534439086914,9.778295516967773,14.091669082641602,-3.3373312950134277
section_00_source_train_normal_0560_n_A.wav,normal,0.03212504833936691,0.39763409794329074,3833.1851970226357,2229.793317411281,6486.920926517572,16.77501225731663,13.120671666300813,18.64509816011332,20.74185784930369,21.420609855794446,16.614627388708058,17.369186670909176,-155.97421264648438,-14.349452018737793,-16.94239616394043,8.633273124694824,10.451945304870605,-17.868812561035156,-14.107437133789062,-6.671347618103027,-5.58252477645874,10.251912117004395,11.112565994262695,8.591267585754395,-5.464682102203369
section_00_source_train_normal_0091_n_B.wav,normal,0.029913514852523804,0.10253126248003194,1728.4452973395305,1880.637918297103,3716.5035942492013,22.900024285637933,11.908968161036505,13.45748295379134,14.269025698256069,14.517724087896521,15.220363290777144,15.123526685240009,-184.8739776611328,93.92554473876953,-4.581681728363037,20.269920349121094,4.454067230224609,4.305688858032227,3.30476713180542,5.677744388580322,0.8631510734558105,2.047487735748291,-2.474386215209961,-1.508089542388916,-2.002140998840332
section_00_source_train_normal_0884_n_C.wav,normal,0.03201833739876747,0.12008754742412141,1909.154819433889,2069.1073527832596,4499.975039936102,16.62305081965863,11.438480716717113,14.251416189221437,13.872722631431028,14.15576087724343,16.036318295384216,14.453137283328818,-163.5770263671875,83.55327606201172,10.903474807739258,19.862695693969727,5.806270122528076,11.276323318481445,-0.34440937638282776,4.0445075035095215,-1.6010284423828125,5.905406951904297,-1.5965845584869385,5.768338680267334,-0.29716965556144714
section_00_source_train_normal_0616_n_A.wav,normal,0.03211711719632149,0.38173765724840253,3649.7967407000324,2267.8625490719814,6485.573083067093,18.676557756750626,13.30605264774264,17.6100112649646,20.22912954454742,20.06233223114744,15.773104784080285,16.561530420619846,-138.7650146484375,-2.3845937252044678,-14.88820743560791,6.184401988983154,0.16078044474124908,-19.29920196533203,-9.616677284240723,-2.718662977218628,-7.430819988250732,1.0146515369415283,11.62569808959961,9.258756637573242,-0.4469168186187744
section_00_source_train_normal_0081_n_B.wav,normal,0.031482595950365067,0.14019599890175719,2235.5125783830467,2210.4907274603156,5048.098043130991,19.137258228421935,11.828241178933254,14.40728534409687,15.023685401725492,14.575752887449218,14.385536465616871,15.582053244479399,-163.32669067382812,70.28936004638672,11.297581672668457,14.977720260620117,3.6907947063446045,6.508514404296875,2.6102077960968018,5.904958248138428,3.6000399589538574,4.211419582366943,3.7247276306152344,6.188638210296631,1.6978915929794312
section_00_source_train_normal_0606_n_A.wav,normal,0.03209645673632622,0.3911554013578275,3831.341010603547,2227.7857170836196,6484.699480830671,16.196644066605597,13.386106617978625,18.733662965360956,19.08439533642983,21.30700793677544,16.6628902550166,17.45376259102094,-154.85658264160156,-16.29578971862793,-18.213773727416992,9.710508346557617,6.171676158905029,-22.371118545532227,-14.190019607543945,-4.834457874298096,-3.9782164096832275,6.669450759887695,8.252731323242188,11.912656784057617,-2.2951300144195557
section_00_source_train_normal_0894_n_C.wav,normal,0.030969681218266487,0.14405232877396165,1975.5224486821585,1999.9254098956892,4385.258586261981,17.078810002440587,11.272673794270899,13.85450852141068,14.672618446995248,15.459501178689031,16.695964421063117,14.896546786974177,-163.3070831298828,78.46490478515625,1.6581372022628784,22.444520950317383,5.603610515594482,11.529006004333496,1.338899850845337,6.431651592254639,-2.0215814113616943,4.989762306213379,-2.4335429668426514,4.597096920013428,0.42777571082115173
section_00_source_train_normal_0748_n_C.wav,normal,0.031583622097969055,0.1744708466453674,2220.4710841253923,2094.9705255088093,4740.365415335464,16.954678228238173,11.8903956809383,13.742271458569787,14.265299488909793,14.909519112477335,15.892988253680524,15.139847452787237,-144.2486572265625,67.93365478515625,2.2480874061584473,23.568851470947266,3.8357725143432617,6.902491092681885,4.858375072479248,6.424891471862793,-1.4820876121520996,-0.10394524782896042,-1.4765485525131226,1.960032343864441,-1.4560197591781616
section_00_source_train_normal_0758_n_C.wav,normal,0.031029092147946358,0.14924246206070288,2038.0986648987944,2022.1319655076006,4454.872204472844,17.249138715048705,11.235126963598985,13.287366587414091,14.002626542614351,14.452829606991223,15.76311799179096,14.63729191409739,-162.1202392578125,76.3050765991211,4.243914604187012,22.623411178588867,5.013589382171631,9.346900939941406,-0.485892653465271,6.348400115966797,-2.248030662536621,3.024888038635254,0.4029581546783447,5.069976329803467,-1.3444756269454956
section_00_source_train_normal_0028_n_B.wav,normal,0.03191052004694939,0.13855955471246006,2171.9828108935444,2159.402849114694,4930.4862220447285,19.692385411144425,12.142126887250239,13.807353603613752,14.033705010756497,14.270510775104162,14.323501894772553,14.354723599543863,-153.55990600585938,73.13809204101562,6.080577373504639,15.57874870300293,5.666616439819336,8.202996253967285,1.3016269207000732,6.080896377563477,1.7412105798721313,4.323037624359131,0.5831798911094666,5.869882583618164,0.6099761128425598
section_00_source_train_normal_0945_n_C.wav,normal,0.0319945253431797,0.24007057458067094,2788.5868018322712,2363.582237411884,5798.9217252396165,16.78993816597295,11.34633855129488,13.456785442288986,14.034390523528883,14.180829985302836,14.295960404211245,14.629326358998199,-132.15811157226562,51.434200286865234,16.65694808959961,12.199670791625977,5.230583190917969,7.823866844177246,1.5838500261306763,5.159921646118164,1.2630263566970825,2.2582478523254395,-1.1054219007492065,3.227571725845337,0.2624978721141815
section_00_source_train_normal_0150_n_B.wav,normal,0.03188811615109444,0.29702164037539935,3129.690332045273,2377.032035886278,6113.643170926518,18.329069935652413,11.63110512433712,14.21684817721256,14.086086257680286,13.936064010083403,13.903215036563646,14.535136294509854,-124.6841049194336,34.830135345458984,15.393694877624512,16.500930786132812,3.127925395965576,3.863788604736328,3.2533392906188965,5.247161388397217,1.2893004417419434,3.9130477905273438,0.5555539727210999,4.896790027618408,1.6046035289764404
section_00_source_train_normal_0955_n_C.wav,normal,0.0320231057703495,0.1972172648761981,2399.8114284864932,2178.083208392832,5068.041134185303,17.342170106707975,11.13269947456157,13.44578852025614,14.98188134545935,14.670726109915684,15.617806888914622,15.591334033826163,-132.49276733398438,63.21087646484375,7.12103271484375,17.033361434936523,-1.8987643718719482,8.999734878540039,5.156052112579346,5.88756799697876,-2.579477071762085,-1.9146428108215332,-3.2891974449157715,2.0332818031311035,1.8776506185531616
section_00_source_train_normal_0038_n_B.wav,normal,0.03195316717028618,0.1530285917531949,2148.970792818575,2070.221279281758,4676.018370607028,19.157455527498147,11.691894571592277,13.234213709585415,14.567706177902163,15.244046265362117,15.24048728070402,15.171298755534812,-146.95074462890625,72.65696716308594,-1.8802778720855713,15.430301666259766,2.7115981578826904,10.519442558288574,-0.08603999018669128,7.490682125091553,2.3519365787506104,4.635300636291504,3.3138797283172607,1.7990734577178955,1.2510875463485718
section_00_source_train_normal_0140_n_B.wav,normal,0.02970881387591362,0.16865827176517573,2388.0941184540093,2206.858998965653,5180.3115015974445,19.632761982154342,11.277183437234408,13.563898412110598,13.822129044975215,15.744845695094968,14.552418970989484,14.642899244946621,-163.1473846435547,60.77253723144531,3.3342058658599854,17.312599182128906,8.139219284057617,8.65498161315918,2.0242154598236084,4.702488899230957,4.693948745727539,5.540131092071533,3.030925750732422,3.7973737716674805,4.291825294494629
section_00_source_train_normal_0689_n_C.wav,normal,0.031963951885700226,0.13748939197284346,1996.3242956332851,2064.5098237627335,4513.5782747603835,17.86190158332552,11.077185466676738,13.549913668036782,14.770704486171999,15.652512445875274,15.722982683776573,14.525913227577538,-155.7581329345703,79.74852752685547,4.811489105224609,19.85488510131836,6.790322780609131,10.168794631958008,1.1527613401412964,5.114544868469238,0.20070119202136993,1.8097776174545288,-2.377821922302246,6.531896114349365,0.5492511987686157
section_00_source_train_normal_0699_n_C.wav,normal,0.03150935843586922,0.16814971046325877,2185.884747398089,2077.189688132611,4653.229832268371,17.528402195260856,11.365594413616035,13.823497788397301,14.415885331183018,14.867030451572518,15.856131747163676,15.438161002773501,-143.97251892089844,69.90968322753906,2.7578768730163574,22.432954788208008,2.2546772956848145,8.618853569030762,0.39884471893310547,4.047539234161377,0.48872193694114685,-1.0164570808410645,-2.2038192749023438,2.5805444717407227,1.1072810888290405
section_00_source_train_normal_0236_n_B.wav,normal,0.03203412890434265,0.1895748053115016,2574.9137875883907,2287.0271197614156,5472.269369009585,19.78129631959994,11.638230983684108,13.947017072707723,14.63734915779225,15.180578358138193,14.487016169706065,14.655640764232295,-141.21070861816406,55.809391021728516,9.20988941192627,14.360212326049805,5.1079487800598145,8.261130332946777,1.210972547531128,8.024656295776367,1.9213789701461792,4.832286357879639,0.4896810054779053,2.646790027618408,3.710073232650757
section_00_source_train_normal_0226_n_B.wav,normal,0.03153315931558609,0.19397557657747605,2419.2715830070756,2158.756366299376,5105.655950479233,18.090805635143536,11.999865537224851,14.321317705045315,14.769107859371342,15.471175963297227,14.641919609108392,14.467903341950837,-141.42916870117188,60.771358489990234,3.120845317840576,19.40500831604004,3.0451483726501465,6.58961296081543,2.686248779296875,5.926685333251953,0.030199823901057243,2.6327199935913086,-0.43741390109062195,5.22438383102417,1.9351567029953003
section_00_source_train_normal_0254_n_B.wav,normal,0.03192288428544998,0.1662137455071885,2160.4705100825595,2005.1225110119947,4524.735423322683,18.979402193830882,11.936001040493231,14.383337264243531,14.267405447484181,17.009225215005632,15.607333502354448,14.588319220171632,-143.54415893554688,69.96184539794922,-9.753325462341309,21.591472625732422,8.571946144104004,5.221188068389893,-1.9201362133026123,4.99517822265625,4.459837913513184,4.062875747680664,-3.9959003925323486,7.487652778625488,4.9928669929504395
section_00_source_train_normal_0244_n_B.wav,normal,0.03159734606742859,0.2664206020367412,2948.3828152345714,2312.355214198413,5852.111621405751,18.23031428347232,12.10343435642105,13.590001855692107,13.671644574851586,13.995360691820578,14.686788938861488,14.5764857338244,-127.19727325439453,39.405418395996094,10.4766206741333,18.003971099853516,2.7466237545013428,7.9608612060546875,2.2060699462890625,3.7320685386657715,3.0906708240509033,2.5421524047851562,-0.36602339148521423,4.841475486755371,1.7930818796157837
section_00_source_train_normal_0793_n_C.wav,normal,0.03198019042611122,0.12548204123402557,1867.7367032853963,2050.487774499044,4443.340654952077,17.265166072459383,11.07211719300109,13.776855971289395,13.6538808835995,14.88780390492714,17.10242006969826,15.469589891922364,-164.5045928955078,85.67509460449219,10.047493934631348,19.19375991821289,8.01025390625,9.497034072875977,-3.112177848815918,5.306693077087402,-1.1269406080245972,6.1793413162231445,-3.3140339851379395,3.954667091369629,-1.5602049827575684
section_00_source_train_normal_0783_n_C.wav,normal,0.03212449327111244,0.1354972668730032,2042.7125082812056,2123.961274109016,4704.298123003195,17.87115973153256,11.298110227237597,13.712758562281591,13.890423648361216,15.768649601030837,15.746515784678927,14.355087114719932,-157.5290985107422,77.54480743408203,11.517799377441406,20.194332122802734,5.347273826599121,11.246121406555176,-0.0027068995404988527,3.452284574508667,-0.09105463325977325,3.8907551765441895,-2.1262481212615967,5.147787570953369,0.26187649369239807
section_00_source_train_normal_0927_n_C.wav,normal,0.0318894125521183,0.14795233875798722,2091.092475745726,2098.9125341612566,4682.03374600639,17.543789615664046,11.166331079949826,13.577333569492163,14.236153887717592,14.803182763355437,15.941512432496937,14.41927610355139,-151.26663208007812,75.43083953857422,6.872924327850342,19.607528686523438,3.415959358215332,9.224944114685059,0.9761016964912415,4.385694980621338,0.2732113003730774,3.9772562980651855,-2.411010980606079,4.513777256011963,0.12727051973342896
section_00_source_train_normal_0132_n_B.wav,normal,0.03201974555850029,0.21009041783146964,2541.755287970386,2178.2687696183434,5214.2821485623,19.35485412432466,12.036473104655197,13.704677131216808,14.696379859245026,14.671503702411671,15.103362064711803,15.318798117950992,-131.84429931640625,54.33242416381836,-0.5292100310325623,16.13641357421875,2.0595197677612305,11.023738861083984,7.1512627601623535,7.953710556030273,-3.050377130508423,-2.4890952110290527,-0.38191646337509155,4.577157020568848,4.629162788391113
section_00_source_train_normal_0937_n_C.wav,normal,0.03201593831181526,0.1221015125798722,1915.0901446153548,2054.7419823085465,4435.228634185303,17.49381579505303,11.22896780359372,13.633977499659439,13.704180110838243,14.535265868926013,15.35309667159217,14.377134048117767,-161.61476135253906,82.68655395507812,9.756308555603027,21.458219528198242,4.326061248779297,9.625750541687012,-0.5672857761383057,5.8669962882995605,0.710371196269989,3.260019302368164,-1.1630011796951294,4.8899149894714355,0.0464007593691349
section_00_source_train_normal_0122_n_B.wav,normal,0.031908996403217316,0.1560237994209265,2058.531275808996,1920.8399053400103,4170.3773961661345,18.613475037450055,11.603714293879538,13.069317278041519,13.649960870811778,16.20054743276834,15.595031407366223,14.761428496143447,-146.62318420410156,75.05992889404297,-15.023624420166016,21.247180938720703,6.978827476501465,6.583769798278809,1.2809396982192993,6.029321670532227,2.785351037979126,5.713407039642334,-2.682360887527466,5.482146739959717,3.7702207565307617
section_00_source_train_normal_0512_n_A.wav,normal,0.03212644159793854,0.39998658396565495,3914.7958159677955,2338.719447739893,6777.505990415336,15.976402593000776,14.32192914331953,21.70868215318578,21.06574687363344,20.108059743154815,16.754893007360653,16.534816359826944,-151.12059020996094,-11.513534545898438,-13.64797306060791,-3.3201732635498047,-2.3103952407836914,-17.135221481323242,-12.227187156677246,-15.981136322021484,-4.422954559326172,-0.48868420720100403,12.90341854095459,0.6194286346435547,-0.8252029418945312
section_00_source_train_normal_0502_n_A.wav,normal,0.032121334224939346,0.3343306958865815,3667.727608168197,2335.4629412335416,6756.389776357827,19.564617481151284,13.283152895929264,20.04714017739922,22.272900864858933,21.904472354751356,16.121451329780797,16.328734748844216,-157.1151123046875,-7.045389175415039,-14.916438102722168,13.743868827819824,6.043989658355713,-31.607559204101562,-17.340761184692383,-3.2294251918792725,6.227093696594238,8.907023429870605,20.371910095214844,1.3126270771026611,-6.682114124298096
section_00_source_train_normal_0347_n_A.wav,normal,0.03212267532944679,0.45146047573881787,3939.7087428897044,2279.4456283315217,6690.819688498403,16.483384677762015,14.471658786489279,18.864866970132752,20.165662595256187,19.097398047112378,16.681933742557025,17.999920236729892,-143.3308868408203,-13.04847526550293,-12.400761604309082,5.683282375335693,-0.8613221645355225,-16.894397735595703,-9.55150032043457,-14.151862144470215,0.30107325315475464,3.959383010864258,8.78590202331543,11.609742164611816,3.596207857131958
section_00_source_train_normal_0357_n_A.wav,normal,0.03211051970720291,0.37247279353035145,3764.8340249527037,2247.338682615671,6604.757388178914,18.198522397271105,14.045740008236487,18.042531526258347,19.449031738203114,21.335489219709462,16.62367840488306,16.064345753413374,-147.6785125732422,-12.545857429504395,-14.598751068115234,11.180091857910156,6.993788242340088,-13.909385681152344,-20.046981811523438,-10.589305877685547,3.211876630783081,3.694192886352539,6.801879405975342,8.495040893554688,4.896605491638184
section_00_source_train_normal_0209_n_B.wav,normal,0.03181043639779091,0.12093462959265176,2027.7446701230217,2080.644587350443,4640.200678913738,20.04576816919636,11.669780794346364,13.833037645547925,13.838471671061203,15.85321021481868,14.546757504751987,14.634062556879243,-164.062744140625,78.4972152709961,0.4860892593860626,14.805127143859863,9.515607833862305,9.421850204467773,0.267116516828537,9.547402381896973,1.4183847904205322,3.9471521377563477,0.1876073032617569,3.51938533782959,0.871827244758606
section_00_source_train_normal_0219_n_B.wav,normal,0.03185015544295311,0.13863287490015974,1993.3721461667687,1923.633808719246,4110.8726038338655,19.893150398092505,11.813161077136623,13.068974473338693,13.572384775031464,16.48044752282982,15.675343675837583,14.713083233814382,-156.30320739746094,76.93359375,-12.481178283691406,23.831920623779297,9.465030670166016,7.381965637207031,0.44155463576316833,6.308278560638428,3.2391769886016846,6.1609296798706055,-1.7023730278015137,6.065589427947998,3.4768853187561035
section_00_source_train_normal_0017_n_B.wav,normal,0.03197525441646576,0.14274972543929712,2065.3367537290956,2046.6850313416608,4596.370806709265,18.90839487894343,11.785100948405818,14.000268094254155,14.898181357626614,14.934382355251797,14.786365454678764,15.571041365532734,-148.13214111328125,78.36875915527344,-2.735379219055176,10.316536903381348,3.136962890625,12.700904846191406,0.9329609870910645,4.594039440155029,0.20323383808135986,5.929823875427246,2.272200107574463,4.556856155395508,-0.7612798810005188
section_00_source_train_normal_0802_n_C.wav,normal,0.031980495899915695,0.15508467701677317,2124.745532514325,2099.5883087993166,4708.117012779553,17.24381421184769,11.621999878883898,13.845944338520292,14.374418424402826,14.56822086507025,15.36931499045841,15.244588507794687,-145.2144775390625,74.51513671875,5.233817100524902,18.75910758972168,2.8024637699127197,9.541727066040039,3.2952475547790527,6.549860000610352,-2.3529536724090576,-0.2560027539730072,-1.630584955215454,4.437995433807373,0.3631248474121094
section_00_source_train_normal_0007_n_B.wav,normal,0.031868789345026016,0.14127396166134185,2124.0784053631023,2062.1353039974997,4633.960662939297,20.004646165215483,11.285978424647434,13.320871910008597,13.70862596164479,14.54502614879997,15.200999133976516,14.428788640983601,-154.67205810546875,73.97322845458984,1.0066105127334595,20.31789207458496,0.983875036239624,7.2825517654418945,2.223395586013794,4.847373962402344,0.9025400280952454,5.983643531799316,-1.657670021057129,6.825719356536865,1.0421713590621948
section_00_source_train_normal_0812_n_C.wav,normal,0.03202201798558235,0.11964762629792332,1923.2194304777772,2098.24043451457,4551.567492012779,17.17566882209109,11.54022625471748,13.805501546096203,14.193048483766391,14.768460049581908,15.756124299801554,14.274063795967844,-164.6233367919922,82.95104217529297,12.486647605895996,19.384580612182617,6.542728424072266,10.545449256896973,1.9747087955474854,5.495457172393799,-1.7832669019699097,2.743826150894165,-0.8495466709136963,6.106086254119873,-0.45473015308380127
section_00_source_train_normal_0629_n_A.wav,normal,0.03210058435797691,0.4050690769768371,3951.875780207195,2351.816481240372,6816.593450479233,15.211234445841878,14.076685856769862,21.54785774541437,20.17526692426872,20.2025349584526,16.972347080728877,16.723501055167855,-151.46109008789062,-12.289022445678711,-12.741618156433105,-2.118177652359009,0.1597144901752472,-18.20724105834961,-12.359496116638184,-15.461312294006348,-5.081964015960693,-0.34952035546302795,12.249085426330566,0.013022571802139282,-0.9337570667266846
section_00_source_train_normal_0639_n_A.wav,normal,0.03211735188961029,0.37304375499201275,3763.3318235532547,2252.1961824728955,6616.713258785942,18.02866783821774,14.145698717384695,17.621326145437752,19.112110882818502,21.36498642988698,16.775712171299258,15.976146260222576,-147.2158966064453,-12.403214454650879,-15.880297660827637,9.961318016052246,6.027061462402344,-15.056534767150879,-20.63700294494629,-11.498541831970215,3.7038254737854004,4.255829811096191,6.4141035079956055,8.006335258483887,3.3487930297851562
section_00_source_train_normal_0777_n_C.wav,normal,0.03194424882531166,0.15314091204073482,2087.4850707307514,2053.553669341949,4585.338458466454,17.415716309696528,11.478412614971962,13.811065024770445,15.094820022032266,16.103068026733116,15.377025672727154,14.551975112361594,-149.8812713623047,74.11134338378906,0.2284495234489441,20.77195930480957,7.9558424949646,9.586106300354004,1.0009486675262451,7.0042924880981445,-1.641554355621338,1.584441900253296,-0.4199257791042328,5.636906147003174,-0.7611686587333679
section_00_source_train_normal_0767_n_C.wav,normal,0.031037377193570137,0.18129742412140576,2236.691581835023,2052.228754605376,4682.882388178914,16.852072215824432,10.959679214101813,13.279356960871521,14.317273421410835,14.555732577114894,15.50509580692963,15.082709043866263,-141.7808074951172,67.0509033203125,-3.9761416912078857,20.843666076660156,4.199835777282715,7.883809566497803,2.5780391693115234,7.614816188812256,-0.09605124592781067,-1.4630173444747925,-2.189838409423828,2.633667469024658,-0.14097295701503754
section_00_source_train_normal_0437_n_A.wav,normal,0.032119374722242355,0.3946919304113419,3807.740873353688,2229.3896323148247,6469.174321086262,16.083754165153557,13.316101991299199,19.86022875932334,20.34388695364867,20.806838962884004,16.880776654886546,17.48292098789631,-152.992431640625,-13.774938583374023,-18.69835090637207,5.571980953216553,4.576216220855713,-19.257781982421875,-11.882743835449219,-6.242055892944336,-7.463810920715332,5.521243572235107,8.086955070495605,12.736539840698242,-3.5091209411621094
section_00_source_train_normal_0427_n_A.wav,normal,0.032125405967235565,0.40126422723642174,3877.2973683946684,2286.1601531440506,6586.38678115016,15.718364568550477,12.84315834176028,18.879333985031025,21.10481763261257,21.447933970662877,16.859348836517935,16.63554275184846,-154.45301818847656,-13.621525764465332,-17.528888702392578,4.391103744506836,10.274809837341309,-20.832801818847656,-13.715206146240234,-7.056972980499268,-6.793722152709961,6.944427013397217,11.514060974121094,7.9048614501953125,-1.748810052871704
section_00_source_train_normal_0455_n_A.wav,normal,0.03211657702922821,0.4232618435503195,3953.3966590460545,2342.0667145596585,6793.2308306709265,16.191620412765108,14.412209537155013,21.171028358408325,19.492798745176344,19.32298045322699,17.3074897947795,16.82751821206113,-147.72866821289062,-12.284586906433105,-11.667374610900879,-1.002571702003479,-0.6007513403892517,-17.648210525512695,-10.838760375976562,-14.452702522277832,-7.582119941711426,-2.6015923023223877,13.294533729553223,4.393918037414551,0.47910836338996887
section_00_source_train_normal_0445_n_A.wav,normal,0.03211284056305885,0.35649367262380194,3771.8937281255676,2388.9287370616375,6886.681309904154,18.72693244880153,14.066711811016972,20.054945105672193,18.365350497064984,19.716792596745663,15.747233068238199,15.489079203554407,-148.63270568847656,-4.44219446182251,-11.315885543823242,1.2220299243927002,2.324235439300537,-26.608625411987305,-19.789066314697266,0.4400900900363922,10.053913116455078,2.1217806339263916,18.38309669494629,7.301133632659912,0.18567804992198944
section_00_source_train_normal_0378_n_A.wav,normal,0.03211279213428497,0.4042063947683706,3894.6878530134013,2264.2540268051907,6638.902755591054,19.437593912938144,14.08351610686528,18.228973502300864,18.97359722252585,22.311822932527125,16.105747614622498,17.968510826914702,-153.9107208251953,-13.069428443908691,-12.694624900817871,10.778879165649414,7.434205055236816,-20.18450164794922,-10.510161399841309,-1.108458161354065,-3.9732167720794678,-0.3181982934474945,13.580845832824707,12.5032958984375,-0.5097845196723938
section_00_source_train_normal_0368_n_A.wav,normal,0.03211890906095505,0.3711405501198083,3770.9018505109525,2239.2247199278886,6479.9071485623,17.07620997257564,12.911090085380003,19.27352641204995,19.34724530743587,21.25470168106739,16.525313325685705,16.62679494176462,-153.29954528808594,-13.263618469238281,-16.74909210205078,12.112922668457031,7.990257740020752,-23.993207931518555,-15.321338653564453,-5.664820671081543,-2.010838031768799,9.051549911499023,8.509171485900879,10.667890548706055,-2.280632734298706
section_00_source_train_normal_0715_n_C.wav,normal,0.032070402055978775,0.14683225589057508,2032.0340325546174,2076.8879422706586,4575.129792332268,16.80485655070892,11.21019405193484,13.848726273567165,14.788699468704898,16.341436243224173,16.06289065335903,14.699173286132138,-155.10848999023438,77.62136840820312,7.989297389984131,21.580190658569336,3.4840638637542725,8.442633628845215,2.336247444152832,7.149824142456055,-0.8107044100761414,4.44456148147583,-2.0901644229888916,2.182515859603882,-1.498976469039917
section_00_source_train_normal_0705_n_C.wav,normal,0.03207806870341301,0.1469898162939297,2161.676022126263,2172.1685650854874,4915.460263578275,17.69658979417471,11.170363979731825,14.245327338626156,13.89779093904928,14.501399050922899,14.933416944139392,14.67647515373689,-152.93255615234375,72.05274963378906,11.864522933959961,22.011377334594727,6.383090496063232,7.785884857177734,-0.3711324632167816,6.1625142097473145,0.381283164024353,3.2719554901123047,-0.06375019997358322,2.600919485092163,0.038641151040792465
section_00_source_train_normal_0918_n_C.wav,normal,0.03205379098653793,0.11736378045127796,1860.5713489733912,2047.676417212005,4398.337659744409,17.108599722739694,11.67464881461819,13.599436031173006,14.253880063927818,14.968763810305274,16.247452704149307,14.374551504760928,-166.57164001464844,84.8627700805664,10.581497192382812,20.24415397644043,5.886919975280762,10.693428039550781,1.084080696105957,8.285577774047852,-0.5812035202980042,4.357577323913574,-3.983670711517334,5.4158830642700195,-1.2919726371765137
section_00_source_train_normal_0075_n_B.wav,normal,0.03201809525489807,0.14426760932507987,2108.385920879058,2032.900671556444,4581.91892971246,20.828690499603578,11.251343879704217,13.350921585036888,13.630811337357246,14.586928477301216,14.723488193491859,14.379632648883259,-148.52130126953125,73.8051986694336,-4.366366863250732,18.91478729248047,3.6161224842071533,7.91834020614624,0.07782423496246338,6.879273414611816,-0.38815662264823914,4.773854732513428,1.4803255796432495,5.604552745819092,0.27785739302635193
section_00_source_train_normal_0860_n_C.wav,normal,0.03191783279180527,0.12663644418929712,1871.094649040877,2040.2103362646524,4422.224440894569,17.659172388978114,11.086698555468896,13.53103219636621,13.614663531050473,15.729399626900964,17.329920902212024,14.528574956371731,-163.5758514404297,86.00122833251953,8.372998237609863,18.607765197753906,7.906313896179199,8.005069732666016,-3.4386956691741943,6.952798843383789,-0.9309659004211426,5.726497173309326,-3.3479175567626953,5.659358501434326,-1.3048452138900757
section_00_source_train_normal_0065_n_B.wav,normal,0.030849983915686607,0.12093150958466453,1824.9959219559173,1895.86854815903,3919.0545127795526,21.537137528816356,11.268949060243116,14.048754841645664,14.199887056191603,14.7658249487488,14.89682064128877,14.957166533669788,-171.9571990966797,89.27948760986328,-4.7513556480407715,18.62889862060547,2.622551918029785,7.706518650054932,0.5146137475967407,6.256592273712158,1.305307149887085,3.922074317932129,-0.592132568359375,3.178309440612793,0.9428995847702026
section_00_source_train_normal_0908_n_C.wav,normal,0.03204195201396942,0.1300809330071885,1984.0629055927755,2110.9851806561073,4634.010583067093,17.540904932175444,11.684055448223704,13.732653089332707,14.888620551613462,14.902242410566718,15.576352333088355,14.228371652887837,-159.4943084716797,80.93598175048828,10.95998477935791,16.77123260498047,5.37536096572876,10.853655815124512,1.5581116676330566,5.390158653259277,-1.0290915966033936,1.9250316619873047,-0.894410252571106,6.866888046264648,0.45708993077278137
section_00_source_train_normal_0870_n_C.wav,normal,0.03189217299222946,0.13507918580271566,1988.0742175786513,2100.95246548341,4608.251797124601,17.384801711233088,11.237677565212472,13.602575907335444,14.563745086481786,14.595095045303276,15.971980051365392,14.551456972669047,-157.46946716308594,81.48873138427734,8.028039932250977,14.985743522644043,6.649131774902344,8.501981735229492,0.9330949187278748,4.689547538757324,0.2053695023059845,4.157676696777344,0.546097993850708,2.887633800506592,-1.629260778427124
section_00_source_train_normal_0313_n_B.wav,normal,0.03185448423027992,0.292756589456869,2963.5871925169117,2225.4102446917377,5719.299121405751,17.66235736811552,11.372980639703863,14.019730583724188,15.136000865418973,14.166770305137385,15.415165223767854,15.732728468336662,-122.23333740234375,36.676612854003906,2.8960609436035156,16.087846755981445,-2.0868289470672607,6.836731433868408,4.853270053863525,9.42290210723877,-1.946977972984314,-0.14150147140026093,0.07567155361175537,1.5889681577682495,3.184518337249756
section_00_source_train_normal_0594_n_A.wav,normal,0.03211699426174164,0.3749563198881789,3781.7620012056923,2239.1814396951545,6486.197084664536,16.477790738725403,13.220038926065236,18.95248268129524,19.51623284788237,21.154172241920747,16.694239715873977,16.72767493160371,-153.345947265625,-13.971829414367676,-17.79292106628418,10.775771141052246,8.073710441589355,-23.37742042541504,-15.535514831542969,-7.19636869430542,-1.7122864723205566,9.215422630310059,7.813681125640869,10.699642181396484,-2.2719621658325195
section_00_source_train_normal_0303_n_B.wav,normal,0.031909432262182236,0.1392209964057508,2192.051137627697,2117.2294969051604,4837.035742811501,20.428924922671587,11.59092050955492,13.894577165252846,13.962355438895944,14.69059869999874,14.504662807527701,14.517435308486748,-153.29876708984375,70.23416900634766,2.2323927879333496,17.28600311279297,3.6309123039245605,10.389901161193848,0.8661543726921082,7.3687005043029785,2.8097002506256104,3.7610576152801514,-0.05316315218806267,5.898499011993408,2.052398443222046
section_00_source_train_normal_0584_n_A.wav,normal,0.032124366611242294,0.4117365340455272,3801.2604882369105,2223.445231361252,6497.254392971246,18.565347216088707,13.281704816774655,20.242189009737967,19.776260192320333,18.93976719989029,17.23879035314565,15.794990097441246,-141.48452758789062,-11.937694549560547,-13.031786918640137,5.608136177062988,2.785811185836792,-6.400205135345459,-8.566922187805176,-5.446239471435547,-7.679093360900879,-1.6403921842575073,8.437463760375977,12.196211814880371,-9.374993324279785
section_00_source_train_normal_0002_n_B.wav,normal,0.030746472999453545,0.12395167731629393,1999.750135141006,2018.78542108549,4245.706869009585,20.5377952704131,11.446947527077286,13.763914307770694,14.2973113679685,14.875171213652958,15.47818096861589,15.57654424754222,-173.21298217773438,77.26044464111328,-0.43481093645095825,27.82488250732422,3.9740774631500244,0.5277747511863708,8.42125129699707,3.8481874465942383,-0.6559109687805176,5.738075256347656,-0.5594862699508667,4.680285453796387,3.221475601196289
section_00_source_train_normal_0817_n_C.wav,normal,0.03202756121754646,0.1193403055111821,1865.1648092235541,2024.9087036101064,4316.992811501597,18.046744929924486,11.221521743674023,13.856391028158525,14.291108714790004,15.162448483753609,15.666911965943358,14.469342365766192,-163.4882354736328,85.7770767211914,7.464612007141113,19.650468826293945,5.194602012634277,10.640411376953125,0.8628066182136536,6.662895679473877,-0.039140500128269196,2.922259569168091,-3.390892505645752,5.198973178863525,-0.3163318634033203
section_00_source_train_normal_0012_n_B.wav,normal,0.031669240444898605,0.12241975339456869,1890.8499195099184,1978.4385813898355,4162.440095846646,19.45811376374307,11.657293363651565,13.321088770106426,14.744052588236015,14.473906554544639,15.035831278755344,15.091429212231505,-167.30264282226562,85.95014190673828,3.0929808616638184,17.720510482788086,0.08982331305742264,5.704738616943359,1.1276514530181885,6.841987133026123,2.8110835552215576,4.38176965713501,1.3670233488082886,5.38236141204834,1.179432988166809
section_00_source_train_normal_0807_n_C.wav,normal,0.03203771635890007,0.15180866863019168,2176.829619700172,2182.548954529083,4972.31928913738,17.614996928206452,11.714053959682772,13.7939098237937,14.14768871849616,14.45158747687102,15.68900912164418,14.468433288870417,-153.0009307861328,71.76382446289062,13.252132415771484,20.084440231323242,5.180729389190674,8.174935340881348,0.013336668722331524,7.568562030792236,-0.49809134006500244,3.7880001068115234,-0.5247529149055481,5.484487533569336,0.267142653465271
section_00_source_train_normal_0422_n_A.wav,normal,0.03210607171058655,0.3747129592651757,3765.066978811896,2252.508363166893,6624.126397763578,18.363525323283472,13.963398607753657,17.819161964424012,19.37721461691475,21.279767561777735,16.75240557307978,16.01676324006903,-147.33425903320312,-12.505831718444824,-15.860852241516113,10.325681686401367,6.09487771987915,-15.322611808776855,-20.46809196472168,-12.084723472595215,3.5709474086761475,4.568561553955078,6.9310407638549805,7.704959392547607,2.7663235664367676
section_00_source_train_normal_0432_n_A.wav,normal,0.03210476040840149,0.39896634135383385,3925.4561650674887,2338.8825168176645,6792.482028753993,15.715229634089246,14.051405043071012,21.779513779939155,20.587047704193147,20.224887579473567,16.84553665336634,16.846579657330135,-151.1287384033203,-12.60153865814209,-13.764436721801758,-2.855670690536499,-0.912818968296051,-16.45108985900879,-12.419174194335938,-16.260860443115234,-4.701879978179932,-0.7499189376831055,11.65145492553711,0.6779436469078064,-0.44834089279174805
section_00_source_train_normal_0762_n_C.wav,normal,0.03193109482526779,0.1355908671126198,2069.4782631687744,2132.1145431760483,4794.428913738019,17.59677751497561,11.309524881896744,13.469332557345474,14.107939457161441,14.566182399697123,14.337941121921322,14.46763447862989,-156.26263427734375,76.7744369506836,9.33035659790039,19.79697036743164,6.102964401245117,7.544644355773926,0.06049813702702522,8.486666679382324,0.35995182394981384,3.520887613296509,-1.7287371158599854,3.828765869140625,-0.15161444246768951
section_00_source_train_normal_0772_n_C.wav,normal,0.03201921284198761,0.1972796650359425,2303.5465088124197,2070.3147189697233,4748.352635782748,17.25234381448383,11.398255084127634,13.702499859285657,14.7081167634761,15.567210791378368,17.221110672717224,15.88894529899604,-138.56471252441406,63.65898895263672,3.8435425758361816,25.918365478515625,-4.838385105133057,10.445494651794434,8.139612197875977,4.12075138092041,-4.506531715393066,0.7354616522789001,-1.4475648403167725,3.687354564666748,1.2395135164260864
section_00_source_train_normal_0678_n_C.wav,normal,0.03203224390745163,0.14199000349440893,2077.0192566545306,2124.514282205915,4743.6851038338655,16.60065924206481,11.06730386973649,14.173897930770076,15.099511922513912,15.361628101309313,15.354707471772636,14.27141994791244,-153.23806762695312,76.06095123291016,8.363517761230469,18.803495407104492,6.009890556335449,9.612142562866211,1.1579368114471436,5.370761394500732,-0.9256837368011475,2.1100821495056152,0.5337147116661072,6.804269313812256,0.2859714925289154
section_00_source_train_normal_0700_n_C.wav,normal,0.03196767345070839,0.12399067741613419,1873.4730953667604,2047.5620256290836,4401.732228434505,16.275517758653834,11.447623221178398,13.40564539573077,14.599689808656676,15.508759341502545,16.678351840484684,14.465465990488966,-164.37269592285156,85.4541015625,9.688380241394043,17.673036575317383,4.403956890106201,10.546833038330078,-1.1265593767166138,6.368008613586426,1.7781776189804077,5.350688457489014,-2.062225818634033,6.048864364624023,-1.8581293821334839
section_00_source_train_normal_0668_n_C.wav,normal,0.0319390632212162,0.11405033196884984,1864.2220305506821,2069.9338736465957,4389.501797124601,19.356356007459315,11.43473152695173,13.582948733059311,14.206897103524142,14.628472202300529,16.053873445147673,14.688156072538328,-170.74530029296875,85.5575180053711,11.130617141723633,19.140356063842773,6.15248966217041,7.367722511291504,2.1310102939605713,4.921096324920654,-0.45494112372398376,4.1173272132873535,-0.20586057007312775,4.600954055786133,-0.4182431101799011
section_00_source_train_normal_0710_n_C.wav,normal,0.032019760459661484,0.17705265325479233,2296.329680960086,2183.5678879656566,5123.32767571885,17.896552113691765,11.135455605451833,13.520138654605866,14.71337383599337,16.0550562219486,16.014784072757898,15.911761673644909,-143.65724182128906,66.08246612548828,8.053897857666016,17.962406158447266,8.441841125488281,13.528485298156738,-1.9175961017608643,2.97652530670166,-1.7510510683059692,5.4331793785095215,1.5922163724899292,4.164080619812012,-5.531455993652344
section_00_source_train_normal_0440_n_A.wav,normal,0.032130513340234756,0.38648162939297126,3703.656786583906,2253.8106758581284,6492.9862220447285,18.028315829560764,13.22816020614276,18.139720766752077,17.60882387438668,20.380046359434196,16.202559883273537,16.405476490989013,-139.3163604736328,-4.993744373321533,-12.814705848693848,8.168993949890137,-0.40489059686660767,-20.228458404541016,-11.810164451599121,0.5587762594223022,-4.462553024291992,0.9359690546989441,8.899354934692383,6.147398471832275,0.38103339076042175
section_00_source_train_normal_0538_n_A.wav,normal,0.03209330514073372,0.3742387180511182,3833.168688147536,2405.9911576149925,6987.544928115016,16.911463447220044,14.459326413157603,19.931295738861444,18.798490738530234,19.410628706339278,16.19161106686936,15.969725201960363,-150.0600128173828,-6.63735294342041,-12.938965797424316,-1.0124486684799194,-0.8844409584999084,-30.069835662841797,-21.58456039428711,-5.051421165466309,6.572077751159668,1.3366589546203613,17.46099853515625,4.053089141845703,-0.44394102692604065
section_00_source_train_normal_0450_n_A.wav,normal,0.03212844207882881,0.358426517571885,3794.1799695888553,2384.3257493087094,6906.5245607028755,17.76617093154691,14.06276683360911,20.107159264810512,18.39100520096774,19.490820554537017,16.11686711002704,15.616466380694105,-150.0435791015625,-6.345663547515869,-12.403496742248535,0.6858376264572144,1.0959386825561523,-28.0985107421875,-20.930686950683594,-0.598882794380188,8.870315551757812,1.627805233001709,19.145709991455078,5.146857261657715,-1.5646140575408936
section_00_source_train_normal_0528_n_A.wav,normal,0.032143548130989075,0.42592945037939295,3988.338530028721,2336.4151826711595,6818.490415335464,15.47778275454619,14.220897127417937,20.530831378219084,19.54808836359113,19.57986992317079,17.24216305009889,17.028153732784034,-149.72999572753906,-14.262810707092285,-11.467547416687012,0.5345814228057861,-0.5541723966598511,-19.051101684570312,-12.791309356689453,-15.457679748535156,-5.741652965545654,-2.4301297664642334,12.393647193908691,1.6350646018981934,-0.4669630527496338
section_00_source_train_normal_0306_n_B.wav,normal,0.03162011876702309,0.1368076702276358,2009.6640242267745,2004.1635576863148,4365.664936102236,19.307523227005788,11.643976013562547,13.327900195993749,13.772985681526945,14.688522462435,14.977544199432591,14.46830510851609,-152.80645751953125,79.737548828125,-2.2498085498809814,18.260398864746094,0.5657700896263123,8.5472993850708,1.3853130340576172,6.271646499633789,2.4167354106903076,3.3645174503326416,1.4502731561660767,3.8654820919036865,1.4127674102783203
section_00_source_train_normal_0581_n_A.wav,normal,0.03211437165737152,0.4094027680710863,3788.3889444888764,2239.2217015852502,6514.1273961661345,16.666752101327795,13.021574566231566,17.001809547668742,17.087143864488777,20.132578921943647,16.128194637815636,16.57454898645672,-139.51202392578125,-9.322469711303711,-13.614034652709961,8.91339111328125,0.1922149956226349,-22.68605613708496,-14.285880088806152,-3.7235541343688965,-7.667680263519287,1.8544517755508423,10.069330215454102,6.798720359802246,-3.768855094909668
section_00_source_train_normal_0316_n_B.wav,normal,0.03199401870369911,0.1328920602036741,1912.7226083079984,1997.5760344559521,4281.749201277955,18.0310442981403,11.628842964902976,13.728691306319627,16.31414012455581,15.21873624845462,14.487518397437322,13.96012301624524,-152.78994750976562,89.36494445800781,-3.465980291366577,2.123971462249756,0.8349211812019348,15.411444664001465,6.866466999053955,4.82577657699585,-4.6525654792785645,0.12876126170158386,2.651700735092163,7.243602275848389,1.641324520111084
section_00_source_train_normal_0591_n_A.wav,normal,0.03211992606520653,0.40096158646166136,3798.0880032175983,2211.795242212247,6481.729233226837,17.13511268434621,13.270549473201973,19.50447108411188,18.423280491571294,20.47472510607052,17.06907881377104,15.66980603491431,-143.19927978515625,-13.015579223632812,-15.375168800354004,6.256935119628906,0.2976243495941162,-11.673565864562988,-9.98787784576416,-4.825835227966309,-8.572366714477539,-4.242216110229492,5.365118980407715,12.726003646850586,-7.218650817871094
section_00_source_train_normal_0060_n_B.wav,normal,0.03171399608254433,0.1823863069089457,2481.901125356834,2240.7976810782343,5325.204672523962,19.196815396916072,11.384014537068651,13.355888962101949,13.939881414347116,14.24087401524861,14.709689394258056,14.584360179406035,-145.6384735107422,58.861839294433594,9.793155670166016,18.37984848022461,2.6460120677948,6.171959400177002,1.7502466440200806,8.715235710144043,1.4844121932983398,1.8932477235794067,1.697399377822876,4.02947473526001,1.3718407154083252
section_00_source_train_normal_0875_n_C.wav,normal,0.031672194600105286,0.09431784145367413,1780.6356171025075,2022.2627346465013,4217.027755591054,20.27496081239025,11.10925524459744,14.065977417256693,14.445185756579043,15.76054511908212,14.532335897060593,14.30982387881196,-182.72714233398438,89.08615112304688,9.127063751220703,18.90018081665039,6.355255603790283,7.735924243927002,-0.37375175952911377,8.446873664855957,2.5603654384613037,3.8374390602111816,-1.3760262727737427,4.186746120452881,2.2661173343658447
section_00_source_train_normal_0118_n_B.wav,normal,0.03204973042011261,0.16788294978035143,2373.9138434925503,2147.054438167287,5010.333466453674,20.41998788386162,11.76640718984675,13.874981491088006,14.481221910595671,15.640790298069499,14.874343573656953,14.575151707929908,-144.3600311279297,60.44757080078125,-0.5753800868988037,19.934919357299805,6.9889020919799805,8.970757484436035,-1.062142252922058,3.8852434158325195,6.262381553649902,4.810014247894287,-2.575054168701172,3.8330929279327393,5.700199127197266
section_00_source_train_normal_0070_n_B.wav,normal,0.03192982077598572,0.18082474291134185,2446.8169686428632,2231.038001619144,5196.335862619809,19.52645679645949,11.629122003931698,14.077158905867464,14.571135528319987,14.746019485566242,15.027558087487426,15.986254619341446,-142.64918518066406,59.39311981201172,6.697540760040283,18.603809356689453,3.4770851135253906,9.965655326843262,2.026184558868408,3.697251081466675,8.362537384033203,1.6526479721069336,1.0223276615142822,2.0000362396240234,2.161376476287842
section_00_source_train_normal_0108_n_B.wav,normal,0.028858590871095657,0.17162539936102236,2191.4989888566893,1999.1156726216245,4553.91373801917,18.753058892082034,11.736068311444663,13.147352220586479,13.63396943937289,15.396042520601988,14.962812290261116,14.52880178554994,-159.85743713378906,68.34109497070312,-8.849079132080078,20.156328201293945,4.491771697998047,8.39122200012207,0.806279182434082,5.448291778564453,1.0320552587509155,6.206725597381592,2.2287702560424805,2.8011341094970703,1.6458611488342285
section_00_source_train_normal_0865_n_C.wav,normal,0.03196404129266739,0.14361864766373802,2054.57182162643,2115.611946972691,4735.647963258786,17.749861462398314,11.555248479496912,13.705695083043011,13.82906923896733,15.625555332185995,16.46074443923106,14.629467796684793,-155.17515563964844,77.10246276855469,9.204422950744629,18.778844833374023,7.5198283195495605,10.650690078735352,-1.674155354499817,5.494535446166992,-0.29291170835494995,4.665085315704346,-3.3305835723876953,5.196610927581787,-0.9381833672523499
section_00_source_train_normal_0084_n_B.wav,normal,0.02830352447926998,0.19037040734824281,2229.116404948453,1952.6493600657461,4488.518370607028,17.985329426858808,11.981833507673729,13.387625898239943,14.032214387904736,16.926697895981153,15.697317492772727,15.259873161552244,-162.06689453125,65.44364166259766,-15.791970252990723,20.292856216430664,6.706519603729248,7.71873140335083,-0.7161877751350403,3.656787395477295,0.13209038972854614,3.8493382930755615,-2.061492681503296,5.146938323974609,3.0845303535461426
section_00_source_train_normal_0891_n_C.wav,normal,0.03201458230614662,0.11800806210063898,1858.489386903758,2040.8454987081154,4368.784944089457,17.02823769809471,11.45358035280938,13.853392668935506,14.150623669665825,14.55565651932378,15.97890445148996,14.677955119610232,-164.79713439941406,85.62090301513672,10.033034324645996,19.608461380004883,5.7496466636657715,10.694612503051758,0.07938706874847412,6.911390781402588,-0.4453858733177185,3.8561270236968994,-2.697984457015991,5.764085292816162,-1.1575608253479004
section_00_source_train_normal_0603_n_A.wav,normal,0.03210980072617531,0.4354095946485623,3893.4152991381784,2276.589190670149,6672.074680511182,18.879881052761128,13.990924073816041,19.040313275139138,20.158104980464415,19.55406991857746,17.08364292774599,18.10410289041624,-144.51055908203125,-12.184276580810547,-12.56411361694336,9.244555473327637,1.6196646690368652,-17.335975646972656,-8.809791564941406,-11.674905776977539,2.068967342376709,5.461365699768066,10.899908065795898,13.183103561401367,3.1398017406463623
section_00_source_train_normal_0094_n_B.wav,normal,0.028881480917334557,0.12021702775559105,1862.3121219557681,1926.9673643120805,3972.1944888178914,21.924778939173226,11.614093470575487,13.37311931471462,13.899368623494983,14.557783748988223,15.175977059456244,14.490968668210275,-186.30746459960938,86.58561706542969,-5.133378982543945,20.622373580932617,4.832411766052246,5.486067771911621,1.3341940641403198,3.8428232669830322,1.6812692880630493,2.8197927474975586,-1.6104005575180054,0.23084600269794464,-1.1106916666030884
section_00_source_train_normal_0613_n_A.wav,normal,0.03210987150669098,0.3989991014376997,3923.091024876825,2348.834051625949,6800.294528753993,15.746641280800516,13.66225125405845,21.667226568516128,20.967198230124808,20.138788042430278,16.539078190098305,16.624514398746054,-150.81234741210938,-11.1055269241333,-13.234869956970215,-2.973778009414673,0.36558446288108826,-15.726690292358398,-11.267548561096191,-15.510126113891602,-3.7245614528656006,0.16227932274341583,13.019197463989258,2.279191493988037,-0.6908958554267883
section_00_source_train_normal_0881_n_C.wav,normal,0.032029613852500916,0.12842732877396165,1928.1117397749483,2057.728817187029,4444.588658146965,16.843358403738954,11.141296833602928,13.873259559022033,14.166765342902561,15.516685321419198,16.500627005477185,14.419827067665933,-160.47964477539062,82.2627944946289,9.480852127075195,22.109973907470703,4.155231475830078,8.257274627685547,1.004729986190796,4.680016040802002,-0.8914687633514404,4.387752056121826,-2.50070858001709,5.221645832061768,-0.7526728510856628
section_00_source_train_normal_0330_n_A.wav,normal,0.03213069215416908,0.43414755141773165,3904.5005850832013,2238.308426981642,6554.263178913738,16.237956463933074,13.307502909127134,20.926773488895975,18.48592839434292,18.16000899738087,17.315230417445704,15.553270759870397,-140.6598663330078,-13.888375282287598,-10.166587829589844,2.521895408630371,-3.2041141986846924,-10.993622779846191,-7.4380598068237305,-7.891919136047363,-8.469030380249023,1.3406883478164673,9.2088041305542,9.419337272644043,-11.69774341583252
section_00_source_train_normal_0565_n_A.wav,normal,0.03213011473417282,0.33730874351038337,3534.628292240851,2159.834814421774,6345.547124600639,16.304500788849293,13.78482203006153,20.999502475675943,21.139946850722122,21.995006936696416,17.244594103103893,15.18643250061058,-155.23422241210938,-11.316999435424805,-22.879369735717773,15.868363380432129,0.720291018486023,-16.301925659179688,-14.353547096252441,-9.389837265014648,-7.089360237121582,-2.7705490589141846,18.494068145751953,6.2770466804504395,-10.002208709716797
section_00_source_train_normal_0575_n_A.wav,normal,0.03210858255624771,0.4450207792531949,3942.3443958129496,2271.330696421411,6690.29552715655,15.77528187730352,14.094254478847468,18.75771357667997,20.015622340813657,19.33702421533459,16.72247723960347,18.058126399156492,-145.29379272460938,-14.795402526855469,-13.947388648986816,5.524214744567871,-1.6575732231140137,-19.461196899414062,-12.052773475646973,-15.864953994750977,-2.2663164138793945,3.01587176322937,7.740781784057617,10.378117561340332,2.8040359020233154
section_00_source_train_normal_0389_n_A.wav,normal,0.032121866941452026,0.40122210712859424,3816.392208618558,2243.495733131532,6491.73821884984,18.575140664995146,12.929270334845103,18.48749920314707,19.546970116108938,20.92252156135435,16.62849891506343,17.18159958841209,-150.9827423095703,-12.59969425201416,-16.371641159057617,10.25023078918457,9.978267669677734,-17.93680763244629,-10.804228782653809,-3.753505229949951,-3.4257709980010986,9.147603034973145,10.88316822052002,12.78180980682373,-0.8569871187210083
section_00_source_train_normal_0399_n_A.wav,normal,0.032119911164045334,0.36814222244408945,3764.515908164018,2243.2322834013207,6615.240615015974,17.405139553145553,14.02904672584838,18.101712585900824,19.275037049298618,21.634185951634933,16.554048468166716,16.331138566171663,-150.39303588867188,-12.914995193481445,-15.969579696655273,9.61507511138916,5.945756912231445,-15.155614852905273,-20.59758186340332,-12.68101692199707,2.5963075160980225,4.656132221221924,6.201651096343994,5.623462677001953,2.8981547355651855
section_00_source_train_normal_0223_n_B.wav,normal,0.03190076723694801,0.15515955720846644,2308.6745125565853,2188.9503491963146,4993.959664536741,20.57925129988716,11.305178399264049,13.808235259637966,15.082397985115273,15.52241983807535,14.921271484601803,15.094948385181706,-155.1553955078125,67.76718139648438,5.978099346160889,15.197601318359375,4.9342217445373535,5.9658684730529785,3.3359835147857666,8.074312210083008,2.719372272491455,1.9912998676300049,1.2378828525543213,5.602971076965332,3.0317304134368896
section_00_source_train_normal_0233_n_B.wav,normal,0.03198939561843872,0.14747185752795527,2295.916554403621,2210.351482272119,5124.400958466454,20.296541926812615,11.753459290961413,13.665149655798965,13.820345531581244,15.247292849698317,14.808334749346555,14.892431717984405,-154.220947265625,66.33296203613281,5.285806655883789,15.542413711547852,9.168253898620605,9.118148803710938,-0.129104346036911,7.037101745605469,3.396602153778076,4.236441135406494,-0.2580149471759796,2.258930206298828,4.52646017074585
section_00_source_train_normal_0950_n_C.wav,normal,0.03196188434958458,0.13572190744808307,1913.9674521579896,2018.0698965102838,4367.437100638977,17.458238026657195,11.363630778014615,13.907828658113658,13.720666321938419,14.736951854267335,16.661192285227187,14.648129628468503,-156.98062133789062,83.83990478515625,7.504389762878418,20.82611083984375,2.3228108882904053,10.160518646240234,-3.18245267868042,3.971984624862671,-0.5906916260719299,4.601118564605713,-3.821286678314209,5.258659839630127,-1.867327094078064
section_00_source_train_normal_0145_n_B.wav,normal,0.02904345653951168,0.16293617711661343,2149.311078778773,2029.8362225361166,4593.350638977636,18.853826656389,11.285676122343125,13.821110232697336,13.990519596529566,15.236929422850961,15.639835526171924,15.44816822673173,-160.50674438476562,72.54399108886719,-2.3368163108825684,17.70433235168457,0.08297871053218842,9.375785827636719,-4.329178810119629,7.008341312408447,2.6177799701690674,1.5596288442611694,1.587993860244751,2.742957353591919,1.0854243040084839
section_00_source_train_normal_0828_n_C.wav,normal,0.03184153884649277,0.1467277356230032,2121.4787632886027,2117.8755758668767,4780.80071884984,17.685397919163485,11.240030261182506,14.090950529797432,15.03627836756658,15.564604518561662,14.67521855752392,14.573092539998393,-156.19744873046875,73.43385314941406,7.829068183898926,21.12957763671875,6.015675067901611,8.753174781799316,1.4622201919555664,8.110617637634277,-0.6474545001983643,2.738879442214966,-1.9693876504898071,5.151632308959961,1.6755417585372925
section_00_source_train_normal_0940_n_C.wav,normal,0.03203727304935455,0.11905014476837061,1876.4249649338885,2038.1202156566903,4374.975039936102,16.99543986197499,11.37826705364059,13.45255601388913,14.069044199091946,14.985607603637911,15.770496218317145,14.747780507397927,-164.3997344970703,84.8983383178711,9.006288528442383,20.20591163635254,5.513868808746338,11.144152641296387,0.4753558337688446,7.165674209594727,0.5016975402832031,4.123219966888428,-3.4864354133605957,4.340266227722168,-1.1729979515075684
section_00_source_train_normal_0838_n_C.wav,normal,0.031094197183847427,0.12753812649760382,1927.9872109823611,2042.6486064914745,4399.810303514377,18.022029213378683,11.286600629675172,13.762103992293657,13.830469500508494,14.26197035874413,16.015790991894107,14.087799728937519,-166.16952514648438,81.70136260986328,6.420693397521973,21.30054473876953,6.06475830078125,9.922036170959473,0.7664670944213867,4.476248264312744,-1.0635994672775269,4.324780464172363,-0.5222813487052917,6.442232608795166,-0.9961554408073425
section_00_source_train_normal_0155_n_B.wav,normal,0.03199498727917671,0.1234290759784345,2015.1911662642185,2022.8502247329009,4425.793730031949,19.49160272038113,11.732145050442805,13.330480129433111,13.862622523134783,14.829421888195544,14.668905562089021,14.352441878710335,-157.3096466064453,78.15092468261719,-3.0540950298309326,19.191864013671875,5.372076511383057,8.035543441772461,1.0254091024398804,8.068144798278809,2.0670387744903564,4.375058650970459,2.523787260055542,5.384529113769531,0.7803384065628052
section_00_source_train_normal_0786_n_C.wav,normal,0.03194199502468109,0.1398793180910543,1988.142862676861,2020.5428276283849,4414.586661341853,16.79319848037094,11.20083139096541,14.022902667676554,14.106964609454868,15.695416904421442,16.118774136068634,14.769667398365504,-155.49517822265625,78.91996765136719,2.258622884750366,21.407655715942383,6.673272609710693,11.886002540588379,-0.3415910005569458,5.250240802764893,0.4942531883716583,2.619948387145996,-3.3401522636413574,6.319243907928467,-0.2069375216960907
section_00_source_train_normal_0796_n_C.wav,normal,0.03187001869082451,0.14909114167332269,2111.1570728846914,2140.8252953910114,4790.859624600639,17.31998631956768,11.212771415013073,13.837694318198697,13.937068154173025,14.192244122318902,16.192825436983995,14.629249840068837,-155.551025390625,75.04383087158203,11.838677406311035,19.201452255249023,4.508378982543945,10.265535354614258,0.7369857430458069,5.322922229766846,-0.940925657749176,2.0970821380615234,-0.3538343012332916,5.437533855438232,-1.2444908618927002
section_00_source_train_normal_0932_n_C.wav,normal,0.03203655406832695,0.12967221196086262,1977.2315953645116,2101.652501293261,4629.24321086262,17.737117811927952,11.345730409376227,13.708695042375252,13.835015230502009,14.046192302643917,16.120298790094505,14.299949359224348,-160.45738220214844,80.25613403320312,10.895198822021484,20.465160369873047,6.898289203643799,9.619586944580078,1.236383318901062,5.702376365661621,-2.669926643371582,3.4726219177246094,-1.717466950416565,6.236530780792236,-1.6784082651138306
section_00_source_train_normal_0127_n_B.wav,normal,0.03204415366053581,0.143434567192492,2013.3877913278152,1924.6071903972838,4135.70786741214,19.152911483736897,11.753271955526547,13.411029675342155,13.683427409979322,16.633301713650557,15.696509585335702,14.761686144232593,-150.0771942138672,77.29956817626953,-13.741313934326172,21.39373207092285,7.852316856384277,6.778898239135742,0.9256020188331604,5.505177021026611,3.093111276626587,5.496547222137451,-1.8558024168014526,6.343282222747803,3.511829137802124
section_00_source_train_normal_0922_n_C.wav,normal,0.02759183570742607,0.15689896166134185,2085.766773843877,2041.5161248732225,4588.982627795527,16.52262113689545,11.384759739135108,13.57582766863317,13.970351422298307,14.326573820642452,16.19820322685266,14.646925528320308,-171.39381408691406,75.3042221069336,1.865647792816162,19.867599487304688,4.390911102294922,7.853033542633057,-0.2858040928840637,6.4970479011535645,-2.4420342445373535,4.762004852294922,-0.261694073677063,5.250895977020264,-0.38057589530944824
section_00_source_train_normal_0137_n_B.wav,normal,0.03205030411481857,0.17966409994009586,2408.8920472959035,2206.0672253293524,5198.532348242811,18.358417763332582,11.692428405864954,13.469636784431795,13.679788370920221,14.662193894009413,14.808559018524592,14.773895842493719,-139.1107940673828,61.75680923461914,4.327398777008057,16.151700973510742,4.188056468963623,9.32690715789795,2.011314868927002,3.7673745155334473,4.749401092529297,5.858377933502197,-0.3523315191268921,1.7394676208496094,4.377844333648682
section_00_source_train_normal_0241_n_B.wav,normal,0.030753541737794876,0.15626560003993611,2069.959191026916,1953.2370296631789,4312.849440894569,18.50163626004507,12.14631195112701,14.558301964999483,14.654432261930934,15.7481981704871,15.263375708118756,14.64445885551127,-154.53250122070312,75.83289337158203,-8.021846771240234,19.392837524414062,3.9367167949676514,8.749273300170898,-0.4073662757873535,6.283810615539551,0.9027752876281738,2.2036502361297607,-0.8976722359657288,5.815398693084717,2.864238739013672
section_00_source_train_normal_0329_n_B.wav,normal,0.03193757310509682,0.22401657348242812,2749.74385440519,2248.7085886779623,5551.467651757189,19.66298010709334,12.113377985235589,14.095446586577266,14.134867644080337,15.569459050135166,14.453429216074776,14.6986368142259,-139.65145874023438,45.78287887573242,6.102914810180664,18.935335159301758,8.02083969116211,9.552209854125977,-1.780324101448059,4.582385540008545,6.732245445251465,5.283670902252197,-1.2330386638641357,4.873258113861084,5.446734428405762
section_00_source_train_normal_0251_n_B.wav,normal,0.0318601094186306,0.16629486571485624,2130.700120659388,1954.5199218869645,4341.678314696485,18.465768596664013,12.109354627612674,13.659633579073994,14.02417122642613,15.065058513225615,15.765801936155441,14.417751457694424,-142.23696899414062,70.8346176147461,-13.8209228515625,22.58777618408203,6.50865364074707,7.613566875457764,1.139845371246338,3.83280348777771,1.5174177885055542,5.007704734802246,-1.0738469362258911,6.7911810874938965,3.979252338409424
section_00_source_train_normal_0507_n_A.wav,normal,0.032134875655174255,0.37715904552715657,3643.9002434190224,2265.441158510067,6471.121206070287,19.027934554468736,13.283948858366273,17.869112057628435,20.48575681163883,20.599880703634838,15.569754232528876,16.39292929975975,-141.37892150878906,-2.5949761867523193,-14.463106155395508,5.967484474182129,-0.02041969634592533,-18.505403518676758,-9.634244918823242,-3.4189717769622803,-8.217432022094727,2.9259891510009766,11.724685668945312,8.17772102355957,-0.42945224046707153
section_00_source_train_normal_0517_n_A.wav,normal,0.032093595713377,0.3960678539337061,3779.62426423652,2203.0439763556396,6490.764776357827,16.172085808977553,13.464150685790782,20.219324890250114,20.592986831871354,19.023213129592694,16.930768869263634,15.975747288001509,-144.99945068359375,-14.789772033691406,-18.051055908203125,4.293718338012695,1.2035337686538696,-9.896788597106934,-10.53404712677002,-7.319863796234131,-11.290827751159668,-4.573259353637695,7.514902591705322,8.642662048339844,-13.41262149810791
section_00_source_train_normal_0352_n_A.wav,normal,0.03212185204029083,0.3939899286142173,3895.9940088180892,2344.5649241590836,6775.059904153354,19.08916049155284,14.32116359094086,21.8244773835596,20.820700640218156,20.382621691935558,16.874972602528246,16.632487320627156,-150.57606506347656,-10.118127822875977,-12.393503189086914,-1.0943968296051025,0.6626783609390259,-15.213118553161621,-10.108438491821289,-13.527424812316895,-2.7982115745544434,0.8599237203598022,13.826902389526367,2.0322344303131104,0.6937313675880432
section_00_source_train_normal_0342_n_A.wav,normal,0.03213853761553764,0.4136288188897764,3953.5810464401684,2258.2629191970677,6657.897364217252,17.49924211804241,13.76057739321282,17.9638163549929,18.48976018525338,21.692378817346597,15.847459789804523,17.963476446289963,-154.17376708984375,-16.096515655517578,-12.675997734069824,10.608072280883789,6.274961471557617,-24.731781005859375,-13.81246566772461,-2.288748264312744,-6.3563456535339355,-1.9193357229232788,11.156399726867676,11.149347305297852,-1.0045976638793945
section_00_source_train_normal_0661_n_C.wav,normal,0.03207731992006302,0.15247791034345048,2106.783861505992,2122.3708424534607,4755.491214057508,16.29402726274823,11.354662097943406,13.61209759038619,14.325502223674992,17.537374911236462,16.09601468523801,14.415974892896624,-149.57171630859375,74.82643127441406,8.336481094360352,19.681865692138672,5.176804065704346,7.816726207733154,-1.3647639751434326,5.711448669433594,2.093940019607544,1.008149266242981,-2.910768985748291,5.0559797286987305,-1.1847052574157715
section_00_source_train_normal_0719_n_C.wav,normal,0.03196774795651436,0.12748040634984026,1969.388383540194,2080.2345829796122,4516.199081469648,17.48174971152984,11.341016290037803,13.314389019183972,14.169187363365431,14.19507015219558,16.084499491431043,14.511084550098447,-160.2702178955078,80.21139526367188,8.570147514343262,20.657108306884766,4.282639026641846,9.087052345275879,3.297982931137085,5.619602203369141,-0.4192267060279846,3.6126222610473633,-0.9070047736167908,5.64371919631958,-0.7709620594978333
section_00_source_train_normal_0671_n_C.wav,normal,0.02497565560042858,0.14256876497603835,2001.5704330994913,2014.5378330440142,4418.9297124600635,17.117541694866734,11.74115608085109,13.531139811989044,13.914602329477628,15.323569873555389,16.259578601578117,14.674041645589757,-191.15902709960938,77.13471984863281,1.774725317955017,22.971040725708008,5.707878112792969,10.073017120361328,-0.3011651039123535,4.3030266761779785,-0.5833216905593872,3.790370225906372,-1.6531085968017578,5.728261470794678,-0.7017143368721008
section_00_source_train_normal_0709_n_C.wav,normal,0.03196028247475624,0.11495357428115016,1843.1405427755465,2026.923080187485,4319.114416932907,17.893534387975304,11.255688534595652,14.015228616264762,14.1083369792063,14.524629583782051,16.267940251060782,14.58015625140385,-165.83029174804688,87.02008819580078,7.730432987213135,17.88585090637207,6.649014472961426,10.483072280883789,0.2956394851207733,5.687283039093018,-1.2647708654403687,4.817283630371094,-0.6542894840240479,4.360229015350342,-1.0925681591033936
section_00_source_train_normal_0647_n_A.wav,normal,0.03211744874715805,0.4018258286741214,3904.040246114768,2357.721011686791,6789.8612220447285,19.212374407130163,14.155112143529427,21.887496916278867,20.72807482755918,20.036285444037166,16.568404984071442,16.736841356166995,-149.21041870117188,-9.247427940368652,-11.420729637145996,-1.2869935035705566,1.947515606880188,-14.129976272583008,-9.024429321289062,-14.098250389099121,-4.0916523933410645,1.42325758934021,13.928208351135254,4.073431015014648,1.9525668621063232
section_00_source_train_normal_0657_n_A.wav,normal,0.03210359811782837,0.4274317342252396,3944.5405708662197,2344.3228700416016,6793.330670926518,18.046281199461326,14.249602727476645,20.38321013754355,20.16553825466729,19.10764672408386,17.302875362557092,16.939566293460828,-147.2275848388672,-11.375975608825684,-10.174074172973633,0.6754053831100464,0.5377382636070251,-15.577364921569824,-9.20001220703125,-13.804920196533203,-6.077291488647461,-0.8278322219848633,13.716851234436035,5.853715896606445,2.6565489768981934
section_00_source_train_normal_0459_n_A.wav,normal,0.03212350979447365,0.36873658396565495,3823.800193840755,2393.106816907886,6949.031549520767,15.43368810552859,14.179843060525526,19.568766304571554,18.951326662456403,19.732947182748557,15.807429137063535,15.806415729137575,-149.66751098632812,-6.869777202606201,-13.387084007263184,-1.2027205228805542,-0.7329254746437073,-30.23910140991211,-22.234525680541992,-4.268613338470459,6.717742443084717,-0.4796554148197174,16.485239028930664,3.5298218727111816,-1.5255818367004395
section_00_source_train_normal_0521_n_A.wav,normal,0.03210531920194626,0.43879324331070285,3911.757359969797,2270.2401582305065,6681.060303514377,17.219042955982648,14.219796875046766,18.94236719338484,20.268066258035656,19.451263835156347,16.670193551337817,17.941787781321374,-143.73052978515625,-14.027652740478516,-15.084990501403809,6.9017229080200195,-0.05400760471820831,-18.692747116088867,-9.997732162475586,-15.577140808105469,-1.496251106262207,4.986079216003418,9.217570304870605,10.935362815856934,1.2678639888763428
section_00_source_train_normal_0449_n_A.wav,normal,0.032116178423166275,0.4006371056309904,3921.102493030053,2340.4677075951186,6780.925519169329,15.929891363873656,14.601113282630536,21.61285841255401,20.453460736834867,20.18227375252435,16.86410927195477,16.760225698261255,-150.9087371826172,-11.999040603637695,-13.90725326538086,-3.6465954780578613,-1.28704833984375,-16.93414878845215,-12.546975135803223,-15.76933765411377,-5.631242275238037,-0.7136831283569336,12.00468635559082,1.3843035697937012,-0.5291056632995605
section_00_source_train_normal_0531_n_A.wav,normal,0.03210579603910446,0.37111403005191695,3764.428347844925,2258.2713518878572,6625.549121405751,17.68636231678816,13.92485194770304,18.371080199197465,20.28897148998071,21.48378607856001,16.612579989316494,16.084474034926263,-149.80194091796875,-12.160599708557129,-15.014690399169922,10.011628150939941,6.8328375816345215,-12.945867538452148,-18.241802215576172,-12.658573150634766,1.3491365909576416,3.475904941558838,7.855409622192383,8.181201934814453,5.949443340301514
section_00_source_train_normal_0374_n_A.wav,normal,0.03211162984371185,0.3691297049720447,3783.756356696458,2237.2293079875576,6616.663338658147,15.352880099270605,14.063748057940186,18.38459971718693,19.509616984395276,21.573451271214374,16.365407102827824,16.2351735511537,-151.47378540039062,-14.862613677978516,-17.85856819152832,6.34768009185791,3.553168773651123,-16.15584373474121,-22.04090690612793,-15.29973316192627,-0.04727219045162201,2.963111639022827,4.99553918838501,4.142009735107422,1.651284098625183
section_00_source_train_normal_0364_n_A.wav,normal,0.03214596211910248,0.3912380815694888,3904.023112240851,2348.9876292606477,6785.767771565495,16.597877903773366,13.787535091168595,21.68171860879176,20.867414039724203,20.057865273753418,16.799391812076372,16.492646381461515,-150.5733642578125,-9.987049102783203,-12.979803085327148,-2.147233724594116,1.0033296346664429,-15.70836067199707,-10.779670715332031,-13.756645202636719,-2.531564712524414,1.3242231607437134,13.337188720703125,1.749817132949829,-0.21115721762180328
section_00_source_train_normal_0598_n_A.wav,normal,0.032112982124090195,0.334564696485623,3682.5765512695693,2342.8576920065047,6768.145966453674,17.59067954432471,13.007772722117705,20.218256747945826,22.413383237525398,21.727880068426813,16.22834974854393,16.279007209293283,-158.3116455078125,-7.521824359893799,-15.440117835998535,11.657743453979492,4.992384433746338,-33.5341682434082,-19.327621459960938,-4.419929504394531,5.831289768218994,7.3509931564331055,19.486703872680664,0.49111905694007874,-7.852328300476074
section_00_source_train_normal_0267_n_B.wav,normal,0.022762887179851532,0.18150022464057508,2294.490828396066,2083.3824803478606,4848.76697284345,17.463849044719975,11.296096333350206,13.560583390258737,14.155649657647075,15.404300684928163,15.186026478850009,15.496104090236255,-196.96096801757812,65.57083892822266,-6.1249213218688965,12.858002662658691,0.5331752300262451,6.004727363586426,0.19407112896442413,4.305840015411377,1.8000421524047852,2.139143705368042,2.3678946495056152,5.237594127655029,2.8421061038970947
section_00_source_train_normal_0588_n_A.wav,normal,0.03209951892495155,0.39280432557907347,3833.8715842980046,2235.093537018386,6480.331469648562,19.52553819618213,13.28987965730298,18.78253294454062,19.18196766788088,21.330734850438834,16.70244469515746,17.4247209363267,-153.25497436523438,-14.53817367553711,-14.974812507629395,12.066155433654785,8.837357521057129,-18.126039505004883,-11.871725082397461,-3.604464054107666,-1.1425355672836304,9.412653923034668,10.145831108093262,14.37533187866211,-0.5646652579307556
section_00_source_train_normal_0277_n_B.wav,normal,0.03203057870268822,0.1384409944089457,1964.4140479788098,1908.8633475483666,4066.9678514376997,18.418726041932395,11.853604326874095,13.061172721820075,13.513131420023539,16.604706412690888,15.369135460356578,14.63995942603184,-153.31369018554688,78.99467468261719,-14.768950462341309,21.72403907775879,10.882059097290039,8.118511199951172,0.2423129379749298,6.3145904541015625,1.8971978425979614,6.628870964050293,-2.214580774307251,6.359123229980469,3.0541868209838867
section_00_source_train_normal_0079_n_B.wav,normal,0.03189598023891449,0.23656056559504793,2589.246192819328,2082.393636103627,5063.673123003195,18.77087059074558,11.364738942914487,13.376223622206828,14.312904461300578,14.636756683542528,15.336981297304128,15.720975491910952,-123.77468872070312,49.40233612060547,-12.645895004272461,14.35465145111084,-1.295986533164978,7.170717239379883,2.8416521549224854,11.264835357666016,6.708636283874512,3.7137603759765625,-0.1570751667022705,1.283387541770935,0.00889397319406271
section_00_source_train_normal_0914_n_C.wav,normal,0.031948089599609375,0.1178910618011182,1850.0356951494978,2037.6524966975976,4403.254792332268,17.27745644934232,10.943513221908464,13.52282887081059,13.933903734013015,14.066979881494555,15.998262214046411,14.752561453313778,-164.8194580078125,87.8711929321289,11.317451477050781,17.59246063232422,2.7876040935516357,8.933459281921387,-1.3358447551727295,6.053755283355713,-3.6081175804138184,4.523290157318115,-1.3155763149261475,6.1436662673950195,-1.7282016277313232
section_00_source_train_normal_0101_n_B.wav,normal,0.03016810677945614,0.10518170926517571,1739.339953115767,1883.4849513289676,3766.548522364217,23.560538088735427,11.658037787040554,13.19198995240547,13.77163837720508,14.272809802269432,15.011447717803687,14.552905980278512,-183.29095458984375,93.04761505126953,-4.356291770935059,19.25851821899414,4.8219170570373535,7.8806891441345215,1.6745353937149048,4.153141498565674,0.8119374513626099,3.513852834701538,-3.0232722759246826,0.002459894632920623,-2.654151678085327
section_00_source_train_normal_0904_n_C.wav,normal,0.031991541385650635,0.17487176767172524,2200.681378945319,2073.527561386795,4694.588658146965,17.16217424335086,10.965159971712263,13.406829882916462,14.647082230269449,14.779661796764298,16.257530316035304,15.205696200191483,-141.89141845703125,69.70066833496094,4.237509727478027,21.73191261291504,-1.4340797662734985,12.077079772949219,4.395382881164551,5.738834857940674,-3.3096532821655273,-0.8674079775810242,-2.346966028213501,5.500266075134277,1.3617734909057617
section_00_source_train_normal_0069_n_B.wav,normal,0.03199582174420357,0.2002577126597444,2595.73870206227,2236.6363392072076,5370.706869009585,19.183982579632826,11.976614606925462,13.906966185549479,14.674666221209014,14.054709162181046,15.100289570752581,15.57146535276436,-140.7726287841797,51.9534912109375,8.582260131835938,21.51862144470215,1.6462945938110352,8.190393447875977,3.1312813758850098,4.724003791809082,3.0631015300750732,3.2504239082336426,2.576343059539795,3.595229387283325,2.6965646743774414
section_00_source_train_normal_0111_n_B.wav,normal,0.028891706839203835,0.14566381289936103,2064.413961153928,2032.3847783529727,4422.4990015974445,19.001922043682395,11.339566326605869,13.457590481532922,14.428114302801978,15.741705326890916,15.041183790692727,15.625335171545332,-169.16526794433594,77.76789855957031,-3.4352498054504395,14.826505661010742,4.556466102600098,5.574402809143066,3.846574306488037,5.797816753387451,2.9991233348846436,1.712112545967102,0.9472344517707825,4.068696975708008,2.334949254989624
section_00_source_train_normal_0976_n_C.wav,normal,0.03202859312295914,0.1271808855830671,1978.9500185477127,2110.7926832344406,4611.970846645368,17.192346528676488,11.081238069265634,13.91880498542683,13.911835844091463,14.218799289932452,15.752732345146695,14.545466927453278,-162.77291870117188,79.44874572753906,12.430500030517578,22.054845809936523,6.1450090408325195,9.451448440551758,2.1439876556396484,4.986182689666748,-1.205330491065979,3.496356725692749,-0.6421161890029907,6.450921535491943,-1.5550446510314941
section_00_source_train_normal_0163_n_B.wav,normal,0.03188486769795418,0.13947215704872204,1993.545068824369,1910.2007894483395,4077.151557507987,19.250238565712888,11.875922870389653,13.357622611395286,13.676238426787055,16.70724524918145,15.620134321588669,14.668082280417261,-153.822998046875,77.77123260498047,-14.634194374084473,21.287628173828125,8.481924057006836,6.795166969299316,0.6248229742050171,6.522646427154541,3.486431121826172,6.393032550811768,-2.504478693008423,5.57887077331543,3.45563006401062
section_00_source_train_normal_0966_n_C.wav,normal,0.03204680234193802,0.1152796151158147,1805.449120597067,2015.7891649369585,4266.897963258786,17.849100637247854,11.102582670261404,13.810185458764348,14.231494552021116,15.345733777864247,16.981080592542806,14.570677483597239,-167.98475646972656,88.18911743164062,9.964472770690918,20.81974220275879,5.565192699432373,10.603758811950684,-0.21785445511341095,6.793456077575684,-0.3855527341365814,4.117021560668945,-5.376386642456055,5.06082820892334,-1.600468397140503
section_00_source_train_normal_0173_n_B.wav,normal,0.03201887011528015,0.13231797873402557,1979.8759330040932,2004.1479382864204,4332.493011182109,18.099058288471777,11.384063858075933,14.27769849275308,15.813748340598547,15.099243548670067,15.248643587492584,14.356729735563757,-153.1671142578125,80.92744445800781,-1.667164921760559,18.852466583251953,1.2921591997146606,6.910841941833496,4.266695976257324,7.135753154754639,0.4175148904323578,2.6764028072357178,1.0888882875442505,6.964742183685303,1.815184235572815
section_00_target_train_normal_0002_n_D.wav,normal,0.03209290653467178,0.054149298622204474,1026.4596507577892,1475.0998576311913,1904.0035942492013,17.26987951444538,16.483815818938552,17.766622679175466,17.77734107279162,14.760417692391425,14.883673465825089,14.403065133646097,-245.17227172851562,137.09352111816406,13.38886833190918,16.0062255859375,4.946394920349121,12.050016403198242,4.354598045349121,-5.0913872718811035,-17.082746505737305,-10.502315521240234,-2.1347177028656006,2.3193280696868896,1.1696453094482422
section_00_source_train_normal_0482_n_A.wav,normal,0.03212347999215126,0.33657086162140576,3642.283616117904,2335.0665472542432,6750.499201277955,16.417091378011843,13.676555699862615,20.241110821859458,21.25201704439067,21.862835331952347,16.910156376771823,16.265060528149828,-160.47421264648438,-7.072120666503906,-17.015817642211914,9.487237930297852,4.811970233917236,-32.652923583984375,-22.564977645874023,-5.489709854125977,5.250986099243164,5.901855945587158,18.983257293701172,-0.6301794052124023,-5.892574787139893
section_00_source_train_normal_0205_n_B.wav,normal,0.029679059982299805,0.17299508286741214,2174.3846873704533,2000.4427700235876,4545.102835463259,18.56596545945966,11.705576707498283,13.562111797113994,14.414198204053157,16.09907150361158,15.063957379637113,14.492907347460108,-158.0178985595703,69.2756576538086,-8.279407501220703,19.54019546508789,3.4470317363739014,9.992074012756348,0.9068923592567444,5.420420169830322,2.5739245414733887,6.578253746032715,-0.17460976541042328,4.214944839477539,1.9197795391082764
section_00_source_train_normal_0492_n_A.wav,normal,0.03210268169641495,0.394743410543131,3901.556473763158,2349.071585486334,6784.844249201278,16.479340110721978,13.728717730849441,21.896125507235684,21.06608701023309,20.172166806612896,16.630635169171924,16.753369321000992,-150.40817260742188,-9.479557991027832,-12.915080070495605,-2.2028510570526123,0.988103985786438,-15.101682662963867,-9.880773544311523,-13.748510360717773,-2.82551908493042,0.8991788625717163,13.373096466064453,2.160956621170044,0.06790441274642944
section_00_source_train_normal_0215_n_B.wav,normal,0.030589841306209564,0.10161242012779553,1672.1256589926943,1827.04039516335,3600.589057507987,23.558335320110388,12.166742339727378,13.284402554671033,13.753417325044845,14.673177805819881,15.505694464793175,14.533303605419281,-180.47216796875,97.16920471191406,-6.287950038909912,20.255521774291992,3.952410936355591,7.1530280113220215,-0.15702390670776367,4.916790008544922,-0.8161495923995972,2.0064544677734375,-3.572584629058838,-0.5503851771354675,-2.465301990509033
section_00_source_train_normal_0543_n_A.wav,normal,0.03211945667862892,0.34012299071485624,3539.387209910276,2173.043323625823,6375.948482428115,18.860258217701627,13.718356123166174,20.79972702001664,20.89979734387478,22.459689281398912,17.019355309073532,15.347602657599042,-157.86961364746094,-10.170160293579102,-20.188152313232422,16.917455673217773,2.2264678478240967,-15.757562637329102,-15.1893310546875,-8.70407772064209,-5.615218162536621,-2.0666563510894775,22.261157989501953,6.519004821777344,-10.635467529296875
section_00_source_train_normal_0553_n_A.wav,normal,0.03211703151464462,0.40805492462060705,3950.8365001502975,2352.3963810403015,6818.789936102236,18.01854567456308,14.221018494162122,21.540850574287052,20.162537603279574,20.241848923727968,16.754785131886173,17.0342162488682,-150.76454162597656,-11.845942497253418,-11.798489570617676,0.26650556921958923,2.089858293533325,-16.763484954833984,-11.507865905761719,-15.152966499328613,-3.0238277912139893,0.15738165378570557,14.031888008117676,1.3207318782806396,0.171028271317482
section_00_source_train_normal_0625_n_A.wav,normal,0.0321073941886425,0.36962578624201275,3827.6184101298322,2399.031577631058,6967.501996805112,15.903720393462557,14.085570116308583,19.92885050610311,18.92778618020509,19.827262611147944,16.288548713765895,16.035067000222345,-151.0493927001953,-6.775083541870117,-12.028438568115234,-1.180355191230774,-0.2752114534378052,-29.31386947631836,-23.218149185180664,-3.6448230743408203,6.358343124389648,-0.8515128493309021,16.96091079711914,5.376688003540039,-0.7504351139068604
section_00_source_train_normal_0635_n_A.wav,normal,0.03209005668759346,0.40776632388178913,3960.127093380983,2342.787713034531,6818.615215654952,15.805538969362221,14.117359411230199,21.50183847778051,20.59433085638522,20.127902438482618,16.84433981247716,16.82396308624185,-151.76449584960938,-13.534117698669434,-13.406973838806152,-1.9233940839767456,-0.5873719453811646,-18.705163955688477,-12.368744850158691,-16.28675651550293,-4.993460655212402,-0.5453476309776306,12.282914161682129,-0.1644994169473648,-0.9500585198402405
section_00_source_train_normal_0046_n_B.wav,normal,0.031767185777425766,0.1477042981230032,2122.1788517153045,2094.327361944627,4784.5946485623,18.407872763784965,11.69611755749942,13.55581860477731,13.509874080111503,16.646638152003025,14.405653672215609,14.50331215641266,-150.68911743164062,75.1579360961914,0.1406131088733673,15.30690860748291,8.397838592529297,8.550466537475586,-2.4829471111297607,7.786527633666992,0.6627005934715271,3.6089375019073486,-1.328465223312378,3.23018217086792,1.3673537969589233
section_00_source_train_normal_0853_n_C.wav,normal,0.03205198794603348,0.13242249900159744,2025.1654357879158,2125.804554526486,4703.79892172524,17.068195302665938,11.177150364168597,14.439045549409489,14.057373598432944,14.348287987126119,15.288423179305626,14.426185751778517,-158.0330047607422,78.79031372070312,12.479010581970215,18.13960075378418,4.056813716888428,11.837380409240723,0.9076083898544312,4.102104663848877,-1.2234212160110474,3.3441009521484375,-0.7212973833084106,5.737097263336182,0.08540865778923035
section_00_source_train_normal_0056_n_B.wav,normal,0.03058387152850628,0.1805267821485623,2192.783028969259,1970.9900091258382,4468.225838658147,17.4285924812938,11.977733156665417,14.199194113340697,14.683865213926905,16.74515690870418,15.20848899915445,14.398674206906982,-145.39132690429688,69.45846557617188,-14.00875473022461,17.90674591064453,6.265077590942383,5.330309867858887,-2.0345540046691895,4.373763084411621,3.835797071456909,6.498745918273926,-0.10665702074766159,4.874210834503174,1.97650945186615
section_00_source_train_normal_0843_n_C.wav,normal,0.03172563388943672,0.09903373352635783,1809.1858186137647,2038.287305672955,4297.998202875399,20.103795080487636,10.95969858260179,13.511493597459227,14.56250062374309,14.735751547029851,14.707108497693635,14.392774329175117,-180.4774932861328,88.59270477294922,10.47627067565918,17.299705505371094,3.9856958389282227,7.740805149078369,1.2131173610687256,9.168338775634766,1.3248851299285889,4.481758117675781,-1.8635470867156982,5.641040802001953,1.5759259462356567
section_00_source_train_normal_0320_n_B.wav,normal,0.0319729782640934,0.15520323732028754,2303.4400711243334,2169.822700728277,4974.965055910543,20.53848034351335,11.492048993152936,13.822208155397501,14.632702645759876,15.355836064265953,15.037438810981582,14.735965400640609,-151.19664001464844,66.69094848632812,2.0148024559020996,16.22536277770996,7.169161319732666,6.894391059875488,2.1400511264801025,7.423625469207764,4.027971267700195,2.5658411979675293,0.32272377610206604,6.723888874053955,4.415692329406738
section_00_source_train_normal_0258_n_B.wav,normal,0.03178958222270012,0.13618834864217252,2246.4728849518388,2274.4185021097187,5199.630591054313,19.357215448375335,11.667384269584677,14.179058951659224,14.401718779293265,14.65651746084419,14.327576001834254,16.80724187066671,-162.7410125732422,69.77599334716797,12.739548683166504,17.200485229492188,7.918954849243164,6.799355983734131,5.191359519958496,4.6054229736328125,1.6223300695419312,1.400885820388794,1.2727493047714233,4.192167282104492,3.9056360721588135
section_00_source_train_normal_0248_n_B.wav,normal,0.03179655224084854,0.15854944588658146,2082.8714280411664,2010.5972396794773,4491.039337060703,17.4568952191392,12.096623331469887,13.910197068405996,15.155700260031127,14.900339240867185,15.006561402520491,15.08322786822894,-142.058837890625,78.51937866210938,-5.531935214996338,10.335794448852539,0.3838587701320648,9.768594741821289,2.22778058052063,5.352687358856201,-0.8806191086769104,1.9588706493377686,1.1693003177642822,5.601491451263428,-1.643600344657898
section_00_source_train_normal_0466_n_A.wav,normal,0.03212159499526024,0.40105206669329074,3842.6664580216902,2221.464012538862,6489.991014376997,16.273127225573703,13.338150775052869,18.03246464018524,20.123858900112534,20.99932946606371,16.975487155311217,17.183182120078456,-152.29714965820312,-15.268797874450684,-16.979310989379883,7.779186725616455,6.657891750335693,-16.295909881591797,-11.557401657104492,-6.64656400680542,-7.465045928955078,5.691122055053711,9.488298416137695,11.419352531433105,-2.212690591812134
section_00_source_train_normal_0476_n_A.wav,normal,0.03211646527051926,0.3930960463258786,3828.9546301505825,2240.2183348037743,6488.792931309904,18.3102275369909,13.559999043287805,19.166864846386172,18.989454215956886,20.979947683471703,16.71652856881629,17.240016209748678,-151.28868103027344,-14.424973487854004,-15.993507385253906,9.974384307861328,7.582046985626221,-18.49203109741211,-12.404545783996582,-4.027335166931152,-1.576583743095398,9.148054122924805,9.822867393493652,13.480432510375977,-0.2405092567205429
section_00_source_train_normal_0726_n_C.wav,normal,0.031982533633708954,0.16936339357028754,2231.9814765271844,2136.232409758216,4889.426916932907,15.825662271587642,11.134385892691757,13.570241402473105,13.940032025797287,14.65985021258728,15.760076788127337,15.580501709340897,-140.3619384765625,69.58089447021484,5.35189962387085,17.892126083374023,2.2753095626831055,9.094511032104492,2.7136921882629395,4.3739471435546875,-0.6215305328369141,1.7386198043823242,-4.090481758117676,3.7679641246795654,0.6080517768859863
section_00_source_train_normal_0736_n_C.wav,normal,0.028078358620405197,0.20706713009185304,2406.069468984935,2074.140474180267,4960.563099041534,17.455886985691897,11.31317731013401,13.408081498593244,14.337036184079171,14.685659695920371,15.510863196340368,15.09743014248043,-165.4741973876953,56.01774597167969,-5.924504280090332,19.097436904907227,6.628867149353027,7.976143836975098,-1.5623939037322998,4.144753456115723,0.43664541840553284,3.8305389881134033,1.1783379316329956,3.332859516143799,0.2655751705169678
section_00_source_train_normal_0187_n_B.wav,normal,0.026430562138557434,0.1881271216054313,2278.307569421725,1969.8697624640795,4569.613618210863,18.58580002824402,12.053900300060533,14.42391951616547,14.281207023837037,14.78914399603379,15.639169144928937,14.71289301759144,-172.43141174316406,62.756229400634766,-10.974214553833008,21.37836456298828,-1.4338728189468384,9.623340606689453,-1.9584126472473145,7.605439186096191,2.900524139404297,1.3362311124801636,-0.24736681580543518,4.45823860168457,0.7497285604476929
section_00_source_train_normal_0982_n_C.wav,normal,0.03202594816684723,0.26549551966853036,2726.9674356243654,2136.979643147346,5343.225838658147,17.271514787830633,11.077074840058192,13.227967893483855,14.244823548202184,14.348245196050089,14.926236103687549,14.722043210486028,-115.63337707519531,45.56142807006836,-5.780820369720459,15.9955472946167,-2.8090949058532715,6.004251003265381,1.6172667741775513,9.815629005432129,3.5908939838409424,0.6052715182304382,-2.6983625888824463,1.7938152551651,-1.3571780920028687
section_00_source_train_normal_0197_n_B.wav,normal,0.031651102006435394,0.15187574880191693,2190.1982736719815,2095.0316097372415,4708.741014376997,20.104963769098095,11.364635347564867,13.104804031570522,14.049153600773574,14.588976068019173,15.226425329454525,15.410112582535087,-154.49366760253906,69.97296905517578,3.3338463306427,22.28519630432129,-0.21256136894226074,7.635091781616211,2.065582513809204,5.335178375244141,2.8564348220825195,3.600281000137329,-0.4630673825740814,3.432260274887085,-0.27925950288772583
section_00_source_train_normal_0888_n_C.wav,normal,0.03149039298295975,0.1855780750798722,2299.381138604199,2131.8360520138017,4899.710463258786,16.685518610180434,11.433800153444569,13.36569114894821,15.117295551216278,14.925532961645706,16.11016100275229,15.841411282301705,-139.30616760253906,66.55680847167969,4.717553615570068,18.747051239013672,-1.1943843364715576,7.180001735687256,5.467840671539307,6.821458339691162,-2.15792179107666,-1.6643834114074707,-2.1297035217285156,2.640378952026367,0.3766211271286011
section_00_source_train_normal_0898_n_C.wav,normal,0.031923722475767136,0.14455777006789136,2054.933085330255,2098.4041911887784,4667.581869009585,17.141374899670456,11.189785552782077,13.512993964601904,13.827332246975127,14.438509063374697,15.967885273946273,14.351597537515223,-155.27743530273438,76.2442855834961,9.195921897888184,22.96592140197754,4.272908687591553,9.680587768554688,0.7751210927963257,4.1424479484558105,-0.916120171546936,4.6610493659973145,-1.745406985282898,6.780168056488037,-3.503553628921509
section_00_source_train_normal_0744_n_C.wav,normal,0.03186650946736336,0.13868747503993611,2025.929276268333,2093.3359588659623,4583.915734824282,17.403145461129455,11.916390692497464,13.850470147316624,13.931363452104979,14.313439044476066,15.741853939700588,14.625122063194407,-154.9438934326172,78.4073257446289,7.31544828414917,19.326162338256836,4.225976943969727,7.776413917541504,1.5790766477584839,4.525162696838379,-0.11949941515922546,2.082294464111328,1.0707154273986816,5.439571380615234,-0.6662959456443787
section_00_source_train_normal_0754_n_C.wav,normal,0.03187108412384987,0.12102510982428115,1918.9079853812955,2060.6580838876243,4468.774960063898,18.067957788146277,11.44564917260204,13.75291804082307,14.0329058465769,14.157401569930391,16.25494953219116,14.352862941241662,-163.76739501953125,83.10220336914062,9.198662757873535,19.39307403564453,5.02905797958374,9.512619972229004,1.1120600700378418,6.564565658569336,-1.6789308786392212,4.788015842437744,-1.1874665021896362,5.686847686767578,-1.4242671728134155
section_00_source_train_normal_0339_n_A.wav,normal,0.03211989253759384,0.3833553813897764,3668.058842240742,2261.641663305542,6482.178514376997,18.30947796645399,13.50064931107093,17.81682827092401,19.514459025184095,20.24625585065761,16.105894820385572,16.459769067794127,-140.14334106445312,-3.4147987365722656,-13.587640762329102,6.901989459991455,-0.1103939637541771,-19.824857711791992,-11.542508125305176,-1.8198297023773193,-6.969564437866211,1.3759349584579468,10.385305404663086,7.184970378875732,-0.1039230078458786
section_00_source_train_normal_0404_n_A.wav,normal,0.03213665261864662,0.3936514077476038,3838.596384016783,2262.1137538156136,6525.958466453674,16.35111632239816,12.976446335628497,18.621445680349048,21.283315627740382,21.75912363781028,16.87641789245542,16.498156616079484,-157.68157958984375,-13.335854530334473,-17.738801956176758,6.1098833084106445,9.877867698669434,-21.22127342224121,-13.258644104003906,-6.635258674621582,-7.910979270935059,9.452425003051758,12.440679550170898,6.395986557006836,-2.994253158569336
section_00_source_train_normal_0283_n_B.wav,normal,0.03199807554483414,0.14293224590654952,2105.931212250632,2142.353367938138,4803.214856230032,15.980774131464798,11.44999195963685,14.081254605380519,14.725708173421484,15.89253567153222,14.810980881302301,14.621949508213612,-151.84132385253906,76.08358001708984,5.094762802124023,14.227416038513184,3.4488627910614014,5.402644634246826,3.47426700592041,6.28122091293335,3.569091796875,3.6330807209014893,0.5063356161117554,7.314088821411133,2.8288469314575195
section_00_source_train_normal_0414_n_A.wav,normal,0.03210034966468811,0.40347475289536744,3923.1065313248973,2351.4169453127183,6803.614217252396,17.02497019737197,13.644208941621853,21.68700318391397,20.5892033217043,20.03693847735379,16.834561702016583,16.6271918217232,-149.51980590820312,-10.145331382751465,-11.43261432647705,-0.8146417140960693,1.210788607597351,-15.513343811035156,-9.45185661315918,-13.64128303527832,-3.807229518890381,0.3820013701915741,13.569869041442871,2.9896068572998047,1.1859933137893677
section_00_source_train_normal_0293_n_B.wav,normal,0.031825512647628784,0.21559723192891375,2602.8301144645006,2236.3000047442915,5418.455471246007,17.357975992937362,11.760316847488191,13.317937284735581,14.733092100592065,14.512400089039211,14.877194769136114,15.139275541727626,-132.30584716796875,53.63508224487305,2.52144455909729,11.943451881408691,4.113280296325684,11.963924407958984,4.9035515785217285,7.120512008666992,-3.008613109588623,-2.6114861965179443,1.1295175552368164,4.451267719268799,4.9081339836120605
section_00_source_train_normal_0390_n_A.wav,normal,0.03213638439774513,0.37585020217651754,3772.2990736800675,2251.341558364823,6609.974041533546,17.869556809170412,13.856266712602972,17.911932617256713,19.44385164068541,21.168368282718994,16.770500144400575,15.922701546537677,-146.43862915039062,-12.737356185913086,-14.357878684997559,11.499295234680176,6.114816665649414,-14.426581382751465,-19.472766876220703,-11.627535820007324,2.8072762489318848,3.696746826171875,6.166871547698975,8.437983512878418,4.855974197387695
section_00_source_train_normal_0380_n_A.wav,normal,0.0321187749505043,0.41333709814297126,3935.459201057815,2261.4840040162003,6658.59624600639,15.603082791361187,14.380356935063315,18.47323686194405,19.885864178759356,21.515797439263725,15.734456782211607,17.952967497682515,-152.21156311035156,-15.895532608032227,-15.24885368347168,6.034021377563477,2.9157979488372803,-23.663145065307617,-12.873421669006348,-4.700109481811523,-7.322080135345459,-3.5638561248779297,9.589383125305176,11.508273124694824,-0.009985780343413353
section_00_source_train_normal_0949_n_C.wav,normal,0.031825628131628036,0.1295021715255591,1835.8392275702706,2005.8330341043159,4277.980231629393,13.805010818581128,11.447546669412025,13.46034102393662,15.833349258657503,14.86386720956501,17.37663815691711,14.372183447766599,-163.27154541015625,88.0479507446289,5.917174816131592,14.938435554504395,3.171645402908325,9.246498107910156,0.6993305087089539,9.165148735046387,1.1572760343551636,4.311288833618164,-3.6167242527008057,6.4005584716796875,-2.083275079727173
section_00_source_train_normal_0024_n_B.wav,normal,0.03172607719898224,0.18578555561102236,2323.0667898753873,2089.0534352373065,4842.127595846646,18.038340074549975,11.806679914108171,13.818235066761487,14.506563374512117,15.489304920304464,15.553598236605728,15.009953402596992,-138.67965698242188,64.7472152709961,-2.262202739715576,18.002397537231445,0.3741306960582733,7.245041370391846,1.5701467990875244,5.191749095916748,3.9654855728149414,3.804208517074585,-0.6398910880088806,3.0728230476379395,5.015790939331055
section_00_source_train_normal_0831_n_C.wav,normal,0.031971707940101624,0.2552041733226837,2687.60081431439,2151.4288436590487,5361.346845047923,17.71585005723217,11.083612925618688,13.22770939698127,14.690698090907635,14.167675850284517,14.847138927828196,14.86780565069665,-117.45745849609375,48.89202880859375,-3.6086034774780273,15.390213012695312,-3.495962619781494,3.8732707500457764,2.905461072921753,10.228363037109375,1.8307442665100098,1.5472278594970703,-4.041529178619385,-0.5699367523193359,-0.17059800028800964
section_00_source_train_normal_0034_n_B.wav,normal,0.031857073307037354,0.1531346720247604,2067.6056625627007,1933.6574458199361,4220.572084664536,19.68408476049393,11.75723857775231,13.302731531434677,13.934786443429758,16.374877304179563,15.449224559624012,14.774668487820405,-148.12171936035156,75.2000503540039,-12.688384056091309,21.230913162231445,5.35681676864624,5.8982253074646,0.4638562798500061,7.125707626342773,3.6086769104003906,4.614230632781982,-2.7015578746795654,5.878105640411377,3.619960308074951
section_00_source_train_normal_0959_n_C.wav,normal,0.03208406642079353,0.230560790235623,2618.739488010041,2234.4691467697826,5474.5157747603835,17.45418951783447,10.981487854498216,13.198933879831001,16.685054493343184,17.29555945081401,14.64531983072863,15.055227476374816,-129.30038452148438,53.33820343017578,4.955185890197754,16.99034309387207,5.0667314529418945,4.2884039878845215,2.4418225288391113,8.371623039245605,1.2598447799682617,-4.4786200523376465,-6.15482234954834,3.8273251056671143,2.6641318798065186
section_00_source_train_normal_0821_n_C.wav,normal,0.03198078274726868,0.19920938997603835,2417.6000630967837,2192.994279330048,5170.52715654952,17.862170613120558,11.506592974049202,13.52461261532616,14.22247613150532,14.123762902873723,15.80150764930659,15.53827159015038,-134.4318389892578,61.95935821533203,8.141432762145996,18.651569366455078,0.9925199747085571,7.793369770050049,3.6054391860961914,6.368945598602295,-2.3595170974731445,-0.5384386777877808,-1.714576005935669,3.880136251449585,-2.234961986541748
section_00_source_train_normal_0685_n_C.wav,normal,0.032032739371061325,0.1420726837060703,2120.485623182655,2182.800353490896,4889.002595846646,16.65575819859862,11.243559619225456,14.043177113224601,15.001743594801749,15.490022163470817,14.67480133586513,14.49022652062297,-153.44821166992188,75.50007629394531,11.502961158752441,17.161762237548828,5.941493511199951,8.426127433776855,2.534301519393921,4.614522457122803,0.25179392099380493,1.4399082660675049,1.4381588697433472,5.152566909790039,0.40862801671028137
section_00_source_train_normal_0695_n_C.wav,normal,0.032016657292842865,0.16968319438897764,2257.2328590615857,2153.135833646396,4988.418530351438,17.544835022135462,11.312114120061398,13.701911861028332,14.529948966453107,14.507298759687336,15.164764716182855,15.579579218883039,-143.73280334472656,68.01460266113281,7.508745193481445,18.85300636291504,4.865347385406494,11.03364086151123,-1.5373824834823608,5.179540634155273,-0.7304912805557251,5.714962959289551,0.6018628478050232,4.187662124633789,-1.4821218252182007
section_00_source_train_normal_0276_n_B.wav,normal,0.03154907748103142,0.15929668779952078,2025.104824407737,1905.4597178124336,4163.563298722045,17.882693272695334,11.851832383618746,13.291238647735403,14.141201536818192,17.18392818655203,15.388376437605386,14.773662398277159,-147.56338500976562,77.5397720336914,-15.65980339050293,17.728845596313477,7.24006986618042,8.04745101928711,-1.6983681917190552,6.618068695068359,3.5761265754699707,5.248876571655273,-2.098092555999756,4.408217906951904,3.616654872894287
section_00_source_train_normal_0589_n_A.wav,normal,0.032111022621393204,0.36776002146565495,3818.84767709105,2414.966686195372,6970.09784345048,16.618158290206495,13.802161110534755,20.03104003642958,18.477621222460996,19.867851688003682,16.160434186794877,15.797659700331193,-152.09593200683594,-5.682073593139648,-11.858022689819336,-2.3564841747283936,-0.1306258887052536,-29.649011611938477,-24.272005081176758,-5.927674293518066,7.065464019775391,-0.17945827543735504,14.460110664367676,5.295521259307861,0.22860269248485565
section_00_source_train_normal_0266_n_B.wav,normal,0.03202193230390549,0.1331151407747604,2214.9268475589024,2184.504986349395,4937.150559105431,18.950144484238166,11.948955811587131,13.56036379889813,13.807965192352997,14.489747465751158,14.713049251048504,15.963507665431713,-158.878662109375,68.88579559326172,5.68989896774292,18.1290283203125,7.183504104614258,10.51649284362793,5.695923328399658,4.312291622161865,1.3691117763519287,2.0751657485961914,2.5970065593719482,5.907134056091309,2.8345000743865967
section_00_source_train_normal_0599_n_A.wav,normal,0.03211921453475952,0.3646368934704473,3752.206335736963,2235.147120223333,6464.831269968051,18.48700850428279,12.987973714776327,18.9129445187664,19.531968358409557,21.601103179945884,16.66729362998192,16.697134916666755,-155.58763122558594,-13.032699584960938,-16.869911193847656,13.048123359680176,9.710049629211426,-21.78214454650879,-15.535870552062988,-3.9286746978759766,-0.3472779393196106,7.972933769226074,9.49593734741211,10.81812572479248,-1.6806014776229858
section_00_source_train_normal_0110_n_B.wav,normal,0.03201846033334732,0.14602885383386582,2068.512626541251,1956.0777659752873,4282.148562300319,18.69431902331911,12.193525850003851,13.127424719739642,13.881617643017998,16.6559041605559,15.425344139140805,14.778542973445678,-150.90505981445312,72.47129821777344,-13.850664138793945,23.601057052612305,12.34739875793457,8.1626558303833,0.42526158690452576,5.601761341094971,2.952848434448242,5.3961896896362305,-1.8457629680633545,6.294548988342285,3.3962690830230713
section_00_source_train_normal_0905_n_C.wav,normal,0.031930260360240936,0.1529256314896166,2140.4816467701753,2142.279922755494,4875.948482428115,16.838427169122937,11.303030227878873,13.67563982182127,14.393803263806321,14.495775301538993,15.489934439427792,14.440769756282085,-151.20785522460938,73.44692993164062,7.996060848236084,18.431163787841797,8.544352531433105,10.736835479736328,1.3385734558105469,5.851465225219727,-3.6617448329925537,3.5111186504364014,-0.038083720952272415,6.159552097320557,-0.980955183506012
section_00_source_train_normal_0068_n_B.wav,normal,0.031934455037117004,0.19712522464057508,2560.684575434922,2221.7793605683332,5324.4808306709265,19.0933249628851,11.771240335904626,13.968897248930299,14.842936096495075,14.502303987288322,14.932055271301428,15.697642885993702,-139.96466064453125,53.62809371948242,4.372092247009277,17.817943572998047,3.320131540298462,10.436054229736328,5.066539764404297,6.069592475891113,1.8353188037872314,1.0581616163253784,2.4996962547302246,3.562821388244629,4.067457675933838
section_00_source_train_normal_0100_n_B.wav,normal,0.03195039555430412,0.1361821086261981,1912.9207933373193,1953.5288955531541,4206.0702875399365,18.611716360055805,12.117251878819786,15.288141102597306,15.773928730001664,15.275462422711247,15.209934464162604,15.085359795209687,-149.4830322265625,88.38101959228516,-7.171445369720459,3.5240793228149414,-2.055922508239746,10.19640827178955,0.9599135518074036,5.943094253540039,2.607727527618408,6.13480806350708,3.5779433250427246,3.310323715209961,-3.9347715377807617
section_00_source_train_normal_0078_n_B.wav,normal,0.02951665222644806,0.16941799371006389,2199.50650456337,2029.4779136312193,4643.9696485623,18.046172430127807,11.900736033321046,13.688596371368064,13.67704769317691,15.468756985635968,15.198666910236271,15.23321650588989,-154.76072692871094,69.4959716796875,-7.950633525848389,15.198811531066895,5.518783092498779,10.807825088500977,-1.967767357826233,5.098513603210449,3.2335026264190674,4.079441070556641,0.9725143909454346,2.6378002166748047,2.896977424621582
section_00_source_train_normal_0915_n_C.wav,normal,0.03175506368279457,0.14294784594648563,2033.6379490550526,2072.5732911730465,4553.314696485623,17.3388180371921,11.203064124803939,13.510106396413185,14.608787086391613,15.316700110608911,15.800007333325885,15.201423065961531,-152.91323852539062,78.24059295654297,3.9197027683258057,19.249361038208008,6.417349338531494,7.005057334899902,0.8548159003257751,4.912625312805176,-0.6527688503265381,1.4422225952148438,0.49950098991394043,6.053245544433594,-0.026472244411706924
section_00_source_train_normal_0656_n_A.wav,normal,0.03210343420505524,0.33451009634584666,3518.103748044206,2154.9017758758123,6345.64696485623,15.4510340455374,13.672681289224643,20.77218896440107,21.26458567370192,22.557936015717132,16.825042684536445,15.246535450794196,-161.14820861816406,-11.450565338134766,-23.674976348876953,15.247084617614746,0.4955984354019165,-17.78026008605957,-16.551177978515625,-10.949361801147461,-8.77766227722168,-3.9993784427642822,19.328947067260742,5.481434345245361,-11.703407287597656
section_00_source_train_normal_0646_n_A.wav,normal,0.032082099467515945,0.36347313049121405,3749.085186384266,2256.234649426184,6613.568290734825,16.156134089364066,13.895364221190189,18.492566433002484,20.890953780546262,21.28123137694827,16.18498981399058,15.984483762978737,-150.00291442871094,-12.220077514648438,-17.51949119567871,5.849234104156494,4.087636947631836,-14.478068351745605,-19.405256271362305,-14.294672012329102,-0.3059551417827606,3.332890033721924,5.588655948638916,4.901843070983887,4.549375534057617
section_00_source_train_normal_0708_n_C.wav,normal,0.03202178701758385,0.12096738967651757,1894.317128234371,2042.9543599430233,4371.5305511182105,17.34432671855325,11.293822917079058,13.42038867027461,14.690918948573577,15.568298443665174,15.566776501930956,14.338561274027501,-161.56924438476562,84.83059692382812,6.280519008636475,18.72004508972168,6.438233375549316,8.948399543762207,0.1620306670665741,5.141636848449707,1.4390112161636353,3.8350272178649902,-0.7531893253326416,4.319489002227783,-0.1992439478635788
section_00_source_train_normal_0670_n_C.wav,normal,0.0317731574177742,0.1213823507388179,2011.6360088754288,2125.2542684624214,4686.451677316294,18.7928116997942,10.83536466212183,13.68377129546546,14.026035438765383,14.254128482092158,14.891769230581135,14.534486040218756,-168.98342895507812,77.38550567626953,11.628435134887695,22.203092575073242,6.284896373748779,8.968683242797852,0.680435299873352,6.894301891326904,0.5984774827957153,4.832049369812012,-0.6558816432952881,3.7448809146881104,0.6562578678131104
section_00_source_train_normal_0718_n_C.wav,normal,0.031986672431230545,0.12673472444089456,1888.4085548746812,2046.7309944148521,4424.346046325879,17.103174373351077,11.343560129098236,13.711308834850715,13.933096909501604,15.188635686797964,16.194905064536577,15.037987345039967,-165.47593688964844,84.24168395996094,9.747349739074707,20.9818115234375,6.107223033905029,11.166728973388672,-1.0446815490722656,7.5257062911987305,-1.0844846963882446,4.878635406494141,-3.084240198135376,4.288264751434326,-0.49764740467071533
section_00_source_train_normal_0660_n_C.wav,normal,0.03204180672764778,0.12964881190095848,1888.31205560936,2036.4553562810968,4412.16553514377,16.901435622937225,11.254235398732673,14.003374201573418,13.986710453324049,14.719400148838524,16.512233788774555,14.387678455936163,-159.22567749023438,85.74781799316406,7.9263410568237305,18.391874313354492,5.75270414352417,9.72450065612793,-2.4555609226226807,4.757328033447266,-1.5868409872055054,4.116836071014404,-3.8824303150177,5.2512898445129395,-0.4611300528049469
section_00_source_train_normal_0365_n_A.wav,normal,0.03209690749645233,0.33899666783146964,3538.465409734923,2166.643965569407,6361.072284345048,16.80867916402757,14.019718809006621,21.03060936486035,21.229776718315172,22.40405975641748,16.78692431478313,15.317300669464966,-157.75323486328125,-10.934167861938477,-21.980350494384766,15.871471405029297,2.0637259483337402,-15.881383895874023,-15.562546730041504,-10.390088081359863,-6.477715969085693,-2.2783315181732178,19.651731491088867,5.4107255935668945,-11.848296165466309
section_00_source_train_normal_0375_n_A.wav,normal,0.03211868181824684,0.4027618310702875,3848.7867159302364,2233.3819227973713,6494.383985623003,16.444902647427657,13.630830073216528,18.604007402423484,19.21417263799262,20.954728640985643,16.688477380876172,17.37410366405559,-151.53085327148438,-15.158613204956055,-17.55866050720215,8.078681945800781,6.801809310913086,-20.25125503540039,-13.015666961669922,-5.522221088409424,-3.812103748321533,7.9742350578308105,7.622396469116211,11.275917053222656,-2.0417959690093994
section_00_source_train_normal_0530_n_A.wav,normal,0.03209897503256798,0.40952132837460065,3961.4927524866,2339.4462029616348,6797.474041533546,15.403205887147296,14.272571132692507,21.318879776297866,20.34375207216762,20.01789483992587,16.93413789063125,17.085499371955777,-152.171630859375,-13.564275741577148,-12.501803398132324,0.20514588057994843,0.170534148812294,-19.510604858398438,-13.376157760620117,-15.651185035705566,-3.305773973464966,0.12491973489522934,12.721600532531738,0.4805770218372345,-1.6082119941711426
section_00_source_train_normal_0448_n_A.wav,normal,0.03211797773838043,0.33225745057907347,3699.134365704305,2348.2666066907773,6796.475638977636,17.212713217285295,13.355057678642988,20.27492979845578,21.965134837970133,21.65567719051829,15.73800005469659,16.18948719761632,-158.25428771972656,-7.539892196655273,-14.815149307250977,10.810859680175781,4.486783027648926,-33.80716323852539,-18.37181854248047,-3.457763671875,6.130155563354492,7.200645923614502,18.059566497802734,0.6692482233047485,-7.169681072235107
section_00_source_train_normal_0520_n_A.wav,normal,0.03211269527673721,0.3720266323881789,3760.5434025020795,2238.157030162851,6592.152555910543,16.305501660912764,13.796738697249657,18.15819464037359,19.56132025496921,21.223993143069404,16.597291831518152,16.08893766164758,-148.941162109375,-13.472668647766113,-17.237985610961914,8.17516803741455,4.081814765930176,-15.411584854125977,-20.891252517700195,-13.269038200378418,1.234858751296997,3.618436336517334,5.961516380310059,6.539052963256836,2.848820447921753
section_00_source_train_normal_0458_n_A.wav,normal,0.032112643122673035,0.33593281998801916,3665.992437447474,2345.1194385829467,6776.657348242811,17.077913449648552,13.38595169672164,20.255438176444923,22.128557929222346,21.240805689321743,16.604186768031145,16.245574765586618,-155.85702514648438,-6.834253311157227,-16.82859992980957,10.660516738891602,4.324742317199707,-32.88161849975586,-20.000038146972656,-5.140405654907227,6.597611904144287,6.646350383758545,18.23285484313965,0.9438565969467163,-6.716806411743164
section_00_source_train_normal_0552_n_A.wav,normal,0.03208991140127182,0.442594973043131,3938.990574772638,2275.9916757644014,6674.77036741214,17.673324262559223,14.05394477305434,18.589973093605366,19.830418835708382,19.332282294020942,16.82372204234132,17.76903365272584,-144.3177490234375,-13.75816535949707,-11.13528060913086,7.546306610107422,-0.651685893535614,-19.661436080932617,-11.819311141967773,-12.466230392456055,1.5236445665359497,3.7095954418182373,7.0908966064453125,9.906839370727539,3.1521923542022705
section_00_source_train_normal_0542_n_A.wav,normal,0.03210785239934921,0.3384522264376997,3515.7720977399795,2157.1657539829166,6329.922124600639,19.49665192345306,13.633730562429848,21.022872582394267,20.930051471823123,22.345012189180295,17.292695532072777,15.255990429676178,-157.6201629638672,-10.6171875,-21.7790584564209,17.67885398864746,1.7117851972579956,-15.400786399841309,-14.39788818359375,-8.491063117980957,-6.139214992523193,-2.3935513496398926,20.965343475341797,6.571043968200684,-10.365754127502441
section_00_source_train_normal_0634_n_A.wav,normal,0.032116301357746124,0.3973236571485623,3842.5422377723444,2226.4396897580755,6496.405750798722,16.128110498381687,13.238794616725517,18.506024462080383,19.673674599536408,21.247061823354734,16.557481551708488,17.33096907668745,-153.80760192871094,-16.311100006103516,-18.927865982055664,6.894927501678467,6.687691688537598,-19.933095932006836,-13.059152603149414,-5.248119354248047,-5.545301914215088,8.285243034362793,9.818835258483887,10.041473388671875,-3.5219035148620605
section_00_source_train_normal_0624_n_A.wav,normal,0.03210607171058655,0.44736546525559107,3953.8454860359006,2287.139883827693,6697.259384984026,18.377893562756256,13.689941552038468,17.815272946738688,18.641969638576125,19.248493307854524,16.76740990516154,17.68150400561719,-142.5718994140625,-13.23531723022461,-10.509452819824219,7.8515095710754395,1.7642043828964233,-18.570453643798828,-11.35010814666748,-12.674314498901367,2.1235830783843994,4.47910213470459,8.416617393493652,11.715508460998535,2.6645660400390625
section_00_target_train_normal_0003_n_D.wav,normal,0.032063644379377365,0.050450529153354635,993.5239034274771,1436.511931246735,1754.01857028754,18.003528412345098,17.02711957243828,16.857184836288294,16.442405921442994,14.658925426374564,15.043163357341033,14.098091313624185,-255.44932556152344,140.52340698242188,12.457573890686035,12.71660041809082,2.0571792125701904,12.732551574707031,4.852450370788574,-6.056432247161865,-15.4624662399292,-10.467381477355957,-4.018836975097656,-0.684577465057373,-0.9620727896690369
section_00_source_train_normal_0172_n_B.wav,normal,0.03178100287914276,0.16209065495207667,2198.191177633179,2091.2470193687773,4725.21465654952,19.233811647309164,11.240342647115133,13.283384813598895,13.833315418331674,14.964813547767585,15.477882345481012,14.96631971627448,-147.5472412109375,70.7174301147461,4.6667962074279785,20.053543090820312,-0.5970171093940735,11.764361381530762,-3.753171443939209,5.116143226623535,3.2422447204589844,1.0381778478622437,1.828946590423584,4.19559383392334,0.994834840297699
section_00_source_train_normal_0967_n_C.wav,normal,0.03178329020738602,0.09711492861421725,1708.803147563713,1953.4947921646358,3979.4828274760384,20.074645498237487,11.444351664496551,13.782415330094397,14.183984694818486,15.58558217311042,16.587478212781416,14.636190357873186,-180.84689331054688,92.97381591796875,5.5547404289245605,18.21629524230957,5.778006076812744,8.003411293029785,0.4584783613681793,8.584795951843262,-0.2372373640537262,4.514889240264893,-1.69144606590271,7.147122383117676,0.04203566908836365
section_00_source_train_normal_0162_n_B.wav,normal,0.03188767284154892,0.18964812549920126,2472.272494037571,2213.016945432914,5254.567691693291,18.400770063179017,12.148140735918513,13.883915587977103,13.785996006987714,14.584863073432132,14.65807387014478,15.050901408217154,-136.62220764160156,58.9610481262207,3.027787446975708,16.677480697631836,6.148480415344238,9.944364547729492,1.4821547269821167,3.566960096359253,4.381049156188965,3.8759851455688477,-0.3495827913284302,0.9488621950149536,4.16893196105957
section_00_source_train_normal_0977_n_C.wav,normal,0.03204674273729324,0.14564977286341854,2074.1290275146976,2097.964074662147,4709.315095846646,17.360473468586633,11.220158813493665,13.913936361157608,14.382046391587854,14.632397497217713,15.15516938776801,14.814319951692253,-150.0996856689453,76.45426940917969,7.696070671081543,19.95258331298828,4.0292768478393555,9.681721687316895,-0.4237050414085388,5.709715366363525,-0.09829863905906677,4.809515476226807,-3.9677937030792236,3.751577138900757,-0.13857312500476837
section_00_source_train_normal_0214_n_B.wav,normal,0.03184746205806732,0.24288014177316294,2718.5823723226695,2217.326369782874,5471.046325878594,18.475055506298435,11.667018700916364,14.157709795816409,14.698777530728396,14.38051731472945,15.307687088550995,15.068301963217161,-124.73796844482422,48.477081298828125,-0.5578769445419312,11.834932327270508,1.2083967924118042,9.417201042175293,3.4535205364227295,6.212207317352295,-1.8334050178527832,-3.009237289428711,0.07788505405187607,2.5605483055114746,6.2599310874938965
section_00_source_train_normal_0493_n_A.wav,normal,0.032104525715112686,0.40282423123003197,3857.3711337519694,2233.4995787141943,6497.279353035144,17.406304813126365,12.977423145241287,18.831562007490945,20.391866100848375,21.150975801853054,16.7691226517996,17.207018704084902,-154.59423828125,-14.769590377807617,-15.0867919921875,9.743884086608887,9.587037086486816,-17.412153244018555,-13.283699035644531,-6.403794288635254,-5.076360702514648,9.621005058288574,11.19420051574707,9.262106895446777,-4.804378509521484
section_00_source_train_normal_0204_n_B.wav,normal,0.027856534346938133,0.2012623552316294,2276.4753166109062,1917.0929342203324,4420.302515974441,16.684259009114765,11.642487044475729,13.059553671277127,13.954731809328077,15.442869386802004,15.01338011278552,14.922465988806477,-172.446044921875,64.62496948242188,-11.451037406921387,18.44859504699707,4.117392063140869,9.527463912963867,1.6120595932006836,7.861956596374512,2.253697633743286,2.9170141220092773,-0.40582749247550964,5.440195083618164,0.05812767520546913
section_00_source_train_normal_0483_n_A.wav,normal,0.03210807591676712,0.35095409844249204,3750.7029597857495,2235.4332576679817,6471.395766773163,19.212882175300077,13.607113785537058,18.742200666259713,19.08762383093082,22.408281909291432,16.624801896235265,17.26438157575662,-164.46621704101562,-12.730367660522461,-17.035024642944336,14.933392524719238,11.057199478149414,-23.55543327331543,-11.73415470123291,0.06204822659492493,-0.6101817488670349,6.971393585205078,10.286482810974121,14.128830909729004,-2.9622998237609863
section_00_source_train_normal_0477_n_A.wav,normal,0.03211412578821182,0.35564503045127793,3774.1105928049747,2243.719109491415,6483.276757188499,18.702306469158145,13.412241032871172,18.752020896834406,18.584080226518147,22.551697944797354,16.577640857112193,17.26804476162758,-163.37139892578125,-12.841373443603516,-16.837106704711914,13.953989028930664,11.529834747314453,-23.333484649658203,-12.699702262878418,-0.2819536328315735,-0.7220518589019775,6.737427711486816,9.793962478637695,13.07072925567627,-1.7233392000198364
section_00_source_train_normal_0467_n_A.wav,normal,0.032044604420661926,0.3741591578474441,3797.802678298591,2245.364108896452,6488.094049520767,19.950917527162495,13.286265714043147,18.513610174548933,18.994259245193117,21.866818873754433,16.737250785262162,17.38834218691333,-158.21646118164062,-13.123880386352539,-16.209409713745117,12.772330284118652,10.469056129455566,-21.498126983642578,-11.887937545776367,-1.519132137298584,-0.7797304391860962,8.77414608001709,9.878571510314941,13.316570281982422,-0.9530603289604187
section_00_source_train_normal_0196_n_B.wav,normal,0.029799720272421837,0.1272588857827476,1922.7643936288546,1977.1540342126805,4168.0561102236425,22.444125995926434,11.592778201675461,12.994089127323708,13.832556417096196,14.20195528473972,14.909268550688202,14.588923427591505,-172.18698120117188,84.89598083496094,-2.5888264179229736,18.352445602416992,2.8255178928375244,4.914702892303467,2.2840569019317627,3.544053316116333,0.36083340644836426,3.584822177886963,-1.5556963682174683,-0.5754597187042236,-1.4604721069335938
section_00_source_train_normal_0983_n_C.wav,normal,0.031777627766132355,0.13660642971246006,2023.7319569711563,2121.3252929817177,4690.345447284345,17.859082478484364,11.28596915600573,13.907542077550998,15.038026614972711,14.827140476710335,15.76496311207938,14.593396929874501,-156.7147674560547,80.2108383178711,8.123873710632324,13.041888236999512,5.986070156097412,8.923474311828613,1.7168920040130615,3.401695966720581,0.1650373935699463,4.724949359893799,1.3319907188415527,3.4242396354675293,-2.133481025695801
section_00_source_train_normal_0186_n_B.wav,normal,0.03084474243223667,0.20466784394968052,2425.181757758278,2034.5948449732705,4790.535143769968,19.984036881064554,11.570771258757642,13.673520201823699,14.27856012934824,15.219797142839123,16.174768824184646,15.632711697355628,-143.25677490234375,56.6594123840332,-6.9097771644592285,21.27032470703125,-2.127110242843628,12.306243896484375,-3.0392653942108154,7.869635105133057,4.949952125549316,3.0441229343414307,2.725081443786621,1.9537954330444336,1.842932939529419
section_00_source_train_normal_0737_n_C.wav,normal,0.03201678395271301,0.12617156299920126,1964.3949755946478,2121.469839185428,4623.5023961661345,16.723788885402634,11.316798121936728,13.840348324717196,14.217849007105949,14.690503134216609,16.100093284200277,14.39403592153444,-161.54095458984375,81.78633880615234,12.626440048217773,18.149099349975586,5.5149922370910645,7.104157447814941,2.276280164718628,5.48185396194458,-0.41441911458969116,3.1386780738830566,-0.4124245047569275,6.124228000640869,-0.6151797771453857
section_00_source_train_normal_0727_n_C.wav,normal,0.0320458710193634,0.16239017571884984,2204.2318373157987,2153.2132669610432,4940.944488817891,17.57118379632522,11.862231680339354,14.064863595770577,13.785956151529723,14.562894004417327,15.928922587317633,14.684101040743167,-148.93438720703125,69.32839965820312,9.23137092590332,22.546974182128906,5.778574466705322,6.963035583496094,0.1409975290298462,7.644099235534668,-1.3107341527938843,4.084897518157959,-0.34061184525489807,4.637796878814697,-1.1993775367736816
section_00_source_train_normal_0842_n_C.wav,normal,0.031775038689374924,0.12780176717252395,1818.380593863561,1978.2066210365253,4158.471445686901,14.947535798396503,11.068644671413066,13.302091590208514,13.986883193238443,14.746917520962528,17.542854323496872,14.572719962294112,-160.4486846923828,89.49803161621094,4.36841344833374,17.144981384277344,4.074689865112305,8.748878479003906,-0.864871084690094,5.912463665008545,0.05609852448105812,4.862337589263916,-4.107578277587891,6.17205286026001,-3.3645975589752197
section_00_source_train_normal_0057_n_B.wav,normal,0.03185375779867172,0.2217108875798722,2613.6040761339036,2168.0043247354915,5282.148562300319,19.838214806888498,11.69223950091853,13.510082247733125,14.007082281069223,14.474221295523906,14.95474886959132,14.912068111777202,-130.5879364013672,49.91325378417969,-2.0411601066589355,19.652820587158203,2.3119211196899414,7.794404029846191,2.353250741958618,8.691570281982422,2.827075719833374,-0.38823381066322327,0.5036025643348694,5.497861385345459,1.3480314016342163
section_00_source_train_normal_0852_n_C.wav,normal,0.03203810006380081,0.15128606729233227,2128.909177902107,2123.4943510535663,4721.64536741214,17.69394157418892,11.201767037625881,14.177883233621484,14.51795530364562,14.62202866742648,15.457984726148462,15.420554097046454,-147.09661865234375,73.9068374633789,6.806765556335449,20.848873138427734,3.981441020965576,8.038046836853027,5.413190841674805,6.030274391174316,-3.635558605194092,-1.3390324115753174,-1.43349289894104,1.6268653869628906,1.889009952545166
section_00_source_train_normal_0047_n_B.wav,normal,0.0316062830388546,0.13989647813498401,2049.2742268135526,2008.2457031950923,4349.590654952077,20.68553740190631,11.523839051122328,13.750260879165522,14.863414758103376,15.585833364542147,15.623943849872544,14.657494286045646,-155.16053771972656,77.16352844238281,-3.6248080730438232,20.114011764526367,1.0021402835845947,6.075098514556885,2.3872687816619873,5.0115227699279785,5.900030136108398,3.2081711292266846,-3.7005674839019775,4.77077054977417,3.3347432613372803
section_00_source_train_normal_0249_n_B.wav,normal,0.03202969953417778,0.13598242811501599,2274.959090650712,2246.3463606895966,5215.480231629393,20.560034542041638,11.484443914111894,13.691495424296884,13.955146099645,14.697865044385122,14.787759382073991,14.403068301570473,-158.52877807617188,67.9177474975586,8.525607109069824,17.212129592895508,8.125508308410645,7.324751377105713,3.776218891143799,4.926501750946045,3.7448153495788574,3.9141311645507812,-0.2970708906650543,7.03116512298584,2.696298837661743
section_00_source_train_normal_0259_n_B.wav,normal,0.031613949686288834,0.1256115215654952,1936.0027847186975,2001.7508268674594,4279.952076677317,18.500878112668502,11.74624314859506,14.595669832089989,14.359475272914207,16.488461700121718,15.25053475226823,14.645482251515263,-163.866943359375,81.95732116699219,1.802828311920166,21.90716552734375,4.450416088104248,7.647003650665283,0.260308176279068,4.857435703277588,1.5669409036636353,3.833482027053833,-0.7578803896903992,6.012362480163574,3.8843882083892822
section_00_source_train_normal_0321_n_B.wav,normal,0.03201388567686081,0.16854283146964857,2460.4779369596163,2279.6032681025963,5397.189496805112,20.294797410159227,11.855222823025391,14.065776873297658,15.21874365961778,14.980815334778134,14.129957816945218,14.604980203313826,-146.23793029785156,61.38257598876953,9.399394035339355,12.001810073852539,3.650125026702881,6.112539291381836,1.2504554986953735,7.965586185455322,2.2459895610809326,4.868605136871338,1.9254511594772339,5.668581008911133,3.923466920852661
section_00_source_train_normal_0381_n_A.wav,normal,0.03211601451039314,0.4017759085463259,3921.8922631586934,2345.4887268063344,6791.358825878594,15.062181015849152,14.092452428996172,21.79940084619492,20.732092568142427,19.840295117428205,16.530126447855572,16.73511152959661,-150.44107055664062,-11.713241577148438,-14.42082691192627,-3.773084878921509,-1.5101076364517212,-17.002174377441406,-11.415623664855957,-17.3775634765625,-5.856407165527344,-1.5355337858200073,11.1414155960083,1.4490472078323364,-0.305524080991745
section_00_source_train_normal_0391_n_A.wav,normal,0.03211858123540878,0.41989067492012777,3977.0160748667035,2345.7133073565838,6812.100638977636,17.340605400926037,14.475915946342495,20.94297418133,19.170810563584464,20.08138623317796,16.95130343260124,17.055300047701724,-149.43621826171875,-11.734103202819824,-9.076733589172363,3.140338659286499,1.9549747705459595,-17.75477409362793,-10.619959831237793,-12.47842025756836,-2.3008642196655273,0.8918279409408569,14.398425102233887,2.3133938312530518,1.0958094596862793
section_00_source_train_normal_0694_n_C.wav,normal,0.032028522342443466,0.13720859125399362,1913.238998697499,2022.9708600026813,4369.53374600639,15.783515919673674,11.395238926959879,13.71320647493874,14.429279873437064,14.346580921074462,17.111371962224066,14.391955677476636,-154.1549530029297,85.02974700927734,4.451318740844727,15.427629470825195,2.5387661457061768,10.468938827514648,1.7669003009796143,4.408736705780029,-2.3652184009552,4.57338285446167,-0.5664942860603333,7.802178859710693,-2.0759239196777344
section_00_source_train_normal_0684_n_C.wav,normal,0.030774973332881927,0.11312680960463259,1872.2417815280185,1997.5210642571978,4236.796126198083,19.783383232210657,11.142806397715626,13.447146189534669,14.14306389149076,14.927321901121653,15.413716718446834,14.59484466969579,-181.32461547851562,83.44093322753906,5.693961143493652,22.22088050842285,4.619178295135498,9.264509201049805,1.060677170753479,7.8214030265808105,1.5241570472717285,4.787827491760254,-1.6018977165222168,5.013688564300537,0.15872173011302948
section_00_source_train_normal_0820_n_C.wav,normal,0.03200201317667961,0.12791408746006389,1962.984953164611,2112.424078194144,4621.630391373802,17.274333753215917,11.38911531846899,13.899153136976794,14.006886645756364,14.167268242824251,16.52502882789246,14.394399222925601,-164.86817932128906,80.20994567871094,13.99271297454834,21.10170555114746,4.962917327880859,11.358642578125,1.6643186807632446,5.729485511779785,-1.622959852218628,3.525564670562744,-1.323129653930664,6.447223663330078,-2.048461675643921
section_00_source_train_normal_0035_n_B.wav,normal,0.031969163566827774,0.13030713358626198,2011.7857595824532,2058.5608726688897,4497.379193290735,17.232262872360234,11.876231036192365,13.63396151877306,14.676428703805225,15.725752080241982,14.90034405548994,14.617621680749943,-156.44021606445312,78.91442108154297,3.871779680252075,17.876953125,1.1650760173797607,11.8799467086792,2.3647515773773193,6.6255621910095215,3.6655819416046143,2.90409517288208,-0.8102266788482666,5.006712436676025,0.8646097183227539
section_00_source_train_normal_0958_n_C.wav,normal,0.032013196498155594,0.2089406948881789,2433.3077063350497,2148.732416667556,5022.389177316294,16.975989376615495,11.5306816678688,13.44330337171645,15.006230701920991,14.828882456485784,15.897510025000837,15.638345354039513,-130.07772827148438,59.96259689331055,3.433061122894287,21.75656509399414,-0.9339573979377747,6.312084197998047,5.3885064125061035,6.303985595703125,-1.7914185523986816,-4.124704360961914,-1.5154132843017578,2.781064748764038,-1.3601016998291016
section_00_source_train_normal_0830_n_C.wav,normal,0.03188265860080719,0.11241232777555911,1841.4933462510915,2073.690942306392,4401.757188498403,17.983877822839986,11.32105513242082,13.688650184874122,13.975912766824534,14.44533967559595,16.131900463325135,14.114044155143516,-170.15724182128906,87.71398162841797,12.787479400634766,17.2083797454834,6.113452911376953,7.856196403503418,1.2866483926773071,5.224905967712402,-0.40347665548324585,3.8400192260742188,-0.7581377625465393,4.7238030433654785,-0.789043128490448
section_00_source_train_normal_0948_n_C.wav,normal,0.03194870054721832,0.2592165035942492,2707.4964237015056,2151.332914939599,5339.50678913738,16.975136011939703,11.251880218285402,13.437462227642758,14.593375354469975,14.474732769000585,14.855226875288935,15.180882507268462,-116.90260314941406,47.53252410888672,-3.3660190105438232,16.648637771606445,-1.9253596067428589,3.9526636600494385,1.0728065967559814,8.843355178833008,1.9720723628997803,-2.079334259033203,-5.306236267089844,0.4688892662525177,0.2530845105648041
section_00_source_train_normal_0025_n_B.wav,normal,0.031990572810173035,0.13281406000399362,2074.997391964368,2136.0455393633997,4763.079073482428,19.137906479912576,11.580211467573124,13.86897829061265,14.170294480590558,15.845815104983956,14.740584003736942,14.42234301227148,-157.68710327148438,77.70074462890625,7.355802536010742,14.932781219482422,4.185591220855713,5.838707447052002,-0.8004031777381897,6.312295913696289,3.0759081840515137,3.698518753051758,2.364626407623291,8.27174186706543,3.022371530532837
section_00_source_train_normal_0755_n_C.wav,normal,0.03201396390795708,0.11911254492811502,1884.8929958860763,2043.6073934971994,4392.272364217252,17.170642908562442,11.231429395114564,13.799671082464393,14.685966830048642,15.266869018284016,15.296017299677812,14.441395960635976,-162.41986083984375,85.0555648803711,7.968929290771484,17.845989227294922,4.944293022155762,11.08707046508789,0.7892988324165344,5.5493855476379395,-0.6136168837547302,1.998465895652771,-2.567375421524048,6.383286952972412,0.4621942639350891
section_00_source_train_normal_0745_n_C.wav,normal,0.03206581994891167,0.11562281599440895,1843.0525364183375,2024.4755715239542,4286.616413738019,17.35143892717738,11.189455938676321,13.61394910048257,14.648161441995248,15.710270087301083,15.594201492088478,14.637085296420228,-166.5079803466797,86.18594360351562,10.395094871520996,21.406352996826172,2.8322885036468506,10.659095764160156,1.0337282419204712,5.790528297424316,0.40787675976753235,3.9843990802764893,-3.4707319736480713,5.945939064025879,0.28222569823265076
section_00_source_train_normal_0899_n_C.wav,normal,0.03204525634646416,0.1297439721445687,1905.2278769595346,2052.2097265363973,4460.637979233227,17.805647253424098,11.165578238107207,13.499232214521745,13.974439561580612,14.742612708128103,16.628323312557203,14.4917051152597,-159.44161987304688,84.29466247558594,9.147132873535156,18.95797348022461,4.8344197273254395,9.20020580291748,-0.5524856448173523,5.586848735809326,-2.158935308456421,4.148087501525879,-3.365432024002075,5.9086594581604,0.11728909611701965
section_00_source_train_normal_0889_n_C.wav,normal,0.03129473328590393,0.12578936202076677,1936.9770322838015,2063.866961234822,4492.96126198083,19.01707839098134,11.112528751567687,13.504048735481108,14.156843885886454,14.415668125249448,15.736929934689035,14.436556301401401,-167.2908935546875,82.73936462402344,7.820626258850098,17.858600616455078,4.891170024871826,8.246793746948242,1.2679132223129272,6.642879962921143,-0.8958913683891296,4.076809883117676,-0.37915727496147156,4.757460117340088,-1.295467734336853
section_00_source_train_normal_0292_n_B.wav,normal,0.02667674794793129,0.19784906649361023,2329.3718397373195,1980.559098600331,4638.353634185303,18.584464615825453,11.582965140890952,13.93213129533236,14.150394024743854,14.974631499636372,15.5433965640972,14.760531379170107,-165.88328552246094,60.1004638671875,-14.453622817993164,19.643985748291016,0.28443464636802673,10.42897891998291,-0.18627852201461792,7.606403350830078,2.3919947147369385,1.4302531480789185,1.1839072704315186,4.756459712982178,0.6795673966407776
section_00_source_train_normal_0415_n_A.wav,normal,0.032114069908857346,0.4101656100239617,3928.2707798595557,2265.267255447795,6654.178314696485,18.962567811257056,13.89791120448882,18.20646796805099,17.622358792137337,22.143666284620856,15.970724115458408,18.09877097496784,-155.43975830078125,-14.325342178344727,-11.626775741577148,11.734418869018555,7.582780838012695,-23.096210479736328,-13.376803398132324,-1.9744584560394287,-4.562797546386719,0.6887490153312683,12.481139183044434,11.455939292907715,-1.7040215730667114
section_00_source_train_normal_0282_n_B.wav,normal,0.028075171634554863,0.3204466603434505,3092.0769684238335,2054.58076859702,5482.5029952076675,19.47403446698037,11.566878470168314,13.606418300973393,13.986035501022402,14.037209001937294,15.18158365275296,15.206941623578283,-161.89120483398438,21.665185928344727,-3.2432913780212402,26.971582412719727,-2.0969460010528564,8.08110523223877,-0.3620692491531372,4.307038307189941,2.4732251167297363,5.732905387878418,0.5480732917785645,2.500028371810913,1.3045095205307007
section_00_source_train_normal_0405_n_A.wav,normal,0.03211549296975136,0.3632375698881789,3758.330894502261,2286.037516783571,6654.12839456869,19.61197930817265,13.75965713715738,18.32565242786793,21.04319543967444,21.182594404521076,15.880923305968203,16.086249764802318,-149.0082550048828,-10.058282852172852,-14.731554985046387,6.223440647125244,6.531470775604248,-12.387697219848633,-17.07154655456543,-14.445337295532227,1.9747370481491089,5.663713455200195,7.410459518432617,6.424123287200928,7.107626914978027
section_00_source_train_normal_0338_n_A.wav,normal,0.03214557468891144,0.3670642596845048,3810.333240875223,2416.6265808481226,6964.5816693290735,19.6128864705452,14.52011557993072,20.25517519482478,19.055757949274085,19.91882381631698,15.84694908512683,16.04597964792007,-149.3960723876953,-3.7619788646698,-9.638885498046875,-0.2693489193916321,2.1022143363952637,-27.206172943115234,-22.225242614746094,-2.7608041763305664,8.553145408630371,-0.008897165767848492,17.413711547851562,8.129176139831543,0.3340003490447998
section_00_source_train_normal_0433_n_A.wav,normal,0.03212235867977142,0.3887046350838658,3666.796159221745,2258.5741151032253,6473.2178514377,17.812898581019763,13.17872251338273,17.02928687307933,19.10235120755063,19.795916602946452,15.793052201788706,16.611088509630914,-137.2646942138672,-3.04864764213562,-14.78984546661377,6.010317325592041,0.03516039252281189,-20.904584884643555,-12.74177074432373,-3.2571940422058105,-7.667782306671143,2.712934970855713,10.66260051727295,8.227124214172363,-2.6807494163513184
section_00_source_train_normal_0423_n_A.wav,normal,0.032110609114170074,0.3962176143170926,3892.4813457375317,2352.8385664502257,6776.482627795527,19.24792244655578,14.195378371428836,21.941994923860655,20.57464837936312,20.241711829871303,16.72639212017575,16.713307590558944,-149.16268920898438,-8.958893775939941,-11.61684513092041,-0.3694758415222168,1.7270398139953613,-14.549973487854004,-9.1273193359375,-13.745327949523926,-3.2990341186523438,0.8932408094406128,14.13720989227295,3.5460896492004395,1.034016489982605
section_00_source_train_normal_0773_n_C.wav,normal,0.0320364274084568,0.13259721944888178,1952.7799606486108,2043.787319464024,4427.515974440895,17.09707186873268,11.367346391327187,13.672580012131686,13.870318472993716,15.391109451910806,15.893935391029295,14.864660064687824,-155.97718811035156,81.26268005371094,7.056762218475342,21.666133880615234,3.5642502307891846,10.673060417175293,-0.8799249529838562,3.942540407180786,1.2884958982467651,3.1766302585601807,-3.983510732650757,3.9471559524536133,0.46963271498680115
section_00_source_train_normal_0763_n_C.wav,normal,0.03198084235191345,0.17280944239217252,2278.860839658142,2168.773637897698,5063.94768370607,17.33088230867035,11.150851691026238,13.441876979542736,14.88716593708107,14.646627378945052,15.327786938696828,15.507207543533402,-145.76846313476562,67.19791412353516,8.998929977416992,18.293115615844727,5.787379264831543,12.551288604736328,-0.9102859497070312,4.559772968292236,-3.4495911598205566,6.219883441925049,1.933617115020752,5.562925338745117,-4.931305408477783
section_00_source_train_normal_0806_n_C.wav,normal,0.03186005726456642,0.14072796026357828,2069.9712308242592,2112.084800632474,4718.774960063898,18.076121706729616,11.444796475499551,13.398360155834547,13.87194267005619,16.05969391007231,15.668746997319326,14.583560783230606,-157.27899169921875,75.60095977783203,10.161014556884766,21.070825576782227,5.247103691101074,11.49622631072998,-0.6369100213050842,5.102206707000732,1.9132591485977173,4.319885730743408,-4.357219219207764,4.315638542175293,0.7192169427871704
section_00_source_train_normal_0013_n_B.wav,normal,0.03161003813147545,0.14836729982028754,2108.112661728479,2059.181506971249,4609.200279552716,18.75940677480953,11.331929207635351,13.697271641557919,14.434282502694716,15.583877203275643,14.731125259340505,14.358564635769127,-151.17312622070312,75.22781372070312,-1.8619716167449951,16.84722900390625,5.718243598937988,8.569446563720703,1.6078031063079834,6.927097797393799,1.7446396350860596,2.7204558849334717,-0.2805898189544678,6.884297847747803,3.2802236080169678
section_00_source_train_normal_0816_n_C.wav,normal,0.03191138431429863,0.13501522563897764,2023.2741274724547,2134.1635065700343,4706.444688498403,17.796981398467604,11.041359130826583,13.670427564435794,14.679402910237313,15.147118140697868,15.72801615505054,14.515166425152948,-159.60708618164062,78.76095581054688,12.05889892578125,18.683837890625,5.3570075035095215,9.279534339904785,1.094068169593811,4.8077192306518555,0.773070752620697,2.1779346466064453,-2.4757931232452393,5.42633056640625,0.5148124098777771
section_00_source_train_normal_0003_n_B.wav,normal,0.03178292512893677,0.16163669378993611,2083.599595476993,1935.9133794637592,4224.765375399361,18.199822868477984,12.47661534643535,13.571778647711195,14.15613768223416,15.144818353995701,15.865661381475487,14.528763948477984,-144.39675903320312,73.20665740966797,-13.59683609008789,23.712263107299805,5.608829975128174,6.685829162597656,1.7730531692504883,4.978514671325684,3.038217782974243,5.066555023193359,-1.2340087890625,5.8092217445373535,2.794997215270996
section_00_source_train_normal_0590_n_A.wav,normal,0.03211100772023201,0.44835294778354634,3949.1501728141793,2288.3362078877267,6696.410742811501,18.535470928978764,13.99389933285183,18.991986990481003,20.25112805361535,19.05548768788687,16.598336001810306,18.132440100313122,-144.16848754882812,-12.358894348144531,-10.363720893859863,5.984134674072266,-0.7292259335517883,-16.376319885253906,-8.921234130859375,-14.155301094055176,0.46144041419029236,4.6245832443237305,8.583152770996094,12.84762954711914,5.18025016784668
section_00_source_train_normal_0317_n_B.wav,normal,0.031777676194906235,0.18165622503993611,2392.1644226113376,2132.0883633143953,5010.333466453674,19.022002173267612,11.46450034464702,13.626399353569541,13.809521640863291,15.565318722365086,14.724233305259144,14.54168642027721,-138.66383361816406,61.64834213256836,-1.1806644201278687,16.600923538208008,2.8146870136260986,8.594918251037598,-3.3371307849884033,2.0440211296081543,4.695606231689453,5.978555202484131,-0.618697464466095,3.1177737712860107,4.427804470062256
section_00_source_train_normal_0580_n_A.wav,normal,0.032106686383485794,0.3402883511381789,3547.02940327002,2169.3195366308364,6367.561900958466,16.56150668597478,13.662060375559584,21.00720650173066,21.589468777089536,21.673141913779585,17.141946035674877,15.532819300479703,-154.30967712402344,-11.385784149169922,-21.57132911682129,15.937360763549805,1.7374930381774902,-16.10916519165039,-15.840980529785156,-9.525954246520996,-6.224823951721191,-1.8335381746292114,19.78268814086914,5.444797515869141,-9.946213722229004
section_00_source_train_normal_0307_n_B.wav,normal,0.03020428493618965,0.10387130591054312,1657.1369759091883,1807.544905263589,3513.2537939297126,23.26363590487602,11.551192660285183,13.640925961971714,13.875119929088617,14.753182366466467,15.025607272937606,14.715161756555187,-182.99693298339844,98.2491226196289,-8.134450912475586,20.450376510620117,4.834416389465332,5.715699195861816,-0.12988395988941193,5.165772438049316,0.1773209571838379,2.133394718170166,-2.1847634315490723,0.294906884431839,-2.041384220123291
section_00_source_train_normal_0109_n_B.wav,normal,0.03190460056066513,0.14949206269968052,2257.7810683602916,2220.259922749741,5044.229233226837,19.314844943289508,11.78714802231086,13.784404881535254,14.291596877872367,14.121630826225807,14.666246615458554,17.28510308695598,-154.0668182373047,68.6895980834961,9.175871849060059,18.433759689331055,4.703963756561279,7.065070152282715,5.823597431182861,3.407172679901123,1.9766912460327148,1.64170241355896,2.8218085765838623,4.40372371673584,3.677192211151123
section_00_source_train_normal_0864_n_C.wav,normal,0.032004911452531815,0.16082861172124602,2053.1250593286436,1997.3200670066826,4406.25,16.842223703108008,11.369111089381578,14.013141493788657,15.842491337396133,17.184111829344697,15.650288271734249,14.359453747431392,-145.06626892089844,76.25244903564453,-6.402791500091553,18.675613403320312,7.3269362449646,6.49664831161499,1.5658676624298096,5.8799052238464355,1.894647240638733,3.357105255126953,-4.679579257965088,4.868847370147705,1.0137829780578613
section_00_source_train_normal_0071_n_B.wav,normal,0.027979765087366104,0.1486340605031949,2078.341272419637,1999.0277218163171,4434.70447284345,19.614103118335866,12.557424810395153,14.392848496484557,14.184196587022953,16.704643654237838,15.246106843999696,14.6403456913857,-177.32630920410156,73.60757446289062,-7.283359050750732,19.975261688232422,7.962818145751953,7.062925338745117,-2.3478057384490967,4.732598304748535,4.576026439666748,7.299407005310059,1.559498906135559,5.015388011932373,3.297642946243286
section_00_source_train_normal_0874_n_C.wav,normal,0.03194824978709221,0.12398599740415335,1931.3951189039672,2076.469445667872,4463.658146964856,17.972438720134235,11.656574090556324,14.093199561037464,13.76042093341684,14.28361399994153,16.158666812391978,14.345484777914656,-162.7810516357422,82.13755798339844,7.112273693084717,19.815061569213867,8.931403160095215,8.005383491516113,2.2718114852905273,3.4519035816192627,-2.0747718811035156,5.013080596923828,0.5108665227890015,3.1391499042510986,-0.4977867305278778
section_00_source_train_normal_0119_n_B.wav,normal,0.031647808849811554,0.11571797623801917,2008.1277561137329,2078.510204379541,4571.211062300319,20.02633308420346,11.651901803539449,14.577754171495664,14.899052541005965,15.211252089348557,14.878157638514681,14.33757704766265,-170.38504028320312,77.79225158691406,3.4557971954345703,18.642372131347656,6.679102420806885,7.599193572998047,1.87200129032135,7.417516231536865,2.3989570140838623,4.164770126342773,0.9691266417503357,7.122032642364502,0.5181478261947632
section_00_source_train_normal_0061_n_B.wav,normal,0.028759274631738663,0.19582106130191693,2521.315955617379,2198.084228725532,5219.149361022364,19.364631679086052,12.194732631368616,13.353691055891336,14.495338032106588,15.03639823863511,14.74853299259921,15.875202555969434,-171.24813842773438,55.10536193847656,10.009305000305176,19.659996032714844,5.728121280670166,7.7977213859558105,1.467964768409729,6.121241092681885,3.450632095336914,5.11422872543335,1.625058889389038,4.769381523132324,2.751350164413452
section_00_source_train_normal_0711_n_C.wav,normal,0.03198883682489395,0.15058562549920126,2039.8481820064617,2049.4511177615404,4469.673522364217,16.561599711216243,11.385810497045988,13.464742884129938,14.50794493854897,14.73555144597428,16.128134240188444,14.871442962415239,-150.39736938476562,77.02328491210938,3.641394853591919,21.517539978027344,3.2831757068634033,9.389434814453125,4.358689785003662,7.902599811553955,-1.182066559791565,-0.9338728189468384,-1.1616624593734741,3.402163505554199,-0.47979316115379333
section_00_source_train_normal_0669_n_C.wav,normal,0.030865252017974854,0.14058443989616615,2084.2079365725353,2075.856432297155,4580.945487220447,19.71506637023883,11.287108745195184,13.662679549769043,14.562397052666528,14.397128845143929,15.484079679574819,15.098788124391014,-165.14306640625,74.60342407226562,5.7181901931762695,21.276123046875,1.2377783060073853,9.53322982788086,2.172706365585327,6.195192813873291,-0.39693814516067505,0.30379313230514526,0.5966196656227112,3.442711114883423,2.692420721054077
section_00_source_train_normal_0701_n_C.wav,normal,0.03147967904806137,0.19157629043530353,2296.9733452884793,2077.5122260486037,4785.093849840256,16.93913238976607,11.77452101319622,13.42914060569074,14.428399885181284,15.185521808681266,16.03290065521494,15.912023413205729,-139.1528778076172,64.3572998046875,0.5355902314186096,24.07697105407715,1.590407371520996,6.263693332672119,4.624789237976074,6.719870090484619,-3.8646252155303955,-0.17971928417682648,-1.72738778591156,0.6831775307655334,0.8916292786598206
section_00_source_train_normal_0679_n_C.wav,normal,0.032047372311353683,0.12614972294329074,1881.9760264234455,2029.773184129468,4322.933306709265,17.40665662331803,11.375208180970299,13.9858008742097,13.986985833661867,15.923373294610451,15.799006168305187,14.272605243375313,-162.9508514404297,84.28990936279297,7.505216598510742,21.89898109436035,4.954561710357666,10.726290702819824,1.9408977031707764,2.6446328163146973,-1.1824902296066284,5.560749053955078,-1.8715494871139526,6.335227012634277,1.0407246351242065
section_00_source_train_normal_0529_n_A.wav,normal,0.03209063410758972,0.40346695287539935,3778.182208906783,2243.5159803312667,6518.245806709265,16.43148138250205,13.466952845807658,17.27317092260947,17.783109786488186,20.475706376650088,15.891804189987651,16.47719696927979,-141.15518188476562,-8.71949577331543,-12.925687789916992,8.683277130126953,-0.16951951384544373,-21.47309684753418,-13.175135612487793,-3.8994534015655518,-8.898828506469727,1.184965968132019,11.327630043029785,6.726536750793457,-3.848489284515381
section_00_source_train_normal_0451_n_A.wav,normal,0.032112590968608856,0.364045651956869,3810.882087220957,2224.510624438003,6482.02875399361,16.69502185493244,12.957270639533643,18.746552294512224,18.69141914916874,22.350980797813946,16.497630917492618,17.325558468464493,-162.92294311523438,-16.125314712524414,-18.10439109802246,12.892595291137695,9.160123825073242,-23.979854583740234,-13.790288925170898,-2.4897937774658203,-2.0379607677459717,5.936464786529541,8.488031387329102,13.073760032653809,-3.9697442054748535
section_00_source_train_normal_0539_n_A.wav,normal,0.03211550787091255,0.41753194888178913,3843.4102772018255,2242.253334041556,6512.629792332268,17.76478064510495,13.642915316619225,19.608447179091655,18.58604829699765,18.752206117331735,16.827653558651047,15.624287044765715,-138.71060180664062,-11.071932792663574,-11.653016090393066,2.8249635696411133,-0.3321102261543274,-8.355424880981445,-9.150660514831543,-6.431049346923828,-6.271927833557129,-1.6858247518539429,6.352206707000732,14.544987678527832,-7.277487277984619
section_00_source_train_normal_0441_n_A.wav,normal,0.03211468085646629,0.36555105581070285,3750.4666448282005,2245.402036577882,6595.172723642173,17.447519408933722,13.953510314803031,18.514632813604845,20.0552621454457,21.24860505922352,15.991995988493704,16.120589332523426,-149.00469970703125,-11.71560287475586,-16.094697952270508,7.393356800079346,4.967747688293457,-13.064901351928711,-19.010196685791016,-14.512916564941406,1.3555200099945068,6.066702842712402,5.981605052947998,5.068337440490723,4.225168704986572
section_00_source_train_normal_0232_n_B.wav,normal,0.031171554699540138,0.14275284544728434,1883.5682172047948,1892.7101029759153,4054.363019169329,16.870653053292216,11.381271646606992,13.43640734498447,15.998892287618972,15.57505349227259,15.434328455636257,15.076753470893063,-151.3662872314453,89.48944091796875,-10.837272644042969,5.20296049118042,-1.3092591762542725,13.921815872192383,4.328370094299316,6.089195728302002,-4.6121978759765625,-0.32771891355514526,0.18967567384243011,5.716507911682129,-0.9631885886192322
section_00_source_train_normal_0222_n_B.wav,normal,0.03205278143286705,0.14333628694089456,2333.6398194518592,2275.092768059426,5278.35463258786,20.21104878561749,11.57352026003373,13.467712589041914,14.389357674963078,15.430973374633306,14.566642119729753,14.493726339856217,-159.81475830078125,65.51112365722656,11.15526294708252,18.714025497436523,8.258455276489258,5.545975208282471,6.486727237701416,6.156760215759277,1.044712781906128,3.413553476333618,2.0766777992248535,6.460028648376465,2.5360219478607178
section_00_source_train_normal_0398_n_A.wav,normal,0.0321132130920887,0.397765138278754,3911.1011947515844,2346.3331248481795,6790.809704472844,16.966618847641456,14.282999176291622,22.092702230610715,20.786101347792336,20.326523182830087,16.80971947925967,16.70682717680349,-150.9371795654297,-11.024085998535156,-13.320423126220703,-2.7004427909851074,-0.13918399810791016,-15.595803260803223,-10.863669395446777,-15.759756088256836,-4.250208854675293,-0.10622938722372055,12.076156616210938,1.6593977212905884,-0.05889458581805229
section_00_source_train_normal_0388_n_A.wav,normal,0.032115012407302856,0.42771409494808305,3872.147710637887,2234.131379482835,6527.6058306709265,18.391078728232802,13.331355859645903,20.378246571762894,18.848577863591906,18.507601147801612,17.012398863885597,15.795890345336174,-139.43133544921875,-12.198291778564453,-9.898401260375977,3.9585397243499756,-2.1701819896698,-9.652847290039062,-6.045990467071533,-3.8353540897369385,-8.148548126220703,-2.4629790782928467,9.109052658081055,12.312407493591309,-9.699134826660156
section_00_source_train_normal_0839_n_C.wav,normal,0.031961649656295776,0.1179347419129393,1808.9427915971155,1989.529214992467,4198.332667731629,17.862576726511172,11.312005635095472,14.125518827449906,14.032108908944926,15.038624418251212,16.02020442551772,14.35466869114785,-163.4110107421875,89.35062408447266,6.3819146156311035,20.118545532226562,5.898847579956055,8.894002914428711,-2.1981937885284424,4.931918144226074,-1.204859972000122,3.0371687412261963,-3.1040256023406982,4.814456462860107,0.486145943403244
section_00_source_train_normal_0154_n_B.wav,normal,0.031169310212135315,0.1967321036341853,2427.618400892638,2120.0483322821497,5011.506589456869,18.897218199901076,11.6380547635508,13.494461477696982,13.996769299178107,15.097519371438478,15.425404436279052,15.454611739287584,-140.8202362060547,58.49998092651367,-2.3606295585632324,18.27410125732422,3.3866562843322754,9.509589195251465,0.12084953486919403,6.065730571746826,3.8933308124542236,3.5205132961273193,1.777489185333252,2.8639938831329346,4.998596668243408
section_00_source_train_normal_0941_n_C.wav,normal,0.031948432326316833,0.24218281998801916,2640.5286012201477,2177.103433570043,5272.963258785942,16.78264027224308,11.434679340612144,13.664050105413708,14.468101476515736,14.331568542057873,15.043181696261348,14.834524081713928,-123.60111236572266,51.419273376464844,4.228120803833008,19.72579002380371,-2.1954877376556396,8.397697448730469,-0.6479716897010803,7.449075222015381,-2.027576208114624,-0.26801303029060364,-0.19523726403713226,2.1141178607940674,0.3344963490962982
section_00_source_train_normal_0144_n_B.wav,normal,0.031683340668678284,0.15201926916932906,2141.7835080356895,2063.844529277548,4655.551118210863,18.517926260184943,12.077115336272401,14.525293875741134,14.544235181280403,15.287405264061126,14.903333325991307,14.727122296980063,-151.45315551757812,72.55497741699219,1.763240933418274,20.751718521118164,1.541612148284912,6.91910457611084,-0.30591267347335815,7.67999267578125,1.7326040267944336,1.7883687019348145,-0.40699538588523865,5.928769588470459,1.210923194885254
section_00_source_train_normal_0829_n_C.wav,normal,0.029876545071601868,0.14371848791932906,1993.3482937887047,2047.703919463268,4544.279153354632,17.157534033781463,11.760550531112228,13.84205291130858,13.906241979266136,15.065201794453836,16.599511647571816,14.442327951252762,-164.7541961669922,79.71566772460938,3.6063923835754395,17.362232208251953,6.316895961761475,10.187185287475586,-1.6428452730178833,5.924882888793945,-1.9476230144500732,5.119559288024902,-1.7100682258605957,6.063199520111084,-1.3015234470367432
section_00_source_train_normal_0951_n_C.wav,normal,0.03190037980675697,0.13378438248801916,1988.3224618798986,2076.1805255520753,4554.787340255591,17.0284974483958,11.095488938053418,13.552633671475615,14.85034177939825,15.678226970706651,15.68479439675274,14.877735043573148,-157.3006134033203,80.48249816894531,6.689454555511475,17.935470581054688,5.917288303375244,9.231218338012695,0.6144557595252991,7.053104877471924,0.22783878445625305,0.8104096055030823,-2.046687126159668,6.168160438537598,0.34962260723114014
section_00_source_train_normal_0612_n_A.wav,normal,0.03211278095841408,0.4026807108626198,3936.87549637607,2338.186654565521,6786.766174121406,15.64426670223643,14.393389764152078,20.89709229943973,20.361206980995004,20.230982899090243,16.95078813908539,16.894738816465335,-151.35128784179688,-13.27863883972168,-14.052862167358398,-3.3768603801727295,-1.3975027799606323,-17.6711483001709,-13.489191055297852,-15.881673812866211,-5.29860782623291,-0.8963630795478821,11.789750099182129,0.6380742192268372,-0.6322239637374878
section_00_source_train_normal_0880_n_C.wav,normal,0.031963709741830826,0.12642428364616615,1892.3054414233268,2060.5033765148587,4454.57268370607,16.99656569186935,11.438859086717988,13.720451657680982,13.648230538784725,14.720673174664794,16.845139000471864,14.485990997672555,-163.67840576171875,84.13030242919922,10.938704490661621,20.470279693603516,6.105082035064697,9.782888412475586,-1.5898348093032837,4.899694919586182,-0.526107907295227,5.81786584854126,-3.065812587738037,4.739609718322754,-1.2423604726791382
section_00_source_train_normal_0095_n_B.wav,normal,0.03178589046001434,0.1379230730830671,2007.6352970376317,2028.5161436379615,4380.2416134185305,20.649615620841843,12.32746841089347,14.482249676102555,14.524131547189592,17.471322442512793,15.014452884120661,14.864286265311891,-165.4420166015625,77.86711883544922,2.536612033843994,23.56092071533203,1.8896753787994385,7.3351030349731445,3.3918099403381348,3.8761324882507324,1.4502060413360596,5.561725616455078,-2.281912326812744,8.205459594726562,1.6255367994308472
section_00_source_train_normal_0890_n_C.wav,normal,0.031893040984869,0.12531824081469647,1896.7805046416556,2070.730187528672,4486.197084664536,17.711670129680158,11.390064299952542,13.646011791917639,13.74431695059541,14.404244106318709,16.97203371578749,14.600114155776557,-165.52488708496094,83.7186508178711,11.633509635925293,20.18850326538086,6.273962497711182,9.259848594665527,-0.642966628074646,5.776187896728516,-0.7631357908248901,5.202038288116455,-2.3707799911499023,5.367341995239258,-1.5058213472366333
section_00_source_train_normal_0602_n_A.wav,normal,0.03209991753101349,0.3703558681110224,3785.1916749842917,2216.134728917837,6463.757987220447,16.130325555783184,12.678682577563192,18.356098936341414,19.861504647520476,21.768440198009227,16.65409274377387,17.292601545412026,-157.89669799804688,-15.967479705810547,-20.037492752075195,10.486823081970215,5.2134904861450195,-22.923616409301758,-12.087770462036133,-4.458614349365234,-7.777426242828369,3.834378957748413,10.790510177612305,14.243396759033203,-3.256591320037842
section_00_source_train_normal_0085_n_B.wav,normal,0.031074533239006996,0.1535823931709265,2220.784742463896,2096.381988255891,4819.763378594249,20.208109809152106,11.510629478727047,13.489797913372177,13.78576228363379,14.370299544578872,14.566146740256544,15.146023792904069,-151.6727752685547,69.52478790283203,-1.4474879503250122,17.915937423706055,3.5667552947998047,6.434718608856201,1.0356508493423462,5.877400875091553,-0.6240500211715698,4.433059215545654,1.1739848852157593,4.430285453796387,0.9221470355987549
section_00_source_train_normal_0574_n_A.wav,normal,0.03212926909327507,0.37201259235223644,3825.5648060177837,2416.1466016531376,6972.968250798722,17.169668237766395,13.971187730112073,20.119092994596183,18.519511884777277,19.820204520064586,16.262767391674764,16.057994560690297,-150.220947265625,-4.423737049102783,-9.782062530517578,-0.7674233913421631,1.3418145179748535,-27.7252140045166,-22.319110870361328,-3.9375061988830566,8.94578742980957,0.9860535860061646,16.067241668701172,6.514488697052002,0.6668495535850525
section_00_source_train_normal_0564_n_A.wav,normal,0.03211614862084389,0.40473523612220447,3922.148336421841,2339.3590453652996,6777.45607028754,15.82711814345198,14.122716044233892,21.522331150841133,20.458148560612273,20.011270048631005,16.61147065093994,16.494805259518085,-150.23989868164062,-12.33019733428955,-15.121542930603027,-4.312510013580322,-2.0950465202331543,-17.034650802612305,-11.843002319335938,-17.33597183227539,-6.267212867736816,-1.3686745166778564,10.489171981811523,1.9434967041015625,0.1267450749874115
section_00_source_train_normal_0331_n_A.wav,normal,0.03213520348072052,0.4129190170726837,3928.800803224643,2353.640140741716,6793.2308306709265,18.628353406787078,14.050992317513517,21.555018828820444,20.152114218740433,19.7899731291683,16.81651975111136,16.867172768480994,-148.11343383789062,-9.96349811553955,-10.653643608093262,-0.09602340310811996,1.1675893068313599,-15.767038345336914,-9.559920310974121,-14.032108306884766,-4.520506858825684,-0.12399043142795563,13.632905006408691,3.6912760734558105,1.6209286451339722
section_00_source_train_normal_0343_n_A.wav,normal,0.032143548130989075,0.3644387729632588,3802.386319309012,2388.332173552692,6920.552116613419,14.923209956195672,13.900971431892389,19.823330897301588,18.836403746190673,19.948459745547336,15.974263239989753,15.784691979619252,-149.82281494140625,-6.49770450592041,-13.756598472595215,-1.738389253616333,-0.6576292514801025,-29.658571243286133,-23.45400047302246,-4.035623550415039,6.978183269500732,-2.6624350547790527,15.794853210449219,4.403779029846191,-2.4568042755126953
section_00_source_train_normal_0353_n_A.wav,normal,0.03211279213428497,0.4050425569089457,3914.4784725371214,2252.3815406655676,6642.821485623003,15.483659436731367,13.977955723129744,18.608260160974112,19.988124068233095,22.080762843903734,15.870563938419636,17.9317697253958,-155.84567260742188,-15.86100959777832,-15.576967239379883,7.537856578826904,4.153806209564209,-24.408727645874023,-13.434155464172363,-3.4637253284454346,-8.032489776611328,-3.1363813877105713,10.576696395874023,10.084697723388672,-1.6418401002883911
section_00_source_train_normal_0516_n_A.wav,normal,0.03210435062646866,0.39525509185303515,3842.144926097531,2224.745352828061,6482.228434504792,16.710800297373385,13.551452294570417,18.38628606851332,19.07909090200696,21.160770098678285,16.750288446228847,17.362193155679456,-153.74984741210938,-16.34749984741211,-17.283737182617188,10.031864166259766,6.903526782989502,-20.732437133789062,-14.486249923706055,-5.481243133544922,-3.5189738273620605,7.64482307434082,8.841348648071289,12.47581672668457,-2.174994707107544
section_00_source_train_normal_0506_n_A.wav,normal,0.03209230303764343,0.40812044478833864,3932.4173144699253,2351.144505829911,6806.983825878594,18.78362637827738,13.949687850849141,21.32365016548635,20.27797830652934,20.17386342599134,16.89075721482758,16.810554574316342,-149.92861938476562,-10.992881774902344,-11.879286766052246,-0.15633107721805573,1.5124558210372925,-15.585196495056152,-10.452790260314941,-14.643773078918457,-3.278007984161377,0.6376895904541016,14.296266555786133,2.0059762001037598,0.4358278214931488
section_00_source_train_normal_0136_n_B.wav,normal,0.03194504976272583,0.2660696011381789,2743.4490598277894,2127.669808167173,5296.001397763578,19.05711055389267,11.543315919087725,13.007269419501142,14.70331878837395,14.400828035854492,15.212437831785028,15.306701059903618,-117.64937591552734,45.09956741333008,-6.882033824920654,12.538738250732422,-5.590902805328369,7.149541854858398,3.3175594806671143,10.937933921813965,0.878669798374176,-0.2150215208530426,-2.2252771854400635,-0.1932578831911087,0.7462766170501709
section_00_source_train_normal_0923_n_C.wav,normal,0.03103160858154297,0.16465530151757188,2128.2400959941083,2015.7139468372914,4543.08107028754,16.930257873244017,11.080413296378959,14.055612328418798,14.108630321922913,14.794635896489591,15.779594182267306,14.612622727209082,-153.24105834960938,70.6748046875,-0.380550354719162,25.04408836364746,4.359241008758545,11.130343437194824,1.1860774755477905,6.495762348175049,-0.8065043687820435,3.9411916732788086,-3.907388687133789,4.307443618774414,0.20306959748268127
section_00_source_train_normal_0126_n_B.wav,normal,0.03125796094536781,0.11415953224840256,1969.8894914327004,2034.31657030035,4395.4922124600635,20.245325647556914,11.813510261834223,14.032361326196115,14.125090474020318,14.577266301062355,14.621759651239712,14.266691078123023,-167.1106719970703,80.48404693603516,-0.08303361386060715,18.128313064575195,3.9824538230895996,7.1263628005981445,2.9372916221618652,7.787576675415039,2.4865870475769043,4.572735786437988,2.905941963195801,4.809000015258789,0.6821092367172241
section_00_source_train_normal_0933_n_C.wav,normal,0.03196187689900398,0.19372129592651757,2347.4341329659565,2127.5555899164397,4957.517971246007,17.096827966235914,11.467618259589626,13.308228979873505,14.945683833820125,15.21669990841298,16.003029015639235,14.98970089180543,-134.84669494628906,63.77771759033203,1.9736659526824951,18.49337387084961,1.7621119022369385,10.26054859161377,2.9880130290985107,7.179927825927734,-2.413149356842041,-1.9208325147628784,-2.269758939743042,4.159714221954346,2.4687561988830566
section_00_source_train_normal_0797_n_C.wav,normal,0.032007601112127304,0.16749606878993611,2191.3310040771257,2102.6550149899667,4683.25678913738,17.281522815771474,11.594060820201287,14.061319497260708,14.95328654018577,15.226065933557114,16.516384842758523,15.61813479424706,-143.36810302734375,69.422607421875,3.3305959701538086,23.05632781982422,3.7738473415374756,9.484313011169434,3.795234203338623,5.454979419708252,0.3282657861709595,-1.0656081438064575,-1.0108668804168701,0.9537665247917175,-0.483340322971344
section_00_source_train_normal_0787_n_C.wav,normal,0.03191792219877243,0.12826976837060702,1899.0038189097481,2017.5704403516472,4308.656150159744,17.372669909770874,11.432882144872528,13.563460414966642,15.678952548869344,16.470274051144447,15.512577152520702,14.305420237880103,-163.5366668701172,84.03650665283203,5.719213485717773,20.291688919067383,5.162776470184326,8.580611228942871,1.310653805732727,7.050433158874512,-1.263878583908081,1.0307917594909668,-2.286525011062622,6.881163597106934,0.050985805690288544
section_00_source_train_normal_0250_n_B.wav,normal,0.031671859323978424,0.2485959964057508,2732.326814068321,2194.1024917209056,5423.796924920128,19.00358697632721,11.77279124405436,13.382819712934399,14.164202577319106,14.481658010871426,15.33024738280535,15.388246742241794,-128.49095153808594,45.41287612915039,-0.25805625319480896,17.582979202270508,1.540700912475586,8.05492115020752,2.8527815341949463,6.408865928649902,0.8355209827423096,-0.03707149624824524,0.6748448014259338,1.3519974946975708,3.042254686355591
section_00_source_train_normal_0328_n_B.wav,normal,0.031484462320804596,0.1423644044528754,2091.2893027375617,2025.1970879093044,4429.862220447284,19.71717528020507,11.79422851681334,13.36954787587265,14.553651436265367,15.72057421457068,15.69595010432705,14.909252464722702,-155.19369506835938,74.30628967285156,-4.418676853179932,20.592634201049805,3.070204496383667,6.033112525939941,2.081129789352417,4.350292682647705,6.031803131103516,3.8368473052978516,-3.0280723571777344,4.969772815704346,2.179952621459961
section_00_source_train_normal_0240_n_B.wav,normal,0.03180355578660965,0.1353443864816294,2161.849733793731,2118.380199270586,4792.482028753993,20.003829228006428,11.998204859772564,13.797192948082328,13.89810123395506,14.563854349914148,14.62407091268956,14.393604564236849,-154.85337829589844,72.05326843261719,2.8970561027526855,17.344097137451172,4.171413898468018,9.900609970092773,1.8779058456420898,6.785304546356201,3.1870057582855225,3.1456518173217773,-0.08870220929384232,5.119481563568115,1.0114527940750122
section_00_source_train_normal_0626_n_A.wav,normal,0.032118186354637146,0.3674651807108626,3798.947044293059,2389.352580521191,6905.2765575079875,18.598074060313234,13.807709821138069,20.299068294323103,18.967133877186626,19.857846218783322,15.736361982469912,15.47276206135026,-146.935302734375,-5.204617500305176,-11.630477905273438,1.3281841278076172,2.7239060401916504,-26.316038131713867,-19.58707046508789,-1.2286012172698975,9.394407272338867,1.3071225881576538,18.1329288482666,8.650343894958496,-1.5883830785751343
section_00_source_train_normal_0636_n_A.wav,normal,0.03210492432117462,0.33733682358226835,3534.361536740135,2154.506526194425,6342.826477635783,16.62871218352769,13.80262211181845,20.508168266640165,21.337579577674823,22.174913337791928,17.29086177058879,15.178802783201224,-156.8328399658203,-12.25446891784668,-23.151817321777344,15.964203834533691,1.1591895818710327,-16.838552474975586,-16.85369873046875,-9.990869522094727,-7.038430690765381,-2.9650492668151855,19.18578338623047,4.932792663574219,-11.139402389526367
section_00_source_train_normal_0778_n_C.wav,normal,0.031913336366415024,0.13994483825878595,2050.9774988882396,2105.812649321976,4686.950878594249,17.670096617498107,11.415935833003628,13.663533448461378,13.885914904423153,16.753069826645074,14.56412336342725,14.292067252636967,-157.05047607421875,76.7209243774414,7.592197895050049,20.872314453125,8.247970581054688,8.504324913024902,-1.1179850101470947,7.723626613616943,1.5539191961288452,2.2364559173583984,-1.8375142812728882,3.688627004623413,1.5052849054336548
section_00_source_train_normal_0768_n_C.wav,normal,0.032021909952163696,0.12953805161741214,1930.2460682525102,2093.5457835465086,4558.556309904154,15.859425798324205,11.57989791344491,13.667026538263448,13.775439025846325,14.260301413637608,17.308823379076774,14.541184540561648,-164.23731994628906,81.92681884765625,13.257071495056152,20.13857650756836,4.768011569976807,9.695747375488281,-0.15351799130439758,5.492788314819336,-0.24125580489635468,6.070953845977783,-1.8876922130584717,7.260869979858398,-2.572556972503662
section_00_source_train_normal_0540_n_A.wav,normal,0.03208725154399872,0.40152474790335463,3929.0327225405895,2340.4876111352687,6789.262180511182,14.907848747216295,14.075936558719937,21.622832852449733,20.765663471055,20.115599596936892,16.772321635737985,16.54514108484646,-151.43594360351562,-12.472495079040527,-14.647799491882324,-4.159633159637451,-1.8611336946487427,-17.309616088867188,-12.03161907196045,-16.358535766601562,-5.868844985961914,-1.548111081123352,11.131592750549316,0.17404408752918243,-1.2834908962249756
section_00_source_train_normal_0438_n_A.wav,normal,0.032096050679683685,0.370569588658147,3825.7003830913322,2411.2105879935066,6967.2523961661345,16.39800619020234,13.997782024804055,20.27764194937252,19.02130045179746,19.722054534824654,16.19217107797945,16.1721598497295,-151.63336181640625,-6.0370354652404785,-12.173454284667969,-3.293229579925537,-0.08173706382513046,-29.449939727783203,-25.955371856689453,-7.571740627288818,7.418316841125488,-1.0182338953018188,14.080998420715332,5.762087821960449,-1.1517045497894287
section_00_source_train_normal_0550_n_A.wav,normal,0.03211556002497673,0.4064372004792332,3932.734332605387,2356.1304398722987,6801.692292332268,17.628636183223374,14.011847016839518,21.50434856450176,20.314354464238367,19.940871458206523,16.754789306802422,16.723320052247853,-149.46253967285156,-10.179682731628418,-11.224143981933594,-1.6198312044143677,1.0834327936172485,-15.541430473327637,-9.717303276062012,-14.919251441955566,-4.155051231384277,0.40336620807647705,12.288473129272461,4.0276899337768555,1.8269429206848145
section_00_source_train_normal_0428_n_A.wav,normal,0.03212003782391548,0.4084308855830671,3921.5128735315734,2257.0594443728787,6652.980231629393,17.23821492153462,13.954546207429674,18.13487036427575,18.09049228590999,22.43562160512971,16.15651568205334,17.874714428853302,-156.6134796142578,-15.01520824432373,-13.540494918823242,10.066852569580078,6.3373799324035645,-23.331478118896484,-13.121552467346191,-2.638843059539795,-5.460464954376221,-0.8917446732521057,12.873880386352539,11.323887825012207,-2.3397629261016846
section_00_source_train_normal_0206_n_B.wav,normal,0.03051077201962471,0.1670857877396166,2262.448601227395,2117.0787252380705,4874.875199680511,18.685463235981818,11.759079488553624,13.69566543842191,13.93170544473372,15.973665401955378,15.2592060598627,15.354196487291038,-151.99862670898438,66.63645935058594,-2.6815285682678223,14.277243614196777,7.74526309967041,11.663597106933594,-2.387136936187744,5.529567241668701,5.336585521697998,4.1416521072387695,0.9193885326385498,1.2881478071212769,6.218043804168701
section_00_source_train_normal_0481_n_A.wav,normal,0.03210126981139183,0.4516429962060703,3966.6990267638266,2292.41864689959,6695.961461661342,19.642264598177448,13.689597769501532,18.057842687492585,18.359443997154017,19.52238098753442,16.76561659556846,17.779242811924476,-143.67184448242188,-12.910319328308105,-9.086163520812988,7.5104756355285645,2.737700939178467,-18.07893943786621,-12.543643951416016,-11.514484405517578,2.450930595397949,4.268792629241943,9.409887313842773,12.39113998413086,3.158202648162842
section_00_source_train_normal_0216_n_B.wav,normal,0.032017868012189865,0.16013440994408945,2360.8020438731205,2230.262723239195,5234.050519169329,20.491952903421144,11.677106100146155,14.466580506463671,15.286994898265139,15.10859525930578,14.509479660296662,14.445340289642171,-146.7061767578125,64.96858215332031,5.674587249755859,11.385384559631348,3.472572088241577,5.395235538482666,0.25210365653038025,6.89202356338501,3.353543996810913,5.923238277435303,2.0309548377990723,6.704814434051514,4.912226676940918
section_00_source_train_normal_0491_n_A.wav,normal,0.032118283212184906,0.37487987969249204,3784.041878751889,2239.1933323796898,6621.231030351438,16.23903613317231,13.894597771460012,17.305143644258344,19.01806720908158,21.324662914494933,16.856738218634067,16.19372996006122,-147.97747802734375,-14.67753791809082,-16.694793701171875,8.973161697387695,3.7282912731170654,-16.47137451171875,-22.697757720947266,-13.385687828063965,3.2983179092407227,2.798973321914673,4.233900547027588,6.382830619812012,2.2561819553375244
section_00_source_train_normal_0160_n_B.wav,normal,0.03173263370990753,0.19807214706469647,2672.269237162096,2296.177487160887,5557.507987220447,20.13758260858026,12.037284178649687,14.182004170543337,14.419299396351086,14.244815872638073,14.27378245870447,14.987814071711306,-156.16400146484375,49.96783447265625,17.387069702148438,20.137022018432617,5.3074727058410645,6.8233537673950195,1.2430609464645386,6.468028545379639,3.3267202377319336,5.764405250549316,4.498055934906006,7.593785762786865,2.6156487464904785
section_00_source_train_normal_0018_n_B.wav,normal,0.028219405561685562,0.1200703873801917,1948.8056157283418,2052.263103036925,4449.755391373802,19.299081036782656,11.608766837331352,13.483882058781774,13.595854507243946,14.675743856904697,14.661481293242822,15.247147198311037,-185.98426818847656,83.1786117553711,3.3684332370758057,15.888566017150879,6.911638259887695,8.807666778564453,0.2587426006793976,5.519697189331055,0.6514286398887634,3.289241075515747,-1.2302298545837402,1.378333330154419,0.8254452347755432
section_00_source_train_normal_0975_n_C.wav,normal,0.031825341284275055,0.14679169578674123,1999.8826368063508,1981.9896336059353,4325.853634185303,18.319673385537676,11.454889406052072,13.4825136136309,14.369982898374916,15.21696932887177,16.174067957855645,14.46306404655142,-153.17269897460938,78.22313690185547,0.07259244471788406,23.484172821044922,2.424389362335205,11.823253631591797,1.1983566284179688,5.12934684753418,0.23998169600963593,2.7783873081207275,-2.77290940284729,4.468310832977295,0.5223504900932312
section_00_source_train_normal_0170_n_B.wav,normal,0.031482670456171036,0.15204422923322683,2098.306512992017,2011.9399924014979,4491.937899361023,19.052616350911876,11.562135613774332,13.353807510512917,14.165171063533805,14.735444264693593,15.149943375867544,14.717045103804676,-150.54835510253906,74.15057373046875,-5.1753458976745605,19.344757080078125,3.9391045570373535,7.863025188446045,1.2343796491622925,7.639114856719971,1.8926067352294922,4.499831676483154,1.5650248527526855,5.601855754852295,0.6943440437316895
section_00_source_train_normal_0965_n_C.wav,normal,0.03204362094402313,0.1963951427715655,2440.0790188197943,2235.991294717803,5218.175918530352,17.201261726582285,11.33202517117406,13.684452585368705,14.664851440662288,14.23064951105046,15.510378765954377,16.02610000086758,-135.03831481933594,62.01491928100586,12.546357154846191,17.195409774780273,0.21337395906448364,7.8516621589660645,3.803028106689453,6.805782794952393,-1.5581029653549194,-3.098104476928711,-2.4965150356292725,2.6497421264648438,1.5134247541427612
section_00_source_train_normal_0008_n_B.wav,normal,0.030147908255457878,0.10608027156549521,1754.3758974839284,1932.4750872275474,4073.8568290734825,22.401837596612683,12.38222295460149,13.499423680172569,14.011219141846025,14.913398224801838,14.357420019130934,14.864224078779978,-187.05360412597656,93.78990936279297,1.7759064435958862,13.847837448120117,2.6949174404144287,8.650967597961426,-2.7277848720550537,9.39236068725586,-2.1325106620788574,4.7744879722595215,-2.1352126598358154,4.700209140777588,-0.013604258187115192
section_00_target_train_normal_0001_n_D.wav,normal,0.03210517019033432,0.05410561851038339,1019.1839279460781,1459.1439871168018,1899.4109424920127,17.711520014346032,16.099091703276134,18.11361185319048,17.392338947875487,14.631912429128684,14.992810067204063,14.310736538973037,-245.8115234375,137.8516082763672,12.872200012207031,16.878936767578125,4.241964340209961,12.395285606384277,4.680742263793945,-5.9795708656311035,-17.37285614013672,-9.863313674926758,-2.37640118598938,1.9231189489364624,0.5582521557807922
section_00_source_train_normal_0102_n_B.wav,normal,0.03204258903861046,0.15276495107827476,2247.070727062929,2095.9276650937522,4793.30571086262,19.699710428123776,11.838467348601233,13.45598557595001,13.393584144846416,14.00257879580744,14.722564611678024,14.519606464532467,-144.80459594726562,67.18972778320312,-3.6120691299438477,17.58106803894043,3.726661443710327,9.15676212310791,2.0331594944000244,6.2412824630737305,3.380268096923828,5.169532775878906,3.2186594009399414,3.487807035446167,0.46625062823295593
section_00_source_train_normal_0917_n_C.wav,normal,0.031961601227521896,0.13165185702875398,1958.752712478774,2069.358918399533,4498.677116613419,17.38859079147882,11.104789076399562,13.353246751653355,14.50436315424499,15.427916747734507,15.848135648494727,14.64250570764842,-160.00616455078125,81.60193634033203,6.709798812866211,18.917810440063477,5.619120121002197,8.054817199707031,1.5031176805496216,6.415164470672607,-0.10366714000701904,3.349745512008667,-0.6214441657066345,5.531952857971191,-0.4620930254459381
section_00_source_train_normal_0112_n_B.wav,normal,0.02873007208108902,0.1064765125798722,1756.3808564288217,1909.461696857585,3857.6527555910543,22.406497671074924,12.136941136730584,13.395428292701617,14.210957747338758,14.365172422132142,14.85426588669561,14.559318534144685,-194.4826202392578,93.18306732177734,-2.54809308052063,17.262399673461914,4.233911514282227,6.855453968048096,2.5761849880218506,6.180635452270508,1.1806584596633911,3.3724260330200195,-1.3404395580291748,0.14659501612186432,-0.9178733825683594
section_00_source_train_normal_0907_n_C.wav,normal,0.0319318026304245,0.17449424670527156,2321.7069792252446,2185.8564601242333,5095.522164536741,17.940987273768204,11.15242559136755,13.573312778457122,14.331861019902089,14.38177560256415,15.264746302173611,15.083334096477792,-147.05160522460938,65.15397644042969,10.984023094177246,20.501014709472656,4.908929347991943,11.712711334228516,0.6839373707771301,4.936818599700928,-3.286689043045044,6.626127243041992,1.2278193235397339,2.5428342819213867,-2.164355754852295
section_00_source_train_normal_0264_n_B.wav,normal,0.03181934729218483,0.16423410043929712,2098.448587756226,1946.0254172602279,4268.894768370607,17.15297218820938,11.858725337622495,14.188268812368015,14.16630557813893,14.803289711721686,15.712213142387656,14.571585630529704,-140.44459533691406,74.05281829833984,-12.996667861938477,21.289854049682617,3.2502410411834717,5.324693202972412,1.5200203657150269,3.3842086791992188,2.4747815132141113,6.173662185668945,-0.8997747302055359,6.119405269622803,2.6764416694641113
section_00_source_train_normal_0274_n_B.wav,normal,0.030028285458683968,0.1025546625399361,1693.5599407367056,1849.8257103229437,3610.3983626198083,21.569651338177515,11.884010845260176,13.481468177483855,13.841357068154997,14.627522186100354,15.207503045825986,14.8023172527726,-184.97486877441406,96.10943603515625,-6.327615261077881,20.572935104370117,5.855116367340088,5.364382266998291,1.5960372686386108,3.648303270339966,1.0438460111618042,1.5919746160507202,-2.9171814918518066,-0.9929730892181396,-2.009200096130371
section_00_source_train_normal_0522_n_A.wav,normal,0.032100629061460495,0.40717664237220447,3953.3579652169215,2347.2360073882296,6811.05231629393,18.649588495291876,14.011512219454424,21.460883597208923,20.137922541784697,20.34002034227365,16.73555105779758,16.826979763082825,-150.46160888671875,-11.894914627075195,-11.059242248535156,0.8148478269577026,1.6395251750946045,-16.640939712524414,-10.79538631439209,-14.169997215270996,-3.005258798599243,1.1582396030426025,14.035367965698242,1.6696887016296387,0.6274751424789429
section_00_source_train_normal_0532_n_A.wav,normal,0.03213776275515556,0.3991691418730032,3927.666649225829,2362.818120809185,6817.666733226837,17.858488479439657,14.110109301308022,21.704706857359902,20.511694727330852,20.39156918943156,16.938821634866393,16.936879100930394,-150.24237060546875,-9.593976974487305,-10.787201881408691,-0.2260035127401352,2.2553741931915283,-15.505993843078613,-9.756570816040039,-14.410497665405273,-3.3063621520996094,0.6828978657722473,14.266201972961426,2.161475658416748,0.9193073511123657
section_00_source_train_normal_0377_n_A.wav,normal,0.03210083022713661,0.33614342052715657,3689.1902114072345,2238.913991773945,6446.66034345048,18.990936265707084,13.151661685494489,19.21753895239379,19.543076667318353,22.65651295649327,16.676735345588096,16.131339995442534,-163.90908813476562,-11.004260063171387,-19.013967514038086,11.812520027160645,11.634868621826172,-22.685216903686523,-16.039813995361328,-1.7834653854370117,0.2608517110347748,7.949686527252197,10.551506042480469,11.56415843963623,-2.4050989151000977
section_00_source_train_normal_0367_n_A.wav,normal,0.03210804983973503,0.40748084315095845,3954.792877750717,2344.4144841720044,6812.974241214058,15.074956532485507,14.40273902313459,21.56915613920512,20.43810462395489,20.249630172464833,16.867765438956187,16.922228038765937,-151.41732788085938,-12.965282440185547,-12.93726634979248,-1.772659420967102,-0.30601799488067627,-17.918733596801758,-11.807136535644531,-15.739591598510742,-5.024423599243164,-0.7569162249565125,12.791088104248047,0.6176739931106567,-1.170097827911377
section_00_source_train_normal_0662_n_C.wav,normal,0.032059017568826675,0.13457530451277955,2071.647292803836,2145.115590035179,4803.664137380191,17.79975695294356,10.82619643291575,13.837516825822279,14.081899763152997,14.59095945869845,14.505523974351206,14.206525252414165,-155.55198669433594,76.91343688964844,10.909322738647461,19.397167205810547,6.8061017990112305,8.728978157043457,-0.17480990290641785,7.245511054992676,-0.04193374887108803,2.629132032394409,-1.342139482498169,3.585331916809082,-0.2677725851535797
section_00_source_train_normal_0672_n_C.wav,normal,0.03189761936664581,0.13255977935303515,1952.3050265406919,2042.4591184679468,4452.3262779552715,17.78789284559825,11.216686540522447,13.394134593961683,14.54015538128382,15.329533224035123,16.424348127875202,15.33170010458295,-158.7598876953125,81.75762176513672,6.632002830505371,19.086278915405273,2.966137647628784,9.729328155517578,0.9075210094451904,7.1224188804626465,-1.7036890983581543,4.097593307495117,-3.1909780502319336,5.601653099060059,-0.504362940788269
section_00_source_train_normal_0644_n_A.wav,normal,0.0321103073656559,0.4322022264376997,4003.1415542365044,2342.0719659787474,6817.192492012779,18.346360752210487,14.484587227125227,20.546819972944892,19.09001914782812,19.969551405766087,17.409338925734275,17.14007836591595,-149.95545959472656,-13.034709930419922,-10.315750122070312,3.324493646621704,3.978238344192505,-18.12347984313965,-12.085885047912598,-12.104249000549316,-1.6284641027450562,-0.6603028774261475,15.268689155578613,2.921351909637451,0.18483275175094604
section_00_source_train_normal_0654_n_A.wav,normal,0.032090142369270325,0.39659825529153353,3888.4264532478023,2246.3316693740658,6632.488019169329,17.766369855965692,13.859667511305258,18.968211869360488,19.529700019226233,22.446939217695906,16.112424561873436,17.696743789400802,-157.47103881835938,-15.391420364379883,-14.70898723602295,9.940178871154785,5.206036567687988,-23.694091796875,-13.227286338806152,-2.178868532180786,-4.319087505340576,-0.4744316339492798,11.609640121459961,9.766969680786133,-1.6004825830459595
section_00_source_train_normal_0832_n_C.wav,normal,0.03199917823076248,0.13771559255191693,2022.8484115911538,2131.8977025677746,4796.151158146965,16.85227859139751,11.45755638468941,13.75936585989523,13.654117815223026,14.440147127185261,16.804813723367587,14.557120121365992,-160.67140197753906,78.86019897460938,13.247313499450684,18.197105407714844,5.282796859741211,9.759243965148926,-1.2272282838821411,7.8750810623168945,-0.907622218132019,7.306789398193359,-1.9896801710128784,7.659318447113037,-1.8266550302505493
section_00_source_train_normal_0027_n_B.wav,normal,0.03200516849756241,0.14943746255990414,2203.3210627370618,2096.710442296495,4808.25678913738,20.048554614582756,11.90155721398184,13.268398995611394,13.485383496769808,14.335045064694485,14.448347554442188,14.426327817957109,-146.00625610351562,69.80453491210938,-3.513334035873413,16.60361671447754,5.546562194824219,8.649796485900879,2.9077858924865723,7.926088333129883,2.0486998558044434,5.843893527984619,2.1792562007904053,3.7989840507507324,0.7692001461982727
section_00_source_train_normal_0822_n_C.wav,normal,0.031984712928533554,0.12945381140175719,1918.1535241765969,2022.2832477653712,4365.1407747603835,16.679671148651202,11.128339083911435,13.745938167217737,14.325313334150163,14.696971459931387,15.697911457514584,14.482881820729004,-159.6006317138672,82.56412506103516,5.50355339050293,20.89934539794922,4.659785747528076,10.563504219055176,0.7277155518531799,6.416799545288086,0.038583431392908096,4.8038811683654785,-3.2287731170654297,3.4238336086273193,0.2829824388027191
section_00_source_train_normal_0037_n_B.wav,normal,0.030134497210383415,0.181272464057508,2243.296451875212,2028.1088426526087,4657.473043130991,15.214900932598324,11.396088165086859,13.24418443844448,14.223690419818519,15.019731366771271,15.107317622083748,14.466120957814931,-150.3276824951172,66.37505340576172,-9.666906356811523,16.448650360107422,3.929672956466675,9.420403480529785,1.281257152557373,5.230391979217529,2.7229537963867188,3.486919403076172,1.2677390575408936,5.165680885314941,1.9006056785583496
section_00_source_train_normal_0686_n_C.wav,normal,0.03169894590973854,0.10939840005990416,1858.3360991321315,2043.464603805791,4335.188698083067,20.009769632098436,11.195455285651544,14.773759545381512,14.6978187586451,14.979919879984244,16.066658295220233,14.324121239303931,-175.908447265625,86.19990539550781,8.052330017089844,16.985286712646484,4.992810249328613,8.331451416015625,0.10639413446187973,6.208823204040527,1.8717409372329712,6.650213718414307,0.5603305101394653,4.969625949859619,-0.6713542938232422
section_00_source_train_normal_0696_n_C.wav,normal,0.03202562406659126,0.12980949231230032,1951.7750013427699,2068.1174930188754,4493.061102236422,17.292090882315897,11.371110044739629,13.74649567190886,14.7733491843535,15.1345613089778,15.845761866025581,14.198855093484019,-161.1944580078125,81.10409545898438,9.96066951751709,20.957252502441406,3.8051249980926514,11.223523139953613,1.2490147352218628,6.233593463897705,0.7902411818504333,3.170555353164673,-3.3219995498657227,5.021911144256592,-0.6420557498931885
section_00_source_train_normal_0393_n_A.wav,normal,0.03210867941379547,0.3664215380391374,3765.2390464989576,2241.8169833413967,6602.461062300319,15.490611106800941,13.983769853346763,18.811244036524663,20.07629654128131,21.54419113074091,15.980617364568557,15.897625509158347,-150.89361572265625,-13.51517391204834,-17.946443557739258,5.614438056945801,3.3648221492767334,-15.912948608398438,-21.434045791625977,-17.078031539916992,-0.6031652092933655,4.512157917022705,4.075138568878174,3.9332497119903564,2.076533794403076
section_00_source_train_normal_0383_n_A.wav,normal,0.03211761638522148,0.3308768470447284,3691.030145398814,2352.75088646795,6832.5928514377,17.173887702548686,13.031292745094348,19.897722098767638,22.454323992314723,21.563136263109616,15.846936969635172,16.238588449593305,-155.9404754638672,-7.090468406677246,-16.745803833007812,11.029892921447754,5.3530497550964355,-33.46471405029297,-17.92967414855957,-4.922088146209717,6.223837375640869,8.11776351928711,17.790578842163086,1.4443789720535278,-6.0082268714904785
section_00_source_train_normal_0239_n_B.wav,normal,0.0320119671523571,0.21720247603833867,2567.580312428821,2145.2016025072426,5216.104233226837,19.60455294070462,11.389947470227115,13.520385012511056,14.831639617116835,14.614104011962096,14.860770848774656,15.05933300181032,-129.03741455078125,52.061439514160156,-4.148837089538574,17.361440658569336,-0.8816730380058289,2.451434373855591,3.3438010215759277,12.852066040039062,5.9934844970703125,4.401209354400635,1.3941067457199097,3.4619741439819336,-1.1112171411514282
section_00_source_train_normal_0229_n_B.wav,normal,0.0319233201444149,0.15244671026357828,2296.775091530509,2175.3562714707473,5088.907747603834,19.837744815774123,11.426840899965232,13.247942938919449,13.559147238093814,15.200219540706145,14.580717656827389,14.577362251428104,-150.59718322753906,65.73571014404297,2.0309977531433105,16.383411407470703,8.561422348022461,9.969756126403809,1.6213082075119019,6.20777702331543,2.3628010749816895,6.095757007598877,0.03578776866197586,4.190155982971191,2.6267688274383545
section_00_source_train_normal_0280_n_B.wav,normal,0.02979367785155773,0.22680274061501599,2538.910496169614,2049.8118363255767,5005.640974440895,18.84305832598836,11.897371099519207,14.040387201134562,14.076381322167563,14.52387756069576,15.258866705175363,14.964372357502347,-144.4084014892578,50.66421890258789,-11.013655662536621,17.82908058166504,1.7388206720352173,11.787607192993164,0.6005358099937439,4.830826759338379,-1.1735371351242065,5.024492263793945,1.9427388906478882,2.826861619949341,1.1641563177108765
section_00_source_train_normal_0407_n_A.wav,normal,0.032128818333148956,0.3646836935902556,3807.5541270797585,2389.141335554663,6932.408146964856,15.095974317187439,14.272798660150636,19.876173805714416,18.696673533492703,19.37351106483963,15.69865128110525,15.792332782787625,-150.01820373535156,-6.853042125701904,-14.075485229492188,-2.480416774749756,-1.633831262588501,-31.200454711914062,-23.019987106323242,-3.5312156677246094,6.331031322479248,-0.9344077706336975,16.003448486328125,4.016129493713379,-2.486567258834839
section_00_source_train_normal_0290_n_B.wav,normal,0.029616087675094604,0.1736768046126198,2184.559309633588,1992.6515711223713,4507.762579872205,18.1502695544429,11.498555252065048,13.470153574695816,14.100423783458917,15.043517034905406,15.043897116065828,14.441980904025964,-154.76956176757812,70.48284149169922,-7.998834133148193,19.547264099121094,3.1005446910858154,6.780717849731445,0.36728736758232117,5.212668418884277,1.3880366086959839,5.08496618270874,0.9336475729942322,4.627742290496826,0.16931700706481934
section_00_source_train_normal_0417_n_A.wav,normal,0.03212027624249458,0.33220441044329074,3518.815836181747,2150.7625647623536,6325.628993610224,15.380786814098071,13.737256626706419,20.954127113780157,21.21422368169521,22.492419234124913,16.718464406881164,15.437969006234773,-158.13182067871094,-11.968585014343262,-24.332454681396484,15.137907028198242,0.6363576650619507,-18.98870849609375,-17.340723037719727,-9.456555366516113,-7.507798671722412,-1.6396398544311523,17.31562614440918,4.762382507324219,-10.588985443115234
section_00_source_train_normal_0619_n_A.wav,normal,0.03211275860667229,0.3686258236821086,3824.835204760239,2403.313724608838,6966.054313099042,16.20948362845036,14.152280786500986,20.051174968026114,18.771522322810757,19.996687958650785,15.989470501574536,15.880363839543811,-151.0400390625,-6.668090343475342,-12.407821655273438,-1.3178311586380005,-0.14415325224399567,-30.37862777709961,-23.08725357055664,-3.720090389251709,5.811794281005859,-0.21384365856647491,17.36931610107422,3.647747278213501,-0.8990224003791809
section_00_source_train_normal_0609_n_A.wav,normal,0.03207603469491005,0.3817828973642173,3818.0170174432865,2218.8917624794917,6481.105231629393,15.846844589654612,13.340144604297778,18.742691976016374,19.476797755811873,21.558299185109544,16.529038773673854,17.21632160679117,-156.4088134765625,-16.793222427368164,-19.581573486328125,10.579177856445312,6.357489585876465,-23.47835922241211,-13.134129524230957,-4.786273956298828,-6.107097625732422,5.349417686462402,9.679938316345215,12.545626640319824,-4.108367443084717
section_00_source_train_normal_0747_n_C.wav,normal,0.032024603337049484,0.18132394418929712,2327.0471892039295,2199.8108901306623,5118.061102236422,17.41478057863091,11.248343419373864,13.58457872363522,14.545033204940413,14.288724573910477,15.595883405815604,15.121102875449445,-138.64694213867188,66.62150573730469,10.49052906036377,17.21100616455078,1.1749824285507202,8.278690338134766,4.152142524719238,6.663557052612305,-3.146404266357422,-1.456301212310791,-1.9451762437820435,5.135207176208496,-0.5971381068229675
section_00_source_train_normal_0757_n_C.wav,normal,0.03168880566954613,0.09916165385383387,1768.6694160186535,2006.6357149115581,4180.835662939297,20.541304349861697,11.405068036564927,13.852997932177582,14.303020039467862,14.817523778199245,16.79154592919459,14.447844158738757,-181.74118041992188,89.9991226196289,9.639938354492188,18.110057830810547,4.601713180541992,9.27513599395752,0.3123897910118103,7.146125793457031,0.3748798668384552,5.843055725097656,-2.6410021781921387,7.135356903076172,0.7378880381584167
section_00_source_train_normal_0725_n_C.wav,normal,0.03204349800944328,0.17172679962060702,2290.800780817849,2171.0942403066347,5072.234424920128,17.734515385000034,11.422520510280277,13.983790753628995,15.33953580787014,15.49390038402007,15.691637491033964,15.867850816749991,-147.0976104736328,65.00685119628906,10.456174850463867,21.55571174621582,4.980597496032715,14.480839729309082,-1.6017976999282837,3.2199997901916504,-1.017012596130371,5.711236476898193,-1.726532220840454,4.6485114097595215,-2.969651222229004
section_00_source_train_normal_0735_n_C.wav,normal,0.03199400752782822,0.26594948083067094,2753.01764496068,2185.1028206573633,5460.338458466454,17.786826814293956,10.980944852664017,13.749574144722596,15.188705908732341,14.39303357729785,14.947984075614045,15.032670454185965,-118.23492431640625,47.166656494140625,0.4478609561920166,13.776030540466309,-5.055812835693359,2.978400230407715,0.9531749486923218,11.917112350463867,4.584619998931885,0.4950677454471588,-5.009888172149658,-0.42100611329078674,-0.17143800854682922
section_00_source_train_normal_0184_n_B.wav,normal,0.031861647963523865,0.16102049221246006,2094.6365284659164,1946.7433565624915,4290.784744408946,18.78181698150639,12.304115440208413,13.2954617302982,13.866016419403152,17.120375662127355,15.458989967276542,14.774570231222757,-146.5357666015625,72.89921569824219,-12.339212417602539,22.4140625,7.215864181518555,7.89154052734375,-0.66496741771698,5.469048976898193,4.120696067810059,4.32810640335083,-3.6257753372192383,5.892421722412109,4.008061408996582
section_00_source_train_normal_0194_n_B.wav,normal,0.03197956085205078,0.15298803164936103,2171.358113561308,2102.1006626996254,4783.746006389776,18.972490709484877,11.576635798805732,13.533749978222623,13.735659804484612,15.34647509005746,14.49200896493275,14.18141444618345,-144.8352813720703,72.50019836425781,-1.9349086284637451,15.704030990600586,6.9969563484191895,7.638333320617676,0.48386096954345703,6.119811534881592,3.0629758834838867,4.445690155029297,0.2541552782058716,3.1087806224823,2.6287050247192383
section_00_source_train_normal_0981_n_C.wav,normal,0.031289488077163696,0.12432607827476039,1979.2748108268374,2047.4608816207256,4416.258985623003,20.259244443883198,11.138113962103581,13.877258821547436,14.429371462473267,15.41996269480378,15.636137150801192,15.05865124720716,-169.40895080566406,78.50688171386719,6.9738993644714355,24.735916137695312,1.8942561149597168,7.240312576293945,2.39908766746521,6.806783199310303,-0.7610254287719727,1.2554311752319336,1.0590451955795288,2.8099863529205322,1.6807535886764526
section_00_source_train_normal_0465_n_A.wav,normal,0.03212375566363335,0.3750296400758786,3785.347466785297,2353.539304576989,6839.73142971246,17.879408809086918,13.793545517641233,19.920317687702067,18.922796429051587,19.308365988639917,17.269017841063324,15.549713206128816,-147.28518676757812,-6.948117256164551,-11.319561958312988,0.9602288603782654,0.6089930534362793,-24.700071334838867,-22.306943893432617,-0.1257639080286026,10.05598258972168,2.957045793533325,17.671531677246094,4.939601898193359,-0.8682227730751038
section_00_source_train_normal_0475_n_A.wav,normal,0.03212237358093262,0.41112969249201275,3941.7791344391,2258.04972425725,6660.26857028754,16.610044201417082,13.55559994406285,18.24935251220992,17.886052118784608,22.141403943528985,15.992130384339344,17.952664189170505,-155.91087341308594,-15.511679649353027,-12.545502662658691,10.701606750488281,6.149312496185303,-23.703636169433594,-13.909391403198242,-3.271918773651123,-6.1803669929504395,-1.2022625207901,11.807835578918457,10.871402740478516,-2.5728976726531982
section_00_source_train_normal_0348_n_A.wav,normal,0.032132893800735474,0.333956294928115,3515.654513040891,2163.248543362775,6362.345247603834,15.171175132714186,13.729088708408312,20.84857401625842,21.125083481967888,22.687458886415367,16.80041166809245,15.466814943104696,-159.36460876464844,-10.133434295654297,-22.64710807800293,16.271337509155273,2.1208841800689697,-16.67050552368164,-15.391275405883789,-10.486665725708008,-7.118488311767578,-2.2079808712005615,19.640928268432617,5.152820110321045,-11.039321899414062
section_00_source_train_normal_0358_n_A.wav,normal,0.03212527558207512,0.37729788588258784,3785.904644996415,2237.9692178586924,6608.526357827476,15.910192888041628,14.296479929655478,17.699464813885523,18.9699184658197,21.197075695590776,16.58416062793537,16.21738068506742,-148.1731414794922,-14.770576477050781,-16.364770889282227,8.871739387512207,3.879240036010742,-16.694494247436523,-22.871944427490234,-13.008398056030273,1.2314475774765015,4.290222644805908,5.50674295425415,6.099061965942383,1.6072920560836792
section_00_source_train_normal_0323_n_B.wav,normal,0.03198149427771568,0.20760221146166133,2543.384970526223,2186.0311693787567,5251.4976038338655,18.130372509809327,12.073954777601099,13.733313454099383,13.918121800886192,14.4023867823307,15.565026833452455,15.11922026372034,-135.96937561035156,53.946922302246094,5.239926338195801,22.18117332458496,1.9557486772537231,9.683396339416504,1.3487013578414917,4.289347171783447,2.3709301948547363,1.7830841541290283,-0.6612026691436768,5.804609298706055,2.32828950881958
section_00_source_train_normal_0850_n_C.wav,normal,0.03192635625600815,0.12253987370207668,1810.4881802108146,1994.5238412348665,4237.8444488817895,18.376895723346983,11.1842747954515,13.705832565343494,13.552224153478342,15.342498957150749,17.121027428640517,14.429476589641949,-164.29917907714844,89.21399688720703,5.2735185623168945,17.3193302154541,7.759478569030762,9.3890380859375,-2.7814455032348633,6.94662618637085,-0.6348477005958557,4.868991851806641,-3.0119426250457764,5.501890659332275,-0.9907450675964355
section_00_source_train_normal_0928_n_C.wav,normal,0.02755977399647236,0.17696373302715654,2220.062341600136,2046.3111553581186,4703.524361022364,18.037474157415982,11.309610860349803,13.472536058813814,14.378815607527505,14.597603064303385,15.748011961963664,14.643429520347652,-175.76771545410156,66.10879516601562,-0.5864074230194092,20.81863021850586,5.072706699371338,7.514865398406982,0.4353155195713043,6.439851760864258,-1.0418896675109863,3.6106479167938232,-0.6949853897094727,5.067906379699707,-0.7527782320976257
section_00_source_train_normal_0045_n_B.wav,normal,0.029994135722517967,0.13968587759584664,2122.622193146801,2092.053341480985,4625.124800319489,20.586499633006433,11.372529565599455,13.6058987247339,14.125081883115802,14.450081908570386,15.365745353110272,14.573899589881472,-169.40374755859375,72.80722045898438,4.099420070648193,24.129985809326172,1.9292047023773193,2.525179862976074,4.855710029602051,5.928553581237793,-0.6958978176116943,4.7860307693481445,1.2113577127456665,3.979581832885742,2.9063358306884766
section_00_source_train_normal_0840_n_C.wav,normal,0.03162505477666855,0.10217870157747604,1814.3840221737753,2005.7424731754888,4239.916134185303,19.42623879660811,10.995854441294929,13.788474557264658,14.427263573652143,14.9156120456928,14.69129084901878,14.485585587307387,-176.70571899414062,88.29715728759766,6.690315246582031,17.614330291748047,4.278613567352295,9.642212867736816,-0.09869249910116196,8.37866497039795,0.8322122097015381,4.868897438049316,-1.377476692199707,5.630518436431885,2.0377159118652344
section_00_source_train_normal_0055_n_B.wav,normal,0.030544256791472435,0.13679987020766773,1934.7404947906707,1933.5076013912385,4064.946086261981,17.804485751823634,11.658291172663501,13.508214608251155,14.37696790327952,15.294182097912747,15.147982362709037,15.416093516388434,-162.28717041015625,85.84333801269531,-12.67580509185791,9.858546257019043,6.742954254150391,8.491921424865723,4.501199722290039,3.285193681716919,0.9234796762466431,2.43645977973938,3.1343045234680176,3.2567341327667236,0.7500087022781372
section_00_source_train_normal_0938_n_C.wav,normal,0.02802382968366146,0.15518919728434505,2104.0890353306345,2078.499538105493,4667.956269968051,17.487000120726442,10.998008282916738,13.852439188213989,13.789467484018711,15.018724360984228,15.825896640407798,15.109442113278647,-170.55625915527344,74.91036224365234,3.274812936782837,18.572792053222656,4.046687126159668,7.9989237785339355,-1.7639764547348022,2.5288805961608887,-1.4277130365371704,3.7903647422790527,-1.7949495315551758,3.8437180519104004,-0.1554531455039978
section_00_source_train_normal_0876_n_C.wav,normal,0.03153030574321747,0.16720278803913738,2197.0236546181095,2087.1748805183465,4767.821485623003,17.63601264974871,11.36445903951352,13.845998128459431,13.904772565541007,14.406629943757746,15.530587233616256,14.53353285125968,-150.72113037109375,68.75101470947266,3.9997589588165283,22.564794540405273,4.132328510284424,7.952826976776123,0.7224253416061401,6.542107582092285,-1.0055058002471924,3.001357316970825,0.012850227765738964,5.142905235290527,-1.8575559854507446
section_00_source_train_normal_0063_n_B.wav,normal,0.03196664899587631,0.15359799321086262,2189.4828383718104,2111.1181417658154,4788.61321884984,18.94856233873706,11.616833160077864,13.268475924611014,14.075907029753045,14.90064877590342,14.647247568081431,14.571630349942188,-147.41253662109375,71.0035629272461,2.6966135501861572,18.4770565032959,3.3126540184020996,8.538619041442871,0.7972105741500854,6.931175708770752,1.9456928968429565,3.2660489082336426,1.5503908395767212,4.518318176269531,0.46451616287231445
section_00_source_train_normal_0866_n_C.wav,normal,0.03204658254981041,0.12238855331469649,1913.5710657646082,2085.973066951353,4545.801717252396,17.623632255249742,11.401098155206068,13.47344396640631,13.967330942567264,14.413206925800203,15.965003271979748,15.140891589994338,-165.78903198242188,83.57889556884766,12.556839942932129,19.414928436279297,5.85951042175293,10.13105297088623,0.7359602451324463,6.134141445159912,-0.8353530764579773,3.7986509799957275,-1.559102177619934,5.740007400512695,-3.2638742923736572
section_00_source_train_normal_0073_n_B.wav,normal,0.03134594485163689,0.1917260508186901,2405.7328272662444,2118.0526081152702,5014.526757188499,18.545743378704366,11.701269688497066,13.282640822295923,13.547959583586803,14.53847223487268,14.713340357015689,14.639411042310433,-143.1853790283203,60.23280334472656,-1.8255459070205688,18.255830764770508,4.260343551635742,7.840648651123047,1.5368115901947021,6.11807107925415,1.1419841051101685,3.9388697147369385,0.3884858787059784,4.201480865478516,1.2031792402267456
section_00_source_train_normal_0582_n_A.wav,normal,0.032127611339092255,0.36829198282747605,3819.074467562566,2403.6178900604373,6968.1259984025555,15.526585767006353,14.21178134031509,19.987131679882577,18.74484374397245,19.878718392669402,15.805487214428243,15.869596716549792,-150.42214965820312,-5.928675174713135,-12.663533210754395,-1.213384747505188,0.29436492919921875,-30.172027587890625,-22.549779891967773,-3.8016517162323,5.897395610809326,-0.5497788786888123,17.28961181640625,3.532876968383789,-1.0852124691009521
section_00_source_train_normal_0305_n_B.wav,normal,0.03203800320625305,0.2078112519968051,2509.2901151576875,2145.826263569791,5122.179512779553,19.62472783841304,11.04122937901462,13.260477917192551,15.070333003156689,14.330555250210235,14.856372901413065,15.08541832834582,-129.9342041015625,56.06159973144531,-4.0121541023254395,12.928864479064941,-4.073449611663818,5.070154190063477,5.695831775665283,13.895240783691406,5.566182613372803,2.9887359142303467,0.6158928871154785,2.861551284790039,1.8606135845184326
section_00_source_train_normal_0592_n_A.wav,normal,0.03212881088256836,0.3968400559105431,3901.151584399862,2348.4182052193714,6779.627595846646,16.88697372357176,14.058420908369756,21.602045432424894,20.96646461035164,20.369121857800987,16.664873369386882,16.832152407588005,-149.63446044921875,-9.68881607055664,-12.3264741897583,-1.5635095834732056,1.2014163732528687,-15.159746170043945,-10.04886531829834,-14.315794944763184,-4.008543491363525,0.6123157143592834,13.573958396911621,2.7749290466308594,0.7583595514297485
section_00_source_train_normal_0315_n_B.wav,normal,0.031932100653648376,0.14204772364217252,2263.572114002927,2213.905113331585,5133.211861022364,19.77079521113976,11.67804425856786,13.664663698523938,13.805049943993186,15.596906586457198,14.372184903277422,14.238364982948559,-153.96246337890625,69.67207336425781,4.510008811950684,11.872252464294434,11.07931900024414,8.496009826660156,-0.3935108482837677,7.41108512878418,2.408578395843506,4.550620079040527,1.6516475677490234,3.1785898208618164,3.222310781478882
section_00_source_train_normal_0443_n_A.wav,normal,0.032092686742544174,0.37810440794728434,3772.666849438473,2231.672898282201,6594.7234424920125,17.39273911848397,13.830934843914118,18.262906792982996,19.232844788565522,21.358287409765893,16.738010698753197,16.094137874879493,-149.10079956054688,-14.41184139251709,-15.425840377807617,11.1991548538208,4.752111911773682,-14.661731719970703,-20.694963455200195,-12.48539924621582,2.4921047687530518,4.501189708709717,7.025128364562988,6.627048492431641,3.1644175052642822
section_00_source_train_normal_0453_n_A.wav,normal,0.032116204500198364,0.4004530251597444,3933.519054233839,2348.9093394027536,6805.411341853035,15.87672015752741,14.149676343499095,21.680639197642517,20.956239547424726,20.2085302909005,16.722552069541273,16.510050698485852,-151.6412811279297,-11.84628963470459,-14.202394485473633,-3.9280829429626465,-0.7404734492301941,-16.78199577331543,-11.319705963134766,-16.35691261291504,-4.595894813537598,-0.7563077211380005,11.939799308776855,1.6486588716506958,-0.6429869532585144
section_00_source_train_normal_0703_n_C.wav,normal,0.03207220882177353,0.1355113069089457,1967.8698579425222,2079.543757641305,4583.641174121406,17.37623123184793,11.240564733876774,13.789119983618818,13.973136857122945,15.536265741675036,16.64421721098035,14.620143919405313,-155.8112335205078,81.9415283203125,9.325284004211426,18.924840927124023,6.746523380279541,8.58264446258545,-3.4471704959869385,4.583529472351074,-1.5227842330932617,3.129432439804077,-3.9967501163482666,4.968904495239258,-0.31295353174209595
section_00_source_train_normal_0713_n_C.wav,normal,0.032036472111940384,0.12340411591453675,1889.502453612865,2053.8375463153798,4440.9694488817895,17.140222521351518,11.12752685102278,13.891837203701643,13.792179474495995,14.663214555899215,16.29638919900145,14.406644456865694,-164.3318328857422,83.94512939453125,11.141366004943848,20.840805053710938,4.040434837341309,11.221257209777832,0.08201589435338974,5.943276882171631,-0.7788200974464417,5.318497180938721,-4.0268940925598145,5.6552958488464355,-0.8421201705932617
section_00_source_train_normal_0761_n_C.wav,normal,0.031791072338819504,0.13393102286341854,2084.588860259451,2148.628122424735,4814.62160543131,18.29356172738577,11.673182256526754,13.865598865859575,13.805744658278028,15.319219972125431,15.580853284413228,14.702233608596831,-162.77281188964844,74.64552307128906,10.917679786682129,21.617721557617188,7.672049522399902,8.602531433105469,0.8205929398536682,6.344546794891357,1.1407291889190674,5.235060691833496,-2.1502466201782227,4.126939296722412,1.1822036504745483
section_00_source_train_normal_0771_n_C.wav,normal,0.031701575964689255,0.17170183955670926,2304.4043609658725,2199.460316459603,5113.094049520767,18.01355741952097,10.89534477580185,13.54175019496157,14.591323613399867,14.233992113752327,15.117407247748377,14.725237445037433,-145.66285705566406,66.31855010986328,7.869202136993408,17.811389923095703,6.368279933929443,8.276200294494629,2.6292691230773926,4.090859889984131,0.2885144352912903,3.3855538368225098,0.7664515376091003,3.6901984214782715,-0.18383947014808655
section_00_source_train_normal_0559_n_A.wav,normal,0.032106462866067886,0.4035652331269968,3938.6744515608248,2348.4486244836967,6801.2180511182105,16.008747827669506,14.195602223894717,21.7488258373001,20.74619656353454,20.127138589450393,16.712104219774268,16.621548676165435,-151.5269775390625,-11.622495651245117,-13.015032768249512,-2.868427038192749,-1.1101469993591309,-17.125720977783203,-10.659716606140137,-15.74189281463623,-4.2488532066345215,0.1688351184129715,13.01259708404541,0.7935165762901306,-0.8204435110092163
section_00_source_train_normal_0421_n_A.wav,normal,0.03211157023906708,0.4079582043730032,3944.4263730033513,2346.981634719753,6811.0023961661345,15.9751699901819,14.278861398659153,21.69398123075386,20.447357169555833,19.997436190503645,16.83732190110815,16.82177927744288,-150.63226318359375,-12.567873001098633,-13.417923927307129,-2.604288101196289,-0.2584221065044403,-17.69803237915039,-12.065361022949219,-16.046432495117188,-6.0239763259887695,-1.065696120262146,12.336645126342773,1.3275513648986816,-0.22576302289962769
section_00_source_train_normal_0549_n_A.wav,normal,0.03213821351528168,0.373046875,3757.4240552180286,2245.963252304039,6603.359624600639,18.607009232778783,13.947913364659595,17.77465792110082,19.199183612065656,21.411153473870005,16.60950825905343,16.05821077480081,-147.6685791015625,-12.519220352172852,-15.423026084899902,10.658860206604004,5.460381507873535,-15.192334175109863,-20.902427673339844,-11.705645561218262,4.184770107269287,5.206841945648193,7.4986748695373535,7.978120803833008,2.799485206604004
section_00_source_train_normal_0431_n_A.wav,normal,0.032113734632730484,0.44664942342252395,3956.0990753108813,2283.014821851806,6693.116014376997,17.6383849592289,13.84379143989416,17.956017684764014,19.579395507929576,19.34522178782367,17.110937149990367,17.923442569528504,-144.09788513183594,-13.844804763793945,-11.073033332824707,7.1114277839660645,0.9711467623710632,-19.324382781982422,-12.092981338500977,-11.936707496643066,1.4204013347625732,2.7365920543670654,6.797138690948486,10.5992431640625,3.4670703411102295
section_00_source_train_normal_0498_n_A.wav,normal,0.032106708735227585,0.43041134185303515,4002.3990840274564,2341.2968152651697,6815.245607028754,18.273535882989986,13.959978602277591,20.89019979236242,18.960026576557606,19.87886672861771,17.282150020368075,17.06957488503516,-150.06129455566406,-13.187765121459961,-9.855908393859863,3.2642087936401367,2.284552574157715,-18.665987014770508,-11.343008995056152,-11.716553688049316,-2.35122013092041,-0.461983323097229,15.257272720336914,2.437739133834839,0.5511159300804138
section_00_source_train_normal_0488_n_A.wav,normal,0.032121773809194565,0.3987385807707668,3907.8421615217367,2242.9108956175746,6651.208067092652,16.249879764097344,13.844173153751797,18.00504885064538,18.244564691851043,22.66620880229189,16.431694424254683,18.02861210580997,-160.55618286132812,-16.686052322387695,-15.516993522644043,11.403688430786133,6.988951206207275,-24.759136199951172,-15.660605430603027,-5.038068771362305,-4.844674587249756,0.06495880335569382,10.16174602508545,8.429189682006836,-3.9950876235961914
section_00_source_train_normal_0814_n_C.wav,normal,0.031966421753168106,0.15753856329872204,2245.075786525001,2226.6574519594756,5153.729033546326,17.860046763934058,11.197751712790135,13.753870222608787,13.482589178578113,15.050594608463777,15.338439126981916,14.465799945202331,-149.55126953125,70.2587890625,13.524791717529297,18.11262321472168,8.365126609802246,8.205063819885254,-0.08007132261991501,4.402937412261963,-1.535062313079834,3.717257022857666,-1.4791944026947021,3.8660502433776855,-0.37781959772109985
section_00_source_train_normal_0179_n_B.wav,normal,0.030661487951874733,0.11963358626198083,2061.4613990546704,2133.753911327278,4592.826477635783,20.099087220899047,11.533566696435674,13.668648025951082,14.481538682410983,14.53374861754004,15.544869672525033,15.581168319809672,-176.21730041503906,75.73137664794922,6.9125165939331055,21.53162384033203,4.528628349304199,6.169793128967285,6.943214416503906,3.1648800373077393,4.658018112182617,2.343994617462158,1.8508509397506714,5.600842475891113,2.3699939250946045
section_00_source_train_normal_0001_n_B.wav,normal,0.03207143768668175,0.21928040135782748,2606.289650578855,2228.694549868933,5449.405950479233,18.938281056919063,12.202646868055155,13.551207478301656,14.941045696714834,14.004827723978972,15.062656053579998,15.294360875464267,-128.54415893554688,54.10405731201172,2.996277332305908,12.351272583007812,1.6872695684432983,11.085458755493164,5.9422760009765625,7.5904693603515625,-3.7886295318603516,-1.1649048328399658,0.22109951078891754,5.5399651527404785,2.605762481689453
section_00_source_train_normal_0169_n_B.wav,normal,0.03159555792808533,0.1522361097244409,2136.8522799823263,2037.6558343880547,4542.85642971246,15.706161923195296,11.819134304035522,13.32346156619644,13.921947919868975,15.172894585482094,15.321921937942813,14.751313877102355,-149.34652709960938,70.8341064453125,-4.27142333984375,22.29336929321289,5.188381671905518,8.148889541625977,3.7575528621673584,6.674752235412598,1.863048791885376,2.865150213241577,-0.1697077453136444,7.7772040367126465,0.9155125021934509
section_00_source_train_normal_0804_n_C.wav,normal,0.03118607960641384,0.15045458516373802,2048.7679027527274,2043.984955027162,4535.393370607028,16.928651067848744,10.854175991800053,13.650845057451617,13.697342757480142,14.241532289528562,16.3923167699958,14.49794770041826,-158.93125915527344,75.14327239990234,4.039191246032715,23.04408836364746,4.964636325836182,11.023201942443848,0.8483071327209473,4.9037580490112305,-1.2840601205825806,3.5475876331329346,-1.244553565979004,6.321211814880371,-1.762027621269226
section_00_source_train_normal_0011_n_B.wav,normal,0.03198806196451187,0.11531861521565495,1944.949408295235,2119.132258914975,4555.011980830671,17.883438842919986,11.296391158545381,13.775420152211689,14.176638086590366,15.8559882723052,14.505382241812802,14.334679820583723,-164.7028350830078,84.10706329345703,9.552255630493164,16.03169059753418,6.5554962158203125,5.723929405212402,0.17039325833320618,4.355865955352783,2.580366373062134,3.070060968399048,2.1910457611083984,7.267309665679932,3.3460693359375
section_00_target_train_normal_0008_n_E.wav,normal,0.0320315882563591,0.04733052116613418,1014.7230862618945,1493.8767948018465,2004.6924920127794,17.493522721751113,17.243025058379807,15.069582087877093,19.926625624162853,17.7467647076845,15.045212018097162,13.958585816356038,-247.6654815673828,130.81532287597656,3.7491652965545654,16.898025512695312,9.380162239074707,22.889755249023438,20.061588287353516,13.44984245300293,-1.4187871217727661,-5.773862361907959,-1.5735135078430176,8.443339347839355,7.105095863342285
section_00_source_train_normal_0988_n_C.wav,normal,0.03200852870941162,0.120301267971246,1902.6804027487408,2078.371655814599,4485.423322683706,17.23476509731672,11.35664172320189,13.372764000428102,14.040502184104215,14.525374294420201,15.438863767014501,14.763410331099108,-164.7998809814453,83.99797821044922,11.705198287963867,19.33336639404297,6.062397480010986,10.392576217651367,0.8677575588226318,5.01885986328125,-0.6627345085144043,3.410688638687134,-1.3692988157272339,5.232865333557129,-3.0346052646636963
section_00_source_train_normal_0504_n_A.wav,normal,0.03211478143930435,0.4044325953474441,3782.132044430581,2212.1993809592377,6512.82947284345,16.79825697694624,13.353850270052948,18.9880995040417,19.68217297856083,18.82578208380122,17.09650813044264,15.756759996001168,-139.59765625,-12.460701942443848,-16.12024688720703,5.668826103210449,0.2932181656360626,-10.232629776000977,-9.093182563781738,-6.956051349639893,-8.753913879394531,-0.25680777430534363,8.709842681884766,10.41114330291748,-7.994094371795654
section_00_source_train_normal_0514_n_A.wav,normal,0.03211654722690582,0.3985155001996805,3905.414454152,2354.5413378606463,6802.091653354632,19.007825640537867,14.113125376167032,21.631247839463295,20.85346632600901,20.07603922901607,16.740284362758224,16.52066452393788,-149.20452880859375,-9.423480033874512,-11.924053192138672,-1.2382802963256836,1.668094515800476,-13.935728073120117,-8.564667701721191,-14.323345184326172,-3.1316704750061035,1.0638279914855957,13.71338939666748,3.5930862426757812,1.1572649478912354
section_00_source_train_normal_0351_n_A.wav,normal,0.03212942183017731,0.36191000648961663,3777.658402407623,2376.5280288161016,6873.577276357827,19.080816921317307,14.344971020504552,20.000953621594263,18.65487165622673,19.753432508361065,16.566978523718372,15.442244908239019,-148.64353942871094,-5.609804630279541,-10.884174346923828,1.4170942306518555,1.23343026638031,-25.904281616210938,-20.728254318237305,0.26156800985336304,11.656966209411621,2.594663381576538,16.194982528686523,6.80646276473999,0.15415990352630615
section_00_source_train_normal_0341_n_A.wav,normal,0.03212190046906471,0.40494895666932906,3913.3769124921496,2245.8802392656917,6636.232028753993,17.32544766257712,13.806378011138177,18.221269942951484,18.840428027875703,22.531324256281525,16.124629883744536,17.99246872320234,-156.47274780273438,-15.517843246459961,-13.913647651672363,9.91922664642334,5.170807361602783,-22.563467025756836,-12.889144897460938,-2.4045090675354004,-6.280383586883545,-1.1300009489059448,12.035359382629395,10.926780700683594,-2.5175700187683105
section_00_source_train_normal_0242_n_B.wav,normal,0.030365344136953354,0.181060303514377,2206.338644926822,1994.0256152884367,4523.88678115016,18.92045781246481,11.41458481927593,13.746405762662071,14.439183629138055,15.42499719524717,15.361168280349188,15.122591663704394,-149.0609893798828,68.63825225830078,-10.16812515258789,19.291349411010742,3.8029160499572754,6.698423862457275,1.7711886167526245,5.606377124786377,-0.38234859704971313,1.8042497634887695,-0.6277949213981628,2.8370473384857178,0.4066333770751953
section_00_source_train_normal_0252_n_B.wav,normal,0.032052621245384216,0.17223536092252395,2337.288670907613,2171.641092496887,5042.5319488817895,19.059759100499633,12.103741937367595,13.592199812930671,13.791159780537196,14.643852901309579,14.777500448564176,14.655890861063574,-140.29055786132812,64.91132354736328,3.4712319374084473,16.584857940673828,3.873323678970337,9.403654098510742,1.5905216932296753,4.956435203552246,4.655945777893066,5.312273025512695,-0.8203195333480835,2.417083263397217,4.32592248916626
section_00_source_train_normal_0785_n_C.wav,normal,0.031959936022758484,0.15632800019968052,2186.1031551889423,2146.0140944955783,4906.824081469648,18.069349666324793,11.17876852334373,13.226603370856479,14.431378742610605,13.94325021815163,15.557726216493192,15.383205332562763,-150.22213745117188,70.819091796875,10.610143661499023,19.878541946411133,2.8088605403900146,12.56220817565918,0.6052876710891724,4.451448440551758,-0.39867863059043884,4.552927017211914,-1.3624334335327148,4.88222074508667,-2.5315663814544678
section_00_source_train_normal_0795_n_C.wav,normal,0.03194981813430786,0.13202001797124602,1891.5137048510942,2054.082560397647,4424.645567092652,15.264367607983536,11.320905057150476,13.601743497363632,13.629533572471363,14.401382115116931,17.433651686783815,14.366539142009037,-162.59036254882812,84.71581268310547,10.175519943237305,18.133371353149414,4.185888767242432,10.120279312133789,0.0023792621213942766,5.091827392578125,-0.7815746665000916,5.104069232940674,-2.263928174972534,7.018878936767578,-2.3666110038757324
section_00_source_train_normal_0124_n_B.wav,normal,0.030023034662008286,0.11108632438099042,1777.9857826248915,1895.3109776949511,3851.986821086262,23.345049220086967,11.702224749700102,13.556006495302128,13.860733776869555,14.499419528781068,15.071700882903645,14.68568873175767,-179.08346557617188,91.23170471191406,-5.131542682647705,19.431562423706055,3.8346168994903564,7.68579626083374,1.2125158309936523,3.906787395477295,1.168196678161621,2.1261892318725586,-2.90419602394104,-0.6220546364784241,-1.9674967527389526
section_00_source_train_normal_0849_n_C.wav,normal,0.03203866630792618,0.13452382438099042,2026.1951508466211,2114.896298989326,4673.821884984026,17.01598351207395,11.055780830079321,13.729500209506027,14.002350676045559,14.560505476079332,15.757416751455473,14.25545624559441,-157.1582489013672,78.5094223022461,9.67759895324707,19.013460159301758,6.217865467071533,10.621623039245605,1.5803711414337158,4.464469909667969,-1.3702361583709717,3.2560813426971436,-0.7891634106636047,5.222622871398926,-0.05203144624829292
section_00_source_train_normal_0931_n_C.wav,normal,0.027238016948103905,0.19399741663338657,2308.255441729231,2027.9593534632586,4711.16214057508,17.335872211875866,11.55071461561004,13.565248408171499,15.442417456074336,14.777717437399271,16.355277978537355,15.314430023892681,-165.6809844970703,62.99617004394531,-6.727953910827637,17.899694442749023,-3.4875457286834717,9.111656188964844,5.505640029907227,6.49406099319458,-2.6700689792633057,-0.20857380330562592,-0.49763989448547363,2.1940298080444336,-0.4950106143951416
section_00_source_train_normal_0859_n_C.wav,normal,0.03203897923231125,0.14156256240015974,1971.525903515075,2057.837511769697,4466.054313099042,17.109619576322967,11.463385522595301,13.961598892046375,14.60953429238186,17.23557202172399,16.574159839452868,14.360747634920127,-157.9243621826172,80.77980041503906,6.409069061279297,20.72922706604004,6.199566841125488,10.52815055847168,0.7899280190467834,3.0174481868743896,-0.7327525019645691,3.610729932785034,-3.044595718383789,7.710996627807617,1.200392484664917
section_00_source_train_normal_0134_n_B.wav,normal,0.03200700879096985,0.11561813598242812,1927.7202525042658,1978.4740539519105,4224.840255591054,19.646620149321485,12.233256823429377,13.43789840824628,13.90530251798994,14.47732653816298,15.041423358304273,14.3189375867132,-162.8950958251953,81.56609344482422,-3.452080488204956,20.309701919555664,3.7785115242004395,9.714829444885254,1.4952435493469238,8.483651161193848,3.533201217651367,4.977348804473877,2.2319936752319336,5.269911766052246,-0.2385314553976059
section_00_source_train_normal_0921_n_C.wav,normal,0.03206389397382736,0.15607527955271566,2233.4430184414728,2219.778759412062,5112.7196485623,17.284637369403292,11.589222284481961,14.071236370438701,13.964379489849065,14.374947777818416,15.564968524596111,14.5194614036061,-151.80191040039062,69.27545928955078,14.24953842163086,20.674062728881836,5.8481125831604,7.274670600891113,0.8719789385795593,7.449437141418457,0.2727050185203552,4.5270209312438965,-0.48083528876304626,4.258786678314209,-0.007367987185716629
section_00_source_train_normal_0146_n_B.wav,normal,0.03184466436505318,0.21051473891773162,2605.205932943364,2256.545007749947,5457.967252396166,18.537794584517812,11.79229406176825,13.787176570100485,14.479329152531173,14.729667968860653,14.734174378173128,14.790052409766297,-135.41525268554688,53.74070358276367,9.226235389709473,18.81343650817871,0.700596809387207,6.165409564971924,1.8949612379074097,4.2694783210754395,4.158278942108154,3.682746648788452,0.7633100748062134,3.802562713623047,3.225055456161499
section_00_source_train_normal_0953_n_C.wav,normal,0.031592048704624176,0.14825341952875398,2044.3411751410833,2044.4916921448328,4528.204872204473,16.63375002313152,11.070185742886876,14.027438140564918,13.723876082036522,15.11944597629656,16.002244690449682,14.446146495959121,-154.82884216308594,76.41058349609375,3.2570388317108154,21.91651725769043,5.2339863777160645,11.91244125366211,-0.06705653667449951,4.650575637817383,0.011951068416237831,3.4206676483154297,-2.2645761966705322,5.5901594161987305,-1.6315687894821167
section_00_source_train_normal_0156_n_B.wav,normal,0.024743225425481796,0.13997447833466453,2147.3058206428063,2122.147856311662,4730.9055511182105,19.08858104720258,11.771961627631773,13.888939259261225,13.977364065407093,14.528857735592936,14.977306083700263,16.384965292454957,-196.28225708007812,71.86577606201172,3.7620396614074707,19.920608520507812,6.4188337326049805,6.619178295135498,4.198347568511963,4.775790691375732,1.628165602684021,1.7432861328125,1.8111449480056763,4.513326168060303,2.990388870239258
section_00_source_train_normal_0943_n_C.wav,normal,0.031495414674282074,0.17288900259584664,2161.9304709191233,2036.9056174030889,4591.303913738019,16.820963771262548,11.384195731813204,13.845847528385464,14.637600846959714,15.350275125861748,16.146134740510732,15.033988984101853,-143.10435485839844,71.2110595703125,-1.6456204652786255,20.633756637573242,2.3430511951446533,11.306174278259277,1.7775554656982422,6.1910271644592285,-2.7458319664001465,-1.5508768558502197,-1.5531851053237915,2.96467661857605,1.8116503953933716
section_00_source_train_normal_0220_n_B.wav,normal,0.03178558871150017,0.11928102535942492,1878.3169849694605,1963.2417172802807,4155.4512779552715,18.68972203083109,11.651299618582541,13.666870176202007,14.029438636937108,15.850177419472958,14.942441596939004,14.365699076633142,-159.8999786376953,85.96858978271484,-2.920891284942627,18.471845626831055,5.357036590576172,8.242104530334473,0.46249687671661377,7.5337910652160645,1.4248497486114502,2.053504228591919,-0.3818517327308655,5.4730401039123535,1.353100061416626
section_00_source_train_normal_0230_n_B.wav,normal,0.03185979649424553,0.1420134035543131,2140.7521629362814,2067.888299543896,4631.739217252396,19.728732642003905,11.41587333230872,13.516113537561177,13.483894508737562,14.67339748362642,14.794755198744406,14.528101327081814,-152.07815551757812,71.80377960205078,-2.6962764263153076,19.441394805908203,3.988844394683838,7.48851203918457,3.3820688724517822,5.423956871032715,2.068744421005249,6.561471939086914,1.8983556032180786,3.9746780395507812,1.9429157972335815
section_00_source_train_normal_0333_n_A.wav,normal,0.03214326128363609,0.4055043180910543,3957.6650874944876,2332.7410918889527,6740.390375399361,16.907405951456138,14.186781711038831,21.292142027836537,18.623526194872007,21.012895156544904,17.076938160360925,17.19280102472228,-155.53030395507812,-12.878125190734863,-10.376832962036133,2.489727258682251,-0.9421749711036682,-20.367149353027344,-12.168025016784668,-12.177227973937988,-1.5589866638183594,-0.9278301000595093,11.122701644897461,2.39916729927063,-0.31289106607437134
section_00_source_train_normal_0299_n_B.wav,normal,0.03203039988875389,0.21023081819089456,2570.1054966789857,2223.740381086907,5354.482827476038,18.268565027601852,12.088755772944676,13.516448650282545,14.108549096049385,14.684495727395042,14.860275742919232,15.048274637284585,-134.2827911376953,54.04582595825195,7.381207466125488,19.955827713012695,2.110431432723999,9.072408676147461,2.035446882247925,5.7683186531066895,2.72190523147583,1.931760549545288,-1.3739231824874878,3.9526047706604004,3.003209114074707
section_00_source_train_normal_0566_n_A.wav,normal,0.032106004655361176,0.33129180810702874,3608.674614792236,2343.865089182216,6724.241214057508,19.464841378093066,13.168429312273469,20.36709937634306,21.59682679025385,21.783075903746564,16.774867158281857,16.352272938594222,-159.42156982421875,-4.5019850730896,-15.891839027404785,11.748738288879395,7.157123565673828,-31.09144401550293,-20.160751342773438,-4.17775297164917,6.529017448425293,6.946793079376221,20.937456130981445,1.1720536947250366,-5.90222692489624
section_00_source_train_normal_0289_n_B.wav,normal,0.03184418007731438,0.2166736346845048,2520.509024506806,2119.310395336243,5080.795726837061,19.91596103591396,10.984543478935997,13.264468036300933,14.731587057745152,14.725512708474923,15.037449675638076,15.009064682560659,-130.07965087890625,54.586761474609375,-5.516338348388672,15.502458572387695,-1.550962209701538,4.858495712280273,2.813537836074829,13.444552421569824,3.9082889556884766,2.9263744354248047,0.8715918064117432,2.2290401458740234,0.8745151162147522
section_00_source_train_normal_0576_n_A.wav,normal,0.03211125731468201,0.40529527755591055,3932.9039943405046,2344.3055584261147,6796.001397763578,15.55679362089351,14.067421703295636,21.196182423564927,20.50130357526863,20.112311068533977,16.60576993784148,16.396257242113304,-150.14341735839844,-12.0972261428833,-13.419563293457031,-3.0917563438415527,-1.2972228527069092,-16.998571395874023,-11.519027709960938,-16.39775848388672,-5.447166442871094,-1.2518658638000488,11.304194450378418,2.267003297805786,-0.21916669607162476
section_00_source_train_normal_0600_n_A.wav,normal,0.0321277417242527,0.40987700928514376,3929.9877538910514,2252.7499321181376,6645.442292332268,17.324797182187613,13.767454193178231,18.229069373599962,18.660324338035366,21.98369686920856,16.068667932472458,17.86985427908134,-155.1304473876953,-15.563982009887695,-13.008466720581055,10.189583778381348,5.849371910095215,-22.52048683166504,-13.112655639648438,-2.1361520290374756,-5.91166877746582,-1.2265002727508545,12.4286470413208,11.494722366333008,-2.071079969406128
section_00_source_train_normal_0892_n_C.wav,normal,0.031795769929885864,0.20156031599440893,2443.7712863445267,2170.322025418348,5129.8672124600635,17.1582752063684,10.940872543109233,13.266925550227766,13.634479602737432,15.450420624638811,15.301308451250822,15.770595608670332,-136.27066040039062,60.287357330322266,5.415565013885498,17.763351440429688,1.7514344453811646,12.724459648132324,-1.3892669677734375,8.568594932556152,1.5091243982315063,1.3900845050811768,-1.3516299724578857,4.6356587409973145,0.4116362929344177
section_00_source_train_normal_0087_n_B.wav,normal,0.03186528757214546,0.18790560103833867,2570.7835834407333,2294.346304981417,5520.242611821086,20.22803134513736,11.5887763833236,14.104587392018797,14.680288662267929,15.17441036351373,14.21208644119996,14.799883620563062,-141.66366577148438,56.9933967590332,9.004411697387695,11.614866256713867,5.962285995483398,9.329390525817871,-0.19522666931152344,6.063216209411621,2.104763984680176,4.940948963165283,-1.283357858657837,2.8083648681640625,3.865971565246582
section_00_source_train_normal_0882_n_C.wav,normal,0.0320306122303009,0.1300996530551118,1922.1929916877411,2081.558834864656,4530.551118210863,14.193587553568204,11.165367281528416,13.567108179920385,14.125552024269757,14.48484115588548,16.823032039346,14.43892808056721,-163.12725830078125,82.54862976074219,12.62595272064209,19.747074127197266,3.0582845211029053,8.837990760803223,-0.8553644418716431,6.714259624481201,0.40290912985801697,5.407618522644043,-1.2995315790176392,6.559930801391602,-1.1423348188400269
section_00_source_train_normal_0610_n_A.wav,normal,0.03213648498058319,0.3790154502795527,3846.9299026779745,2393.94635070519,6958.491413738019,14.791691901040092,13.764828687616266,20.043703119288924,19.211819352765378,19.972934039058874,15.580823439073768,15.865903170473292,-148.62229919433594,-7.233493804931641,-12.709269523620605,-1.425430417060852,1.121907114982605,-28.56772232055664,-23.6810359954834,-4.82220458984375,7.102975845336914,-1.4402254819869995,16.480377197265625,5.750082015991211,-2.2509024143218994
section_00_source_train_normal_0097_n_B.wav,normal,0.03200668841600418,0.14530657198482427,2028.796928387357,1923.822895735288,4107.02875399361,17.880006606941528,12.238838161397258,13.985656869172619,14.515702298644493,16.572505086494083,15.898222982953879,14.738804796210319,-151.6610870361328,75.14836120605469,-13.868343353271484,24.82368278503418,8.492899894714355,4.266478538513184,1.2140668630599976,5.017143726348877,3.455442428588867,6.19775390625,-1.6488592624664307,8.081293106079102,2.911194324493408
section_00_source_train_normal_0452_n_A.wav,normal,0.032101184129714966,0.40417831469648563,3981.0408459447217,2336.3191427829906,6776.208067092652,18.182297278889052,14.488671849282921,21.527408967274432,19.127282851471872,20.639787611829366,17.26140628968225,17.078709979059884,-155.3988494873047,-13.632862091064453,-9.565618515014648,3.393908739089966,1.3893616199493408,-20.06446075439453,-13.69410228729248,-12.7913818359375,1.8917073011398315,3.114319324493408,12.484105110168457,0.038240622729063034,-1.8333964347839355
section_00_source_train_normal_0442_n_A.wav,normal,0.032121915370225906,0.4303723417531949,3995.255387648712,2336.0942560929316,6816.418730031949,15.891424480473866,14.547364695626737,20.450142431663412,19.52122118139713,19.480377473947414,17.372992129555676,17.019260336779695,-149.48289489746094,-14.709830284118652,-11.783166885375977,0.14878252148628235,-0.8809535503387451,-18.937349319458008,-13.091537475585938,-15.843425750732422,-6.171810150146484,-2.6146650314331055,12.739880561828613,2.2400104999542236,0.01145534124225378
section_00_source_train_normal_0712_n_C.wav,normal,0.03206948935985565,0.15513147713658146,2265.403381473123,2254.241267677627,5165.809704472844,16.913181207302145,10.981110451873503,13.604834215426997,13.92055909381836,14.096467053798742,14.922448830690096,14.548456523797043,-152.2480926513672,68.33955383300781,16.37016487121582,19.200454711914062,6.646832466125488,8.647284507751465,2.5357308387756348,4.3121843338012695,0.5066299438476562,2.302743434906006,-0.033086489886045456,3.2549400329589844,0.4446200132369995
section_00_source_train_normal_0702_n_C.wav,normal,0.031908027827739716,0.1251060802715655,1910.561939721856,2055.5110518037395,4468.150958466454,18.2594512658071,11.511575318833481,14.080856106130456,13.976627534486664,14.35325605467639,16.58724408757424,14.397997338266967,-164.56398010253906,82.96818542480469,10.469152450561523,20.886219024658203,3.571549654006958,8.887094497680664,-1.3204594850540161,6.052667140960693,-0.4880008399486542,6.935019493103027,-1.7731372117996216,7.346500396728516,-0.5128552913665771
section_00_source_train_normal_0072_n_B.wav,normal,0.03173818811774254,0.14037695936501599,2135.4632944632026,2088.9985536070944,4713.084065495208,20.059433479446188,11.276924402966486,13.916758138775933,14.024491299668766,15.942810687456701,14.464088850522108,14.391724041431225,-158.79981994628906,73.25385284423828,-0.878558874130249,16.739700317382812,9.306964874267578,6.3124003410339355,0.0570327453315258,8.363008499145508,2.5305004119873047,4.881918907165527,1.2016960382461548,4.272536754608154,1.7960582971572876
section_00_source_train_normal_0867_n_C.wav,normal,0.031632211059331894,0.10677447334265176,1852.638855026881,2029.0918971725632,4310.578075079872,19.894166155005035,11.068028832503682,14.119282170492372,13.966815142481117,15.17095442269968,14.833455705190024,14.459466353771749,-175.8735809326172,86.30313110351562,6.875075817108154,18.3034725189209,5.44326639175415,8.723287582397461,-0.026400385424494743,7.418497562408447,0.9311626553535461,4.863350868225098,-1.4771026372909546,5.171050548553467,2.059922695159912
section_00_source_train_normal_0062_n_B.wav,normal,0.0316123366355896,0.19327825479233227,2396.664651252077,2169.1449615693396,5076.802116613419,17.202672848772547,12.728794006011057,13.92327708127197,14.150250139638915,16.355929817551466,15.147738605880601,14.689788675268545,-141.55723571777344,63.54327392578125,2.8662004470825195,19.03160858154297,7.15698766708374,3.6146154403686523,-1.133368730545044,6.520849704742432,2.628251552581787,0.10752575099468231,1.024408221244812,5.603885173797607,1.0581306219100952
section_00_source_train_normal_0877_n_C.wav,normal,0.03153429925441742,0.17528048871805113,2258.035677591724,2131.7099286219577,4853.933706070287,16.86122617214014,11.359036434000584,14.194997350204458,15.39183687954244,14.446424733478555,15.398339271590634,15.348388304293325,-139.1663360595703,70.01226043701172,4.859935760498047,17.64535903930664,-1.5744014978408813,2.340341329574585,1.4888077974319458,5.903713226318359,-1.4966514110565186,-1.9122649431228638,-0.2676309049129486,1.8400590419769287,-0.6241986751556396
section_00_source_train_normal_0314_n_B.wav,normal,0.031494878232479095,0.13971395766773162,2265.772335265772,2253.861786291946,5205.720846645368,19.05272026701443,11.450418760984173,13.303116608288132,14.180581322388596,14.16183991206087,14.32273317013755,14.303176617268136,-161.35403442382812,68.55989837646484,12.633624076843262,16.904836654663086,6.630728244781494,6.794424057006836,4.716590881347656,7.54712438583374,1.2379945516586304,1.8986040353775024,0.903054416179657,5.154732704162598,0.5850896239280701
section_00_source_train_normal_0593_n_A.wav,normal,0.03211347013711929,0.44745438548322686,3975.211087501581,2285.4657318396326,6689.821285942492,19.28834255667939,13.909335869752466,18.65892422077449,17.992500564576417,19.68551203184331,16.7985935131021,17.89202374224792,-144.59071350097656,-13.907405853271484,-8.204691886901855,7.896633148193359,1.749627947807312,-18.183137893676758,-13.603409767150879,-11.84410285949707,2.280308961868286,4.64582633972168,9.03789234161377,12.792101860046387,3.8752877712249756
section_00_source_train_normal_0304_n_B.wav,normal,0.03203844279050827,0.18503831369808307,2441.882617913879,2197.2868758410227,5200.479233226837,18.59201890495549,11.981495585283009,13.160560551291752,13.925414972432836,14.817879574121118,14.783276219982957,15.055117838855418,-138.36050415039062,59.034358978271484,3.4305241107940674,18.933691024780273,6.327409744262695,11.015298843383789,1.8852757215499878,3.6353280544281006,4.424790382385254,4.574458122253418,-1.993119239807129,1.927513599395752,3.5505268573760986
section_00_source_train_normal_0583_n_A.wav,normal,0.032145459204912186,0.4079457243410543,3923.9380192620674,2355.3968939322217,6793.0561102236425,16.7317995964696,14.177023812163247,21.693140061802538,20.26810183445449,20.04821096493754,16.76686275224733,16.84127137842729,-148.9555206298828,-9.920652389526367,-11.190733909606934,-1.1393935680389404,1.0610228776931763,-15.550394058227539,-9.853328704833984,-14.282670974731445,-4.217555999755859,0.36017081141471863,12.84192180633545,2.8833534717559814,1.5443331003189087
section_00_source_train_normal_0489_n_A.wav,normal,0.03212271258234978,0.3429231978833866,3770.8693530002247,2238.871099372813,6484.424920127795,16.907820496028364,13.057699215238488,19.33260054968418,18.74068369853495,22.662757303105373,16.554894337881713,17.297262826688776,-166.5218048095703,-13.788947105407715,-18.170387268066406,11.921871185302734,10.458721160888672,-23.82206916809082,-15.130724906921387,-1.5355339050292969,-0.8856741189956665,5.146744728088379,8.959918975830078,11.854874610900879,-2.622575283050537
section_00_source_train_normal_0499_n_A.wav,normal,0.032077252864837646,0.3693559055511182,3815.7599731305268,2229.2217999692216,6489.591653354632,16.694311825587462,13.48913001790955,18.808778421018598,19.13632035026743,22.03000621181013,16.502763411405308,17.269171515897632,-161.9480438232422,-16.310924530029297,-18.413570404052734,11.390615463256836,8.256572723388672,-23.976642608642578,-13.682896614074707,-2.839531421661377,-3.0966665744781494,6.728451728820801,9.97994327545166,12.676909446716309,-4.139769077301025
section_00_source_train_normal_0010_n_B.wav,normal,0.03206370398402214,0.13103565545127796,2232.4886540782604,2228.150163656108,5073.20786741214,19.056444733126934,11.889114126211059,13.808740746868677,14.144698698866884,14.965356353971286,14.795389785508158,15.595370613142624,-161.775634765625,68.40990447998047,7.854485034942627,17.893199920654297,9.345684051513672,9.151771545410156,5.407224178314209,4.812010765075684,3.174161911010742,2.2691397666931152,0.3741031587123871,4.746267318725586,3.830984592437744
section_00_source_train_normal_0168_n_B.wav,normal,0.028337081894278526,0.18188242561900958,2318.765082960794,2025.4621626808064,4739.541733226837,19.5861704584359,11.725950107365602,13.97504476795323,13.67892364022076,14.309364091453928,15.17185087256063,14.617915234738918,-157.70233154296875,61.669822692871094,-10.220376968383789,19.37042999267578,1.450899600982666,9.682955741882324,0.8291401863098145,6.137930870056152,0.9332883954048157,4.989456653594971,2.688445806503296,3.9471969604492188,0.6601966023445129
section_00_source_train_normal_0805_n_C.wav,normal,0.032062824815511703,0.13706351088258786,1983.5563291166523,2037.2605642940657,4435.128793929713,16.811076582819545,11.10940778170008,14.1111263951982,14.555792735238507,15.241675871944937,15.340937165046551,14.331749237851183,-152.45846557617188,79.87604522705078,2.441326856613159,20.509199142456055,6.127318382263184,9.96458911895752,2.702214241027832,5.39593505859375,-1.888600468635559,1.2454558610916138,-1.2463600635528564,7.766267776489258,0.9274278283119202
section_00_source_train_normal_0000_n_B.wav,normal,0.03185979276895523,0.17878893769968052,2395.145160675833,2195.7150079339626,5136.032348242811,18.362501509046808,11.723619029649118,13.26602898632174,13.888092921073502,14.542562820408481,14.818234696083872,14.9031298643733,-138.8859100341797,63.10544204711914,4.356065273284912,15.509151458740234,3.790193557739258,9.703360557556152,0.6968744397163391,4.226203441619873,4.915000915527344,5.3188347816467285,-0.39570632576942444,1.5484905242919922,4.122955322265625
section_00_source_train_normal_0815_n_C.wav,normal,0.031939078122377396,0.1206507088658147,1871.119460410996,2012.0208118251733,4279.727436102236,17.439345453670853,11.400569267858241,13.357248061471667,13.743203863664897,14.61478971540652,15.887732190771153,14.392476979995342,-164.38388061523438,84.26661682128906,5.826752662658691,22.318458557128906,5.490498065948486,8.954707145690918,1.6604371070861816,7.005881309509277,-0.8991328477859497,4.895099639892578,-2.559847116470337,4.792026519775391,-0.9959552884101868
section_00_source_train_normal_0178_n_B.wav,normal,0.030306687578558922,0.11391617162539937,2000.4737700042401,2112.393721252269,4574.156349840256,20.26112312948079,11.824122863947604,13.862997645194662,15.072541037944356,14.839700131004587,14.910533602312405,15.972425815673384,-177.0445556640625,79.75880432128906,6.54815673828125,18.904756546020508,5.4878716468811035,3.4405062198638916,3.795635461807251,5.6146931648254395,3.5799062252044678,4.191806316375732,1.7928357124328613,5.3718767166137695,2.5341527462005615
section_00_source_train_normal_0770_n_C.wav,normal,0.03173650801181793,0.20305947983226838,2501.5790909097104,2242.6585668090215,5361.621405750799,17.52244137161994,11.150885332055218,13.484962313106978,14.57006228548716,14.85973133121303,14.862589371612163,15.323097824579657,-132.27792358398438,59.8433952331543,7.8637213706970215,15.108808517456055,2.731834650039673,7.29645299911499,2.046954870223999,4.383244514465332,0.2205841988325119,0.18754135072231293,-3.2560720443725586,1.7721775770187378,0.4498867690563202
section_00_source_train_normal_0760_n_C.wav,normal,0.032041486352682114,0.131135495706869,1909.4733919567257,2079.1412019336135,4503.095047923322,14.451359752824686,11.4550696698945,13.799065240247929,14.240861213093918,14.329662797360415,17.43517560098075,14.45635444145872,-163.73858642578125,83.16649627685547,12.557411193847656,19.27191734313965,3.7678916454315186,9.469467163085938,-0.4759141802787781,6.3869099617004395,1.0351758003234863,5.816580772399902,-2.747816324234009,6.863369941711426,-1.9988235235214233
section_00_source_train_normal_0430_n_A.wav,normal,0.03212295472621918,0.40930604782348246,3937.819371349074,2252.98840016824,6654.502795527156,17.34738281186654,13.928503574056007,17.994627329396145,17.756251995052267,22.306746797892494,16.046624577408828,18.12707557168917,-157.90374755859375,-15.980034828186035,-14.025810241699219,10.998412132263184,7.22199010848999,-23.55714988708496,-13.645813941955566,-3.5958356857299805,-4.47775411605835,0.29939261078834534,10.615540504455566,9.004015922546387,-3.4496898651123047
section_00_source_train_normal_0548_n_A.wav,normal,0.03211681544780731,0.40053882537939295,3935.2621535609214,2347.881618142697,6810.802715654952,17.14360214864301,13.974538252861679,21.82580050693435,20.722745007357464,20.39043197925324,16.808002984006254,16.88130344964904,-151.6497039794922,-11.756071090698242,-12.143836975097656,-0.8070107102394104,0.6932789087295532,-16.879758834838867,-11.159417152404785,-14.384520530700684,-2.7128117084503174,0.9159590005874634,13.852364540100098,0.9589532017707825,-0.13044831156730652
section_00_source_train_normal_0420_n_A.wav,normal,0.03211541846394539,0.3695743061102236,3762.8640642487294,2238.29422182937,6608.651158146965,17.396520522266563,14.347837993869154,17.098165083857868,19.177582681682633,21.621623372342654,17.39070989749024,16.192949487916618,-149.43238830566406,-14.005517959594727,-18.850881576538086,8.145878791809082,6.269086837768555,-12.424842834472656,-21.685808181762695,-14.724573135375977,2.5000476837158203,2.654344081878662,5.722355365753174,8.341556549072266,1.933400273323059
section_00_source_train_normal_0558_n_A.wav,normal,0.03212745487689972,0.3701780276557508,3813.029713203989,2412.2507107168776,6976.862020766773,19.691482372022044,14.00350345575834,19.72108120953097,19.109328979163276,19.492025847971448,15.939119912035512,15.965602052151352,-148.19869995117188,-4.254360198974609,-10.068901062011719,0.8135793209075928,1.4608008861541748,-27.31232452392578,-20.6352481842041,-2.2501654624938965,8.852583885192871,1.5895426273345947,18.514392852783203,6.4638447761535645,0.3714505732059479
section_00_source_train_normal_0253_n_B.wav,normal,0.03200463950634003,0.18875580321485624,2367.6083718782643,2150.0228059949573,5086.536541533546,17.494992448867002,12.034100543122756,13.809754458410302,14.560706879631354,15.450742396045646,14.70648801724143,14.845228541000553,-134.49954223632812,64.08845520019531,1.540894627571106,16.063051223754883,3.854874849319458,10.184906959533691,-1.5993943214416504,6.409967422485352,1.3710169792175293,2.7357568740844727,1.0550733804702759,5.566753387451172,-1.145121455192566
section_00_source_train_normal_0243_n_B.wav,normal,0.025094062089920044,0.21969068240814696,2380.2344150680547,1931.0201353230595,4611.147164536741,17.82716132976477,11.932311827009663,14.182564833888325,14.733911833377936,15.062256043393086,16.16294620305777,15.453400382712463,-171.26437377929688,56.46499252319336,-18.074342727661133,20.5816707611084,-0.6867533922195435,9.924074172973633,-3.459235906600952,6.046360969543457,0.42663052678108215,3.3460938930511475,0.7009552717208862,2.6087939739227295,0.10576015710830688
section_00_source_train_normal_0920_n_C.wav,normal,0.03206026926636696,0.12229651307907348,1868.2235650558325,2050.9445273772535,4440.919528753993,17.450523069683474,11.437080206735912,13.59340322686598,13.636310632880837,14.267393686114646,16.932708725920328,14.451330551495433,-163.66342163085938,85.77661895751953,10.73122787475586,18.908153533935547,6.036250114440918,10.126543045043945,-2.0075228214263916,5.047212600708008,-1.2624937295913696,6.585447788238525,-2.240685224533081,4.424610137939453,-1.9926432371139526
section_00_source_train_normal_0858_n_C.wav,normal,0.025420764461159706,0.1947181384784345,2368.5702092732217,2104.596869409816,4957.36821086262,16.251336392620384,11.417415072175194,13.53958939761528,13.745873678754089,14.283670174166694,15.28501595433724,14.549553331011463,-171.35540771484375,60.1453971862793,-0.3371170461177826,21.89702796936035,4.802079200744629,8.333199501037598,-0.14366213977336884,4.743863582611084,-0.6309291124343872,3.5718963146209717,-0.30293896794319153,4.774774551391602,-1.0499392747879028
section_00_source_train_normal_0135_n_B.wav,normal,0.03160253167152405,0.1743959664536741,2263.1914640222444,2087.704137256954,4782.772563897764,18.741234482290245,11.483853291703339,13.07275099600083,14.160466644872423,15.183512120102499,15.221052754685331,14.809159118300594,-144.76141357421875,67.97390747070312,-2.0098350048065186,17.37833595275879,1.7765260934829712,6.666740894317627,3.937868118286133,5.435556888580322,2.853947162628174,4.156768321990967,0.1401711404323578,5.272221088409424,1.3147192001342773
section_00_source_train_normal_0930_n_C.wav,normal,0.03205195814371109,0.17783733526357828,2327.269469255553,2208.975295771925,5071.959864217252,17.114441927301016,11.218914625922572,13.569880872391426,14.96809121780993,14.327484961170185,15.167820319597734,15.707457963051016,-138.4781036376953,67.0995101928711,11.81719970703125,17.69129180908203,-0.3566244840621948,6.315659999847412,5.267210483551025,6.044294834136963,-3.0992813110351562,-3.611703395843506,-1.9357773065567017,3.5339159965515137,2.2601308822631836
section_00_source_train_normal_0125_n_B.wav,normal,0.028392042964696884,0.11290528903753994,1845.0390487635202,1968.0666641648495,4153.953674121406,20.003791016377782,12.128955190632032,13.681812647066385,14.264650149572972,15.962746657988601,14.790985747339587,14.545119565203601,-188.333984375,87.50852966308594,0.5792495608329773,18.64410972595215,3.6860313415527344,7.634722709655762,0.6869645118713379,8.688605308532715,2.832969903945923,3.2985098361968994,0.7350293397903442,2.951453924179077,1.7077714204788208
section_00_source_train_normal_0848_n_C.wav,normal,0.031857848167419434,0.15812044478833867,2123.699740849799,2100.599592617494,4700.678913738019,17.33673312448122,11.433720384568202,13.501634138479309,13.819056443469446,14.45317399676443,15.750882280622337,15.050241485759097,-148.37936401367188,73.86019897460938,6.219048976898193,18.951765060424805,4.686237812042236,9.852801322937012,-1.5188876390457153,3.3473668098449707,0.5296037197113037,3.8536832332611084,-0.04245782271027565,2.6426596641540527,0.23711268603801727
section_00_source_train_normal_0794_n_C.wav,normal,0.032043829560279846,0.12253987370207668,1844.3233087185774,2011.2725255747218,4265.0009984025555,17.64406790448716,11.101449429650886,13.697088727973979,14.601080384200616,15.669356972929792,16.3309512544594,14.588296498465656,-164.986328125,86.29856872558594,7.749939918518066,20.59699249267578,4.630984783172607,9.725446701049805,1.3012136220932007,7.7311224937438965,-0.7312551736831665,4.067861557006836,-3.117173433303833,5.3355231285095215,-1.1832714080810547
section_00_source_train_normal_0784_n_C.wav,normal,0.03099537454545498,0.1672948282747604,2189.761880220837,2112.1972158721746,4823.482428115016,16.34954674547512,11.454166554768644,13.596145176492806,13.612578937745365,14.771640252100951,16.149811889961942,14.805326614472598,-152.37860107421875,69.84918975830078,6.00581169128418,20.55168342590332,5.523906230926514,10.07818603515625,-1.3622626066207886,4.954601764678955,0.22300174832344055,3.839977502822876,-1.7423992156982422,4.588887691497803,-2.233198642730713
section_00_source_train_normal_0989_n_C.wav,normal,0.03190634027123451,0.1290918904752396,1938.5557648161662,2057.9756502618734,4479.832268370607,17.421691286523217,11.199527930837288,14.170070941202722,13.769314977625337,14.623529257809738,16.50243062643753,15.127586018393075,-162.4055633544922,82.69956970214844,6.989023208618164,18.668489456176758,7.265453338623047,9.905766487121582,0.28264182806015015,6.033544540405273,-2.1089773178100586,5.323707103729248,-1.1587961912155151,4.13311767578125,-0.2303715944290161
section_00_target_train_normal_0009_n_E.wav,normal,0.032055653631687164,0.0409844249201278,994.4590124491987,1508.0557106772044,2005.5411341853035,19.31814290337895,16.947539636014305,14.427537949420152,18.58819496166511,15.657064688906882,14.82362077595087,13.910784042463455,-257.87384033203125,129.06802368164062,6.597062110900879,18.48794174194336,11.387939453125,25.71038818359375,20.925535202026367,12.777169227600098,-2.396404504776001,-3.605640411376953,2.0532493591308594,7.718519687652588,3.2739381790161133
section_00_source_train_normal_0340_n_A.wav,normal,0.03211158141493797,0.4194788338658147,3957.895312067855,2346.1853052483525,6806.709265175718,18.574585148480132,14.073939857700005,20.77980757372662,19.868489110476272,19.761463536655484,17.316562832720937,16.988114360981417,-148.58116149902344,-11.349821090698242,-9.365184783935547,3.3577213287353516,2.1665163040161133,-16.181644439697266,-9.902989387512207,-13.44000244140625,-2.629854202270508,0.13648682832717896,14.564409255981445,3.1945230960845947,0.8254080414772034
section_00_source_train_normal_0350_n_A.wav,normal,0.03212716430425644,0.44585850139776356,3959.409237296453,2288.113110942126,6694.5137779552715,17.516328137196826,14.300947168121574,18.446674848650943,19.978026406368375,19.31953234564594,16.684974457074524,17.913146764724754,-144.1042022705078,-13.400735855102539,-9.881025314331055,7.225606441497803,0.8289943337440491,-19.59653091430664,-12.459259033203125,-11.940692901611328,1.4399439096450806,3.3378570079803467,7.288090705871582,11.237417221069336,4.37304162979126
section_00_source_train_normal_0515_n_A.wav,normal,0.03211966156959534,0.3325725713857827,3508.1207889635903,2143.78295088247,6316.094249201278,15.14367498225018,13.685423903461482,20.492157650142513,21.24584435076186,22.50887774323318,17.186743833686887,15.266687558938214,-159.07542419433594,-12.063547134399414,-24.736169815063477,16.077404022216797,0.6758096814155579,-18.46785545349121,-16.99640655517578,-8.904692649841309,-7.314917087554932,-2.296365261077881,18.32555389404297,4.89036750793457,-10.3862886428833
section_00_source_train_normal_0505_n_A.wav,normal,0.03213271126151085,0.40645592052715657,3930.1588261880756,2340.1194594116228,6784.8941693290735,15.32075252953845,14.112585496388192,21.220472078269275,20.021840280814384,19.946720884547055,16.665750174094452,16.532779353927225,-149.6160430908203,-12.306703567504883,-13.484026908874512,-2.8560006618499756,-1.176453948020935,-16.77178955078125,-11.4136323928833,-16.213451385498047,-5.653848648071289,-1.3903032541275024,10.602875709533691,2.36560320854187,0.12825709581375122
section_00_source_train_normal_0577_n_A.wav,normal,0.03211972862482071,0.4066212809504792,3777.7685926347135,2218.6278582287823,6482.128594249201,18.859449301209175,13.21174995517329,19.957744185928913,19.8538625649434,19.060002436150455,17.216788663554844,15.567193214770402,-141.7047119140625,-11.64195728302002,-14.30937671661377,6.122326374053955,2.701920986175537,-6.986312389373779,-7.6402201652526855,-5.129334926605225,-7.846245288848877,-2.3680002689361572,7.304904460906982,12.016792297363281,-9.832345008850098
section_00_source_train_normal_0288_n_B.wav,normal,0.030775856226682663,0.16563030401357828,2116.9496556002878,1970.2377761921719,4423.197883386581,17.548504704122198,11.830266519489717,13.665195901917295,14.310822348858482,16.47370982882691,15.44859333881451,14.73079203440005,-147.0523223876953,73.25923919677734,-10.770201683044434,20.10158920288086,5.000805854797363,7.656148433685303,-2.531264066696167,4.734958171844482,4.652130126953125,5.355343818664551,-1.5895607471466064,4.496438026428223,1.1645548343658447
section_00_source_train_normal_0567_n_A.wav,normal,0.03210816904902458,0.46428994858226835,4020.301326478146,2281.53316014502,6695.262579872205,18.789544534400967,14.388889686622147,18.46940394171422,17.24499199270579,19.357515140165905,16.732668958649004,17.92856282128323,-143.6864013671875,-14.760501861572266,-6.067126750946045,7.363415241241455,1.5817649364471436,-16.19968032836914,-14.516436576843262,-14.060833930969238,1.579461693763733,4.971444606781006,6.826677322387695,11.480226516723633,4.9438958168029785
section_00_source_train_normal_0298_n_B.wav,normal,0.03155888617038727,0.1296113718051118,1996.1195090330748,2049.471433176291,4453.699081469648,18.62709922241069,11.612996594248052,14.094788211807137,14.489380636427411,14.319137346563465,15.040019073581893,14.473147342899695,-160.25709533691406,80.21826171875,5.563170909881592,19.255752563476562,0.3441755771636963,9.193964958190918,1.2495425939559937,5.844006538391113,1.6932919025421143,3.2007882595062256,1.4222543239593506,5.942249298095703,1.7306890487670898
section_00_source_train_normal_0332_n_A.wav,normal,0.032149311155080795,0.400362544928115,3907.2121778958212,2353.1229332843363,6792.232428115016,16.869093715794246,14.032942928651286,21.46244791368905,20.931629465138776,20.08103203820525,16.51923724442309,16.68228396447447,-148.9606475830078,-9.40744686126709,-12.235788345336914,-1.8086060285568237,0.7563884258270264,-14.371895790100098,-8.922801971435547,-15.601840019226074,-3.957412004470825,0.48185285925865173,12.730854034423828,2.8438684940338135,0.8338018655776978
section_00_source_train_normal_0096_n_B.wav,normal,0.028361981734633446,0.1407014401956869,2110.956172504901,2128.0201484286217,4758.711062300319,21.1678420706614,11.96596511325186,13.973584099259824,14.235773718355672,15.00467539882451,14.580370630613407,15.102415250253975,-180.23922729492188,76.5521469116211,4.953207015991211,13.640119552612305,6.298274993896484,7.530853748321533,1.5327039957046509,6.059670925140381,1.0156018733978271,3.1526503562927246,-2.623347282409668,-0.6356774568557739,1.8365901708602905
section_00_source_train_normal_0883_n_C.wav,normal,0.03185903653502464,0.2823950429313099,2826.861786722751,2166.073141332669,5491.887979233227,17.69169887634644,11.081801366072323,13.671881892277787,14.863686876674187,14.534952810619435,15.049633900244036,15.327887925847474,-116.60984802246094,42.02250671386719,-4.008384704589844,12.909507751464844,-4.402808666229248,6.183399200439453,2.6493101119995117,9.68844223022461,5.2240071296691895,1.8984687328338623,-3.239447832107544,-0.01053831446915865,-0.18325310945510864
section_00_source_train_normal_0611_n_A.wav,normal,0.032097507268190384,0.41129817292332266,3917.5607716209274,2264.48019589239,6653.654153354632,18.98350135991233,14.045330925308228,19.24854172305063,18.86556422182018,21.25786716231694,16.01893514286865,17.50146408052921,-149.4256134033203,-14.803576469421387,-12.543848991394043,10.326031684875488,4.608780860900879,-22.9481201171875,-10.898186683654785,-1.033190131187439,-3.1195762157440186,0.028134547173976898,11.748820304870605,12.001633644104004,2.4904212951660156
section_00_source_train_normal_0086_n_B.wav,normal,0.03192836046218872,0.21497323033146964,2423.1045866576346,2088.2324410003685,4896.665335463259,19.15746839220511,11.506270562926035,13.511572375415176,14.54722523029952,14.540895717268521,15.996208647376307,14.94669201649756,-134.47230529785156,59.99824523925781,-0.6206246614456177,20.478845596313477,-2.6810550689697266,5.856365203857422,1.3842227458953857,6.580567836761475,1.6500072479248047,2.313347578048706,0.7001060247421265,0.4568276107311249,1.3333348035812378
section_00_source_train_normal_0601_n_A.wav,normal,0.032138194888830185,0.33264589157348246,3499.7711539365273,2152.2207726408733,6327.950279552716,15.950033795719472,13.890974071257828,20.6240610471938,20.947604476814714,22.478747969505815,16.90404633788475,15.15142623824312,-157.98452758789062,-10.089308738708496,-24.48714256286621,15.303426742553711,0.81927090883255,-17.48639488220215,-14.536961555480957,-7.872560024261475,-8.010115623474121,-3.850155830383301,19.226490020751953,6.262244701385498,-8.36744213104248
section_00_source_train_normal_0893_n_C.wav,normal,0.027010131627321243,0.16628238568290735,2112.53442981078,2000.4683251648735,4508.960662939297,17.80680588746921,11.28860353016191,13.46500075153191,13.968722281846828,14.60755741671842,16.026555514879444,14.615861577261166,-176.10304260253906,71.39541625976562,-3.4699742794036865,22.524188995361328,5.602020263671875,11.621728897094727,0.02551308460533619,3.8675456047058105,-1.832930564880371,4.196052074432373,-1.6078702211380005,4.618223667144775,-0.9005222320556641
section_00_source_train_normal_0942_n_C.wav,normal,0.03189116343855858,0.1422130840654952,2147.236456439715,2186.2949704667044,4989.541733226837,18.388228047445356,11.25064455861802,14.202234375675815,13.90359021665735,14.285727978330305,14.786486800802582,14.238866080411718,-157.45118713378906,73.29340362548828,12.477087020874023,19.772258758544922,7.1290106773376465,7.884286880493164,1.1597366333007812,7.691323757171631,-0.6092945337295532,4.512787818908691,-0.9338870048522949,4.194008827209473,-0.3016173243522644
section_00_source_train_normal_0157_n_B.wav,normal,0.031987763941287994,0.16331057807507987,2238.2487923924577,2131.3688219559385,4857.827476038338,18.94816219809559,11.254784615820029,13.692508076671073,13.895728374852233,15.142881810464809,15.434021208714919,15.676340257197712,-144.28941345214844,68.6805648803711,3.155029296875,17.242433547973633,3.750870943069458,10.460420608520508,-2.3971376419067383,6.423545837402344,3.15315842628479,2.0032241344451904,1.9547919034957886,3.424351930618286,3.530202865600586
section_00_source_train_normal_0952_n_C.wav,normal,0.03194842487573624,0.15403323432507987,2103.225883228151,2081.3198796753213,4618.260782747604,16.766964778386082,10.706146960440766,13.413349328310847,13.94579071092197,14.355410282456182,15.853087546778166,15.2550222731953,-147.60838317871094,74.1250991821289,3.5149948596954346,20.67359161376953,6.188127040863037,9.175639152526855,1.1349104642868042,3.575343608856201,-0.7939438223838806,2.9718029499053955,-0.04181953892111778,4.151922702789307,0.022222524508833885
section_00_source_train_normal_0147_n_B.wav,normal,0.03186500445008278,0.14126304163338657,2107.3258564709104,2045.9607027291593,4592.601837060703,19.800616136703027,10.940637058135495,13.70728541328794,13.852810289442742,15.056857321077008,15.224332211595735,14.756294360551317,-151.78274536132812,74.6301040649414,-2.448626756668091,19.058683395385742,1.8923217058181763,6.382167816162109,2.0263831615448,6.452528476715088,1.5673344135284424,5.456818103790283,-1.268721580505371,6.022254943847656,1.975652813911438
section_00_source_train_normal_0231_n_B.wav,normal,0.030774513259530067,0.21030569838258786,2507.778795320962,2138.781214986811,5046.725239616613,19.074108336403672,11.463209780778712,13.419633276825458,14.324957189121719,14.362496228430775,15.520734411379431,15.635278556468899,-139.75538635253906,56.06855392456055,1.4105439186096191,21.203815460205078,-2.8488447666168213,5.490076541900635,0.6706770062446594,7.510274887084961,2.820740222930908,-0.14568521082401276,1.560777187347412,5.621790409088135,1.0533220767974854
section_00_source_train_normal_0221_n_B.wav,normal,0.03201882168650627,0.2134537864416933,2603.677984538956,2242.359929098085,5429.987020766773,19.16723699351086,11.80327277537999,13.805350212504045,14.410311194960299,15.061284492077432,14.52103857400609,14.64060510885919,-132.9431610107422,54.55370330810547,4.8309407234191895,13.820027351379395,5.029052257537842,8.406929016113281,1.1541895866394043,5.827624797821045,3.098048686981201,4.97667121887207,-1.45554518699646,4.527207374572754,4.075899600982666
section_00_source_train_normal_0490_n_A.wav,normal,0.03212368115782738,0.3725476737220447,3781.3623878025596,2243.0404365205172,6618.53534345048,16.844028240138503,14.35180500247494,17.516238719578183,19.163063324867743,21.196968961480106,16.862815028992358,16.105835835771696,-147.1300506591797,-13.653158187866211,-14.97571849822998,11.118865966796875,5.295024871826172,-15.274225234985352,-21.484935760498047,-12.570469856262207,3.9788548946380615,2.8034703731536865,2.9340980052948,7.83853006362915,4.879063606262207
section_00_source_train_normal_0217_n_B.wav,normal,0.031809497624635696,0.19757918580271566,2396.554355679881,2092.996685320695,4941.194089456869,17.84516302809329,11.907133516397769,14.005221880272893,15.115542607852518,15.444969531529292,15.191679800351471,14.639000516397243,-138.1212921142578,60.38857650756836,-2.3240373134613037,21.826692581176758,3.00498628616333,5.940422534942627,3.206904888153076,6.877725124359131,-0.34607645869255066,1.6136637926101685,0.33668655157089233,6.8651347160339355,1.5185635089874268
section_00_source_train_normal_0480_n_A.wav,normal,0.03212713822722435,0.366451178115016,3759.2742491968515,2245.931500602187,6596.046325878594,16.64476639711668,14.070724213055199,18.1548504743071,19.73106292066068,21.419222671775245,16.031321580686726,16.069592518259025,-149.71853637695312,-12.352943420410156,-16.323280334472656,6.859674453735352,4.482652187347412,-14.179128646850586,-19.90944480895996,-15.21670913696289,1.011089563369751,5.682893753051758,5.401644706726074,4.6661057472229,3.456817865371704
section_00_source_train_normal_0207_n_B.wav,normal,0.03032599948346615,0.10126297923322684,1722.1426501435915,1891.19573267896,3785.8676118210865,23.744789108222466,11.97016642808713,13.365756282446826,13.880749472587969,14.652129505648684,14.80998952413213,14.740556232155306,-184.26971435546875,93.70594787597656,-3.508589029312134,18.811145782470703,6.249301910400391,7.991142272949219,1.7837167978286743,5.332192420959473,-0.7294101119041443,2.2682905197143555,-2.2382795810699463,-0.6609253287315369,-1.081167221069336
section_00_target_train_normal_0000_n_D.wav,normal,0.032101575285196304,0.05574674271166134,1075.9922947708703,1502.305518662444,2012.879392971246,15.981868774626282,17.14714317769334,18.502211511906005,17.69026963001796,14.923464983644687,14.94881072027156,14.459906771331545,-244.84971618652344,134.59332275390625,12.005699157714844,13.246845245361328,3.388906240463257,10.403183937072754,2.214712142944336,-7.044731616973877,-19.1993408203125,-12.031325340270996,-2.956282615661621,0.8323160409927368,-0.2438645213842392
section_00_source_train_normal_0964_n_C.wav,normal,0.03208378702402115,0.15163394818290735,2174.970410879949,2189.9761633371954,4989.941094249201,16.75360816877108,11.676418298757394,14.447791391697814,13.962832397761545,14.929441224643666,16.231576812858865,14.532924337431824,-153.2764129638672,72.32135772705078,13.305644989013672,19.068933486938477,5.761350631713867,7.441197872161865,0.04967625439167023,4.920546054840088,0.28113946318626404,5.703481674194336,-2.0162973403930664,5.585174560546875,1.3134149312973022
section_00_source_train_normal_0009_n_B.wav,normal,0.027634629979729652,0.15867892621805113,2115.421644353223,1975.9329023454752,4444.963059105431,18.114282752313805,11.247500736161754,13.554679420118232,14.069427870531563,15.61171006387611,15.174714708919497,15.47091258969436,-175.8847198486328,71.67949676513672,-12.704739570617676,12.540260314941406,2.1534953117370605,8.298298835754395,3.5342273712158203,7.067296028137207,2.2205657958984375,3.119611978530884,1.3217374086380005,3.5613818168640137,2.5624582767486572
section_00_source_train_normal_0171_n_B.wav,normal,0.03164411708712578,0.12550700129792333,1916.8938173609276,1974.6220708099638,4252.146565495208,18.52504415467702,11.847960208277694,13.872105891844564,13.779943767036672,15.127412189465828,14.945166186293164,14.388255684053753,-157.5989227294922,84.80093383789062,-3.1118156909942627,16.813045501708984,3.583347797393799,7.684292793273926,-0.08703561872243881,7.590489387512207,0.9100622534751892,4.2010579109191895,0.2829805910587311,5.343416213989258,0.92731773853302
section_00_source_train_normal_0019_n_B.wav,normal,0.03193437680602074,0.23529696236022365,2648.699438735133,2205.371998335851,5389.95107827476,18.884193127918397,12.653732136260551,14.148139810229937,14.14393277087174,14.41050232704373,15.163171867822212,15.32330296634403,-128.0238800048828,52.016876220703125,4.428869724273682,16.888505935668945,-0.11701735854148865,6.697587966918945,2.3064732551574707,8.165509223937988,-2.2525131702423096,-1.1904799938201904,0.5429895520210266,1.1487172842025757,3.0899524688720703
section_00_source_train_normal_0974_n_C.wav,normal,0.03202015534043312,0.13399966303913738,1977.491419827355,2096.5479853055226,4612.7196485623,14.381223138829204,11.503223611456278,14.720348261016916,13.93549033401715,14.452595143604416,16.660587851270417,14.39134380256807,-159.63536071777344,79.99944305419922,11.755127906799316,20.134765625,3.7389614582061768,9.143865585327148,-1.1552506685256958,5.833858013153076,0.8398946523666382,6.035879611968994,-2.146843194961548,6.039804458618164,-1.2150861024856567
section_00_source_train_normal_0161_n_B.wav,normal,0.028297869488596916,0.17196236022364217,2257.1928588913543,2038.4198212765016,4676.193091054313,18.845041731302867,12.038969830225932,14.194897221818897,14.292690382216827,15.887499782649583,15.244056086113849,14.717525756562226,-166.14593505859375,64.838623046875,-4.78411865234375,21.215900421142578,4.72005558013916,8.561519622802734,-2.594209909439087,4.271071910858154,4.900135517120361,8.403815269470215,1.164539098739624,3.4776315689086914,3.2369048595428467
section_00_source_train_normal_0769_n_C.wav,normal,0.03164598345756531,0.14300712609824281,2010.6246571891143,2051.6755785613614,4485.548123003195,16.900249478525787,11.532694122634002,14.068013358545956,14.540860143590313,15.327853801704043,15.35398862302491,14.738285595530805,-157.640625,78.66007995605469,4.527337074279785,19.56671142578125,6.729033470153809,10.814652442932129,1.410723328590393,4.419329643249512,-0.3728359341621399,1.094344139099121,-1.2996047735214233,5.313904762268066,0.5659276247024536
section_00_source_train_normal_0779_n_C.wav,normal,0.03207991272211075,0.1259157223442492,1910.979287540002,2049.566015330966,4410.143769968051,17.54791128439566,11.238350546511041,14.357451740615476,14.937561427904317,15.713521555838494,15.629242630131069,14.475933604948148,-160.20411682128906,83.58150482177734,6.399018287658691,19.521440505981445,7.469644069671631,9.22860336303711,1.5412297248840332,6.994681358337402,-1.4048455953598022,0.3634640574455261,-1.4713388681411743,8.725687980651855,0.17575345933437347
section_00_source_train_normal_0637_n_A.wav,normal,0.03211245685815811,0.39164212260383385,3743.063096625376,2241.867119827151,6498.901757188499,16.38752683030615,13.089304874331544,18.178907153482804,20.212472424230107,21.121807289925115,15.822742586974565,16.983164623866838,-145.10382080078125,-8.267576217651367,-13.1227445602417,9.219637870788574,-0.8311449885368347,-20.47746467590332,-12.393976211547852,-7.462972640991211,-10.224169731140137,5.681670665740967,12.408330917358398,4.45197057723999,-5.21028470993042
section_00_source_train_normal_0627_n_A.wav,normal,0.032121334224939346,0.3374163837859425,3535.955749661961,2157.9956251694953,6345.721845047923,16.403660260410582,13.698377840674429,20.575221522871903,21.28972637557043,22.425136014022275,17.039664146490683,15.28254762386456,-157.0342254638672,-11.541849136352539,-22.086528778076172,16.850975036621094,1.144204020500183,-16.686275482177734,-16.29043197631836,-9.718252182006836,-6.577071189880371,-3.061134099960327,19.730712890625,5.3958024978637695,-10.796038627624512
section_00_source_train_normal_0429_n_A.wav,normal,0.03210975229740143,0.45019063248801916,3959.049030322453,2277.9472397199197,6690.270567092652,16.547834279793907,14.129539204804452,18.715656180753076,20.12006373423077,19.400654524340425,16.56679105615159,18.180072530588976,-145.05613708496094,-13.830168724060059,-12.032052993774414,5.495667934417725,-0.42696160078048706,-18.280038833618164,-11.470850944519043,-13.494789123535156,0.23839397728443146,3.0147202014923096,7.349665641784668,11.099584579467773,3.7721333503723145
section_00_source_train_normal_0551_n_A.wav,normal,0.03208363801240921,0.3786566493610224,3794.093758753652,2215.617065408955,6478.559305111821,16.319839328058574,13.038947416315173,18.638513223850797,19.301504872333826,21.30509046620621,16.62822773840825,17.11816192826164,-155.9283905029297,-16.119314193725586,-19.74412727355957,11.94758415222168,6.101340293884277,-23.100496292114258,-13.358025550842285,-5.041290760040283,-3.6801795959472656,5.215392112731934,9.587227821350098,12.241769790649414,-4.453921318054199
section_00_source_train_normal_0439_n_A.wav,normal,0.032115042209625244,0.46523219099440893,4028.9006565026434,2276.063166391661,6703.599241214058,18.22663441529684,13.791938505577692,18.85018237694343,17.488176030389937,19.191353564655397,16.797982882933063,17.72431255423558,-144.38009643554688,-15.957804679870605,-6.261976718902588,6.605105876922607,0.4587081968784332,-16.75849151611328,-16.595510482788086,-15.2592191696167,1.331619381904602,6.254359722137451,6.418332099914551,10.192395210266113,4.574016571044922
section_00_source_train_normal_0541_n_A.wav,normal,0.03211678937077522,0.42469392721645366,3876.4768337864843,2241.2209555401064,6575.5541134185305,16.113434311568337,13.383345986731298,20.48605961632805,19.12018088971196,17.48086036552583,17.331918217205775,15.27044617095191,-140.114501953125,-13.205613136291504,-10.975796699523926,0.13001254200935364,-3.573312282562256,-9.100632667541504,-10.878935813903809,-8.944401741027832,-6.261253833770752,-1.846386432647705,8.007704734802246,10.714837074279785,-11.136143684387207
section_00_source_train_normal_0366_n_A.wav,normal,0.03211234509944916,0.41965979432907347,3859.728493464453,2232.836294920018,6522.938298722045,16.33878193297056,13.325491219860723,19.838573392926047,18.63668383324752,18.88318604463626,16.862951502046723,15.82811682471978,-139.86032104492188,-12.830078125,-13.420553207397461,1.5553120374679565,-2.3117215633392334,-11.106807708740234,-9.398506164550781,-6.361130714416504,-8.631710052490234,-4.950188159942627,5.533976078033447,11.390371322631836,-9.22269344329834
section_00_source_train_normal_0376_n_A.wav,normal,0.032104477286338806,0.4071048821884984,3908.962534066318,2267.9898910771826,6648.836861022364,18.030373690443437,13.727308585649945,18.041801220908695,19.681596142369887,21.966448689676294,15.864879055324748,17.77852494897487,-153.01638793945312,-13.4758882522583,-11.941489219665527,10.093598365783691,6.467410564422607,-21.299861907958984,-10.831125259399414,-0.8445189595222473,-5.563570022583008,-1.4279413223266602,12.887042045593262,13.61417007446289,1.2915091514587402
section_00_source_train_normal_0533_n_A.wav,normal,0.03211658447980881,0.4002299445886581,3767.046292140116,2236.4198444548642,6504.992012779553,17.584783645922084,12.997513964658209,17.103684837983252,16.996582500193018,20.76248617871136,16.266127986593027,16.830807230748086,-141.63853454589844,-8.71724796295166,-13.14745807647705,9.95809555053711,0.3082904517650604,-21.35382652282715,-12.132389068603516,-2.147336721420288,-6.989346027374268,2.6494858264923096,11.01308536529541,5.689856052398682,-3.746372938156128
section_00_source_train_normal_0523_n_A.wav,normal,0.032122135162353516,0.44835606779153353,3963.4208869879126,2286.630589771877,6690.4452875399365,18.941421305294295,13.827965261975889,18.387793320739938,19.01605124657689,19.48364471290133,16.97456014955345,17.625566616472014,-143.85055541992188,-13.615943908691406,-9.23908805847168,7.249259948730469,0.9950742721557617,-17.852659225463867,-12.074100494384766,-11.579689979553223,2.1400208473205566,4.629558086395264,7.697600364685059,12.229568481445312,4.298030376434326
section_00_source_train_normal_0655_n_A.wav,normal,0.03210937976837158,0.4503107527955272,3977.436125639674,2288.235396647085,6696.66034345048,19.384433777973136,13.838078329193657,18.39566793309511,19.130495919535544,19.471945659503977,16.807239538230462,17.657547543508286,-143.4722442626953,-13.49603271484375,-8.144096374511719,7.238943576812744,1.3162610530853271,-16.817703247070312,-11.399150848388672,-10.941075325012207,2.364475727081299,4.256779670715332,8.189194679260254,12.2089204788208,5.090080738067627
section_00_source_train_normal_0645_n_A.wav,normal,0.032104864716529846,0.3954547723642173,3897.3711439878175,2350.2790235246057,6790.360423322683,17.659565908205128,14.14896502470301,21.763192753299215,20.99385014481133,20.444642681448357,16.887323179577628,16.760202097449355,-150.9797821044922,-9.89263916015625,-12.879593849182129,-1.2069178819656372,1.5121461153030396,-15.429718971252441,-10.313826560974121,-14.091828346252441,-3.0025336742401123,1.0591964721679688,14.75046443939209,2.273599147796631,0.9959512948989868
section_00_source_train_normal_0673_n_C.wav,normal,0.03204737976193428,0.13579834764376997,1957.747078022716,2092.314700649747,4572.733626198083,17.19115143301564,11.359855937174606,13.73168779047269,13.854865642796751,16.356968161811373,16.64293854258114,14.184980802460869,-161.22731018066406,81.0082778930664,11.16515064239502,20.615432739257812,4.937816619873047,9.118474960327148,1.1735824346542358,5.074243545532227,0.24018128216266632,5.327255725860596,-2.751811981201172,6.538740158081055,-0.6282077431678772
section_00_source_train_normal_0663_n_C.wav,normal,0.03202648460865021,0.14729401707268372,2149.43858368987,2189.4972961468657,4925.619009584664,17.117590016346846,11.638564652861106,13.62639513369691,13.872013239770395,14.969881538484698,15.879421000758226,14.361980448026506,-152.31394958496094,73.87777709960938,11.948744773864746,18.324920654296875,8.485979080200195,7.571019172668457,0.006308509968221188,4.7303547859191895,0.2886250615119934,2.226849317550659,0.2774137258529663,3.5696592330932617,-0.6951233744621277
section_00_source_train_normal_0906_n_C.wav,normal,0.02989296056330204,0.17943477935303515,2167.091302614398,1963.0234091776608,4444.6884984025555,16.775932852233005,11.53535651925481,13.740031731399567,14.71538353196136,15.281038882556528,16.726871720689136,15.080512872756346,-158.85948181152344,67.65220642089844,-6.1017584800720215,27.348642349243164,2.2169172763824463,8.716230392456055,1.6884198188781738,7.54068660736084,-2.645641565322876,2.036029100418091,-2.81002140045166,3.7126171588897705,0.5587782263755798
section_00_source_train_normal_0113_n_B.wav,normal,0.03169393539428711,0.14040971944888178,1986.2356157503536,1887.4868492598216,3998.6771166134185,19.420796771796304,12.128894840529304,14.220291764885456,14.70170526458886,16.47554145565502,16.009090972956496,14.974652129708938,-155.89199829101562,77.22239685058594,-16.19763946533203,24.024444580078125,7.384850025177002,4.428854465484619,1.0897810459136963,6.471016883850098,3.752507209777832,7.750791072845459,-1.0841799974441528,7.291189670562744,2.1033127307891846
section_00_source_train_normal_0916_n_C.wav,normal,0.0319598913192749,0.12678308456469647,1911.115337032025,2048.713865379714,4422.074680511182,17.190821620197614,11.256843786524696,13.577185070258205,14.06882368851183,15.093002824924811,16.433498217346635,14.544456337552695,-161.05657958984375,83.64995574951172,9.003560066223145,20.817874908447266,3.8032071590423584,9.398980140686035,0.206178680062294,5.317330837249756,-0.5210430026054382,4.228513717651367,-3.2386538982391357,4.384871482849121,0.028298374265432358
section_00_source_train_normal_0103_n_B.wav,normal,0.031894464045763016,0.2608919478833866,2895.639578243688,2293.771501944023,5762.480031948882,18.3711499028459,11.655389211131025,13.78438899792232,13.89125719616575,13.912320705185746,14.719150560167837,14.80662031321343,-128.177490234375,41.24546813964844,10.379576683044434,19.10594367980957,2.7209885120391846,7.850905895233154,2.284940004348755,4.671834468841553,1.4237298965454102,1.8723832368850708,-0.509018063545227,5.603757381439209,2.8243186473846436
section_00_source_train_normal_0275_n_B.wav,normal,0.031719665974378586,0.2063432882388179,2504.2297898259494,2171.409103789352,5184.954073482428,18.014797613027337,11.708660125426668,13.833740966219793,14.16018178745645,14.515089425329316,15.15951387509609,15.06641213102264,-135.11514282226562,56.455421447753906,3.5302419662475586,19.981164932250977,1.2001731395721436,9.329643249511719,1.5468076467514038,4.6259942054748535,2.606125593185425,2.7183594703674316,-1.1267964839935303,3.8525047302246094,2.789454698562622
section_00_source_train_normal_0265_n_B.wav,normal,0.03052518330514431,0.14988986371805113,1936.3972349902376,1838.0480270783935,4017.7965255591052,21.54225538200475,12.734538398144458,13.452521776510448,13.858897336089257,15.459566269891756,15.57558888280048,15.359598821228639,-161.92921447753906,82.82286071777344,-15.423016548156738,19.146015167236328,1.2595884799957275,11.106498718261719,-4.184967517852783,7.3424763679504395,-0.7949591279029846,3.4252419471740723,-0.7462245225906372,1.0911022424697876,-1.9939292669296265
section_00_source_train_normal_0416_n_A.wav,normal,0.032086580991744995,0.3318986496605431,3482.1557117350067,2157.5245138331684,6317.317292332268,17.635222765932934,13.967867644284576,21.168142119157547,21.54642015636602,22.83537163872286,16.788798670349973,15.125518120143111,-160.18423461914062,-8.257450103759766,-22.560876846313477,16.30304718017578,2.4022440910339355,-14.799262046813965,-13.710007667541504,-7.294651985168457,-7.02101469039917,-3.1687276363372803,20.91788101196289,7.309807300567627,-8.746374130249023
section_00_source_train_normal_0291_n_B.wav,normal,0.032041601836681366,0.1711901582468051,2384.2073540506053,2216.3605594763685,5249.525758785942,19.232150680872802,11.87908865432185,13.600024097583528,13.769409483473611,15.080351598140124,14.561380975321345,14.813864969846016,-142.82826232910156,63.2879638671875,4.9220871925354,15.60807991027832,7.0295915603637695,9.494464874267578,1.3085541725158691,4.21367073059082,4.568889617919922,6.304119110107422,-1.5165802240371704,3.0682029724121094,3.0359978675842285
section_00_source_train_normal_0406_n_A.wav,normal,0.03211266174912453,0.4150655825678914,3942.935218204646,2266.351551039619,6658.14696485623,17.942886379467335,14.26777013591569,19.392926320296326,19.484135087047825,20.71409807091062,15.987141258945863,17.75603335212219,-149.18748474121094,-15.299321174621582,-11.813796043395996,9.120223045349121,4.28185510635376,-22.582138061523438,-12.280675888061523,-2.8719840049743652,-4.216316223144531,-0.4934634864330292,9.918956756591797,12.133025169372559,3.647252321243286
section_00_source_train_normal_0281_n_B.wav,normal,0.030179033055901527,0.14375592801517573,2115.6952022353576,2111.0202303341025,4714.531749201278,19.122504718985486,11.712316873502932,13.451052594738643,14.619349777287644,15.324972902563927,14.985423842975708,15.01540091132975,-162.623779296875,75.40326690673828,4.957819938659668,18.504039764404297,2.107194662094116,5.291165351867676,1.6570483446121216,6.664029598236084,2.1792266368865967,2.470217227935791,0.6014175415039062,6.3889970779418945,1.617628812789917
section_00_source_train_normal_0756_n_C.wav,normal,0.03192687779664993,0.12454603883785942,1871.5216506482511,2038.6613564833976,4389.6515575079875,17.54161342943223,11.643398486539068,13.76291323238112,14.259727884901526,14.434726073549232,17.158084682647782,14.286970692086465,-164.36050415039062,85.40658569335938,9.622968673706055,19.917797088623047,3.7095835208892822,8.98631763458252,-0.013799283653497696,6.222978591918945,-1.08711838722229,5.306283950805664,-3.485769748687744,5.735735893249512,-0.836845338344574
section_00_source_train_normal_0746_n_C.wav,normal,0.03197721019387245,0.16790478983626198,2327.960785610225,2225.7706888100965,5218.4754392971245,17.358429562174493,11.184936695946497,13.664546905239076,14.397172054813907,15.05490701431004,15.054964447944984,14.860820649015213,-149.68719482421875,65.25782775878906,11.71437931060791,20.615161895751953,7.3643903732299805,8.503129005432129,1.7564283609390259,7.3446784019470215,-1.069946050643921,3.736412286758423,-2.758538007736206,3.582205295562744,1.434802770614624
section_00_source_train_normal_0608_n_A.wav,normal,0.03211408853530884,0.40882088658146964,3942.4103800945604,2353.823725137498,6810.428314696485,17.66286815932084,13.957597404318177,21.3167207881254,20.389990017012394,20.023833030669017,16.852162590629383,16.742358847974128,-150.16835021972656,-10.864310264587402,-11.424077033996582,-0.9342568516731262,1.0174545049667358,-16.32781219482422,-10.085999488830566,-13.978827476501465,-3.481586456298828,0.35155946016311646,13.857019424438477,1.967210054397583,0.8211871981620789
section_00_source_train_normal_0618_n_A.wav,normal,0.032130878418684006,0.41786578973642174,3970.479985922215,2261.68107818875,6672.623801916933,16.203475703687904,13.609177271955286,17.958511580123577,17.289651899075146,21.745201724333473,15.933338740393449,18.11327589712707,-155.13658142089844,-16.70679473876953,-12.698864936828613,11.191943168640137,6.555935382843018,-26.315439224243164,-14.051422119140625,-3.140000820159912,-6.663806438446045,-1.1958433389663696,10.201983451843262,10.363819122314453,-0.6063686013221741
section_00_source_train_normal_0697_n_C.wav,normal,0.032014086842536926,0.1724210013977636,2261.938982466694,2149.456961766289,4917.806509584664,18.604242996635755,11.45580416040651,13.240899346286842,13.775114523524522,14.437908224371153,15.767438937016534,15.55325147352248,-139.3805694580078,68.1214828491211,6.054687976837158,19.05952262878418,2.7984163761138916,8.991960525512695,2.503661870956421,4.535467147827148,-0.2679350674152374,0.3051951825618744,-3.429429769515991,2.905329704284668,0.6795291900634766
section_00_source_train_normal_0687_n_C.wav,normal,0.0319259911775589,0.15819844498801916,2166.7071791440926,2133.952947048477,4829.223242811501,17.11672538160248,11.187964144650355,13.789111223204998,13.867362012811542,14.181585576140934,15.54227560480183,14.569499842079681,-149.19381713867188,71.9106216430664,6.818153381347656,21.00992202758789,7.420357704162598,8.12979507446289,2.7475876808166504,4.758182048797607,-2.4406700134277344,2.9317779541015625,-1.3917663097381592,5.039000988006592,0.16556303203105927
section_00_source_train_normal_0036_n_B.wav,normal,0.03201143071055412,0.18611783646166133,2563.6835667223945,2252.7199022974683,5425.2196485623,18.793078628599016,11.35579787515022,13.755293684835594,13.741668444531491,14.195895854872004,14.515459305398354,14.73149123178927,-142.75811767578125,53.58156967163086,6.810726165771484,18.195337295532227,5.84188175201416,9.5602388381958,0.7483320832252502,6.071852684020996,3.846975326538086,6.076273441314697,1.176272988319397,2.3420608043670654,4.26489782333374
section_00_source_train_normal_0823_n_C.wav,normal,0.03194880858063698,0.13258005940495207,1976.5380172204548,2064.734593666812,4557.757587859425,17.045046296786797,11.200008650329703,13.88646538852634,13.923146228722672,14.751843461908987,15.653173594856883,14.495503699298926,-160.02491760253906,79.77488708496094,8.702981948852539,21.507919311523438,4.0940165519714355,11.397154808044434,0.09357322007417679,6.949270248413086,-0.550645112991333,5.177445411682129,-2.860050916671753,5.292196750640869,-0.3225434124469757
section_00_source_train_normal_0026_n_B.wav,normal,0.03163985162973404,0.2717058955670926,2764.603541884815,2123.6293190092656,5341.104233226837,16.3712735001383,11.741375977195974,13.64131551119983,14.477448453095025,15.073875652673026,15.758148937253862,15.219425661492691,-123.4378890991211,43.159114837646484,-3.5365240573883057,19.05202293395996,-1.3283648490905762,10.682340621948242,-1.4383474588394165,3.3548007011413574,4.699077606201172,2.75309419631958,-2.9012913703918457,4.709061145782471,-2.4287972450256348
section_00_source_train_normal_0833_n_C.wav,normal,0.03126562014222145,0.18878544329073482,2262.8007547051384,2007.0062275016696,4627.645766773163,17.877149802619858,10.892715011585077,13.474268437451688,13.683166649573513,14.573580081263557,15.766539592840635,15.285413281270596,-142.0030517578125,63.55424499511719,-8.050071716308594,23.08449363708496,5.161921977996826,11.73287296295166,0.2578222155570984,2.217623472213745,-0.3321678042411804,6.66452169418335,0.4156213402748108,4.067134380340576,0.3759799897670746
section_00_source_train_normal_0228_n_B.wav,normal,0.03164234757423401,0.16026077026757188,2104.0735170246257,1964.9966142528851,4366.239017571885,19.175304930335244,11.922143580569257,13.972207325281387,14.14745513600521,16.86367864966406,15.30794077340425,14.939804829983723,-147.17144775390625,73.08951568603516,-12.226693153381348,19.044086456298828,6.619081974029541,7.647881507873535,-0.5599172711372375,5.473361968994141,3.3152449131011963,4.138951778411865,-3.533100128173828,7.13460111618042,4.993384838104248
section_00_source_train_normal_0238_n_B.wav,normal,0.031840164214372635,0.37738992611821087,3471.7041657303444,2357.4207466668304,6375.648961661342,17.274709808308604,11.619591575151698,13.215845752608873,13.709626013717157,13.980644526640152,14.083283513586139,14.350089212748838,-119.31806945800781,19.8665828704834,8.032222747802734,9.226299285888672,5.15430212020874,6.355159759521484,2.871800422668457,4.385998249053955,0.4075073301792145,3.341965675354004,2.338883876800537,4.437134742736816,3.7505927085876465
section_00_source_train_normal_0382_n_A.wav,normal,0.032148946076631546,0.3428639177316294,3739.581315293554,2226.3099439248654,6467.027755591054,16.59210297188743,13.065302629314688,18.68344211891024,18.743621916170788,22.72999692380193,16.700084693608492,17.355695711106236,-165.78305053710938,-12.588415145874023,-18.616491317749023,13.282103538513184,9.91501235961914,-23.26014518737793,-12.865212440490723,-1.2095961570739746,-2.185429096221924,4.746614456176758,8.186624526977539,12.568360328674316,-3.133657693862915
section_00_source_train_normal_0392_n_A.wav,normal,0.03211243078112602,0.36173060603035145,3781.5136859754143,2222.1844167614013,6460.962460063898,17.459967739562586,13.004595918625139,18.72388515275796,18.709624071870138,22.301149906079125,16.653717636021774,17.61600675539404,-162.8046112060547,-14.781147003173828,-16.96410369873047,14.985648155212402,9.98823356628418,-22.422340393066406,-13.126428604125977,-0.4813302755355835,-0.6623430848121643,7.744502544403076,9.94196605682373,13.191783905029297,-3.149733066558838
section_00_source_train_normal_0322_n_B.wav,normal,0.03192810341715813,0.1367327900359425,2015.3417083020884,2016.7759916714947,4403.6791134185305,18.156115664936074,11.288834346042302,13.552455044495744,13.933076617660113,14.840654230710207,14.705714363372437,14.225752359365778,-149.94772338867188,79.5246810913086,-2.9678521156311035,18.537519454956055,3.6034114360809326,6.421812057495117,1.3315184116363525,6.037555694580078,0.8579756617546082,3.232257604598999,1.2072337865829468,4.418687343597412,0.2654755413532257
section_00_source_train_normal_0054_n_B.wav,normal,0.03197190910577774,0.14978534345047922,2152.339065229558,2089.8755608689044,4705.770766773163,18.74093390648322,11.439630817024025,13.62421335742603,14.031082649134616,15.576774310235013,15.008105731618379,14.563312938225538,-149.671630859375,72.94148254394531,1.2685332298278809,15.410107612609863,3.3249223232269287,12.865617752075195,-0.43239545822143555,5.159913063049316,2.926347255706787,2.9658970832824707,0.12616512179374695,6.7042694091796875,0.9294573068618774
section_00_source_train_normal_0939_n_C.wav,normal,0.0316818542778492,0.09796357078674121,1721.9641753400151,1966.1151330035393,4038.438498402556,19.69359649909886,10.857072401191678,14.123364572244977,14.280580781957536,15.648505451178483,16.453239081564877,15.143752061710693,-182.090576171875,92.17150115966797,6.725381374359131,18.32176971435547,5.459530353546143,9.175949096679688,-0.541264533996582,7.836731433868408,1.1105316877365112,4.330930709838867,-2.5671281814575195,7.238605499267578,1.4528348445892334
section_00_source_train_normal_0841_n_C.wav,normal,0.03170459344983101,0.18313822883386582,2286.5921049705657,2116.331074177092,4876.248003194888,17.77590026015602,11.225960166086928,13.680820258426495,14.803888197726558,14.948510064493147,14.955736103207483,15.066878825345546,-139.18992614746094,68.32106018066406,3.3405842781066895,17.78363609313965,0.2974812686443329,5.668615341186523,1.9873263835906982,8.965065956115723,1.2153295278549194,-1.9190640449523926,-3.890235424041748,3.0654098987579346,0.059015486389398575
section_00_source_train_normal_0929_n_C.wav,normal,0.029914533719420433,0.20024523262779553,2361.3039129522485,2117.6079394010194,4946.835063897764,17.43643071439104,11.167917087430666,13.726242766186896,14.981293114142062,16.06599974440461,15.70679678914637,15.92176948071816,-145.6540985107422,62.942718505859375,0.9457262754440308,19.103763580322266,2.854426383972168,6.571020603179932,1.8068207502365112,3.5677642822265625,0.00583468284457922,-2.0479133129119873,-3.1411502361297607,5.6185784339904785,1.842064380645752
section_00_source_train_normal_0044_n_B.wav,normal,0.02748592384159565,0.11446061301916934,1953.172436677728,2101.0641189220387,4463.084065495208,21.874946094152666,11.776241175809814,13.726157313429413,13.952036215593129,14.304556125796884,14.56994212938162,16.31179368332359,-201.5289306640625,83.1061019897461,6.602123260498047,17.146987915039062,7.477542400360107,4.9563775062561035,4.7706451416015625,4.749868392944336,1.6736023426055908,1.8236479759216309,1.0456138849258423,1.1882866621017456,1.2354960441589355
section_00_source_train_normal_0851_n_C.wav,normal,0.03194970637559891,0.12557252146565495,1941.6171233241819,2068.098176074655,4493.260782747604,17.396229168345453,11.414801482799803,13.600417230098557,14.154307221578252,14.502753734629913,15.417396450989447,14.532938624814582,-162.41909790039062,81.27218627929688,9.622895240783691,21.49323081970215,5.042699813842773,10.541419982910156,1.1336634159088135,6.941165924072266,0.009772181510925293,3.2258028984069824,-2.3320460319519043,4.157679557800293,-0.8971105217933655
section_00_source_train_normal_0980_n_C.wav,normal,0.031599123030900955,0.14515213158945686,2076.581589817225,2093.0636805122313,4623.826876996805,17.957924464220085,11.332329971988656,13.256205825591467,14.102480532807629,14.244381602108138,15.341640746586455,14.75748529167621,-154.37245178222656,75.34490966796875,4.047109603881836,18.97445297241211,6.101185321807861,10.394148826599121,3.465524673461914,3.0188307762145996,-1.1788403987884521,2.9445860385894775,1.5308536291122437,3.700495719909668,-0.5411766171455383
section_00_source_train_normal_0195_n_B.wav,normal,0.032003678381443024,0.1789090580071885,2341.3496463421016,2127.7042823695024,4921.750199680511,19.4048706792993,11.797333053689641,13.549333468406688,15.215739735423739,15.992858051629518,15.606393340456009,15.174051593183892,-141.22598266601562,63.264427185058594,-0.6348341703414917,16.441633224487305,1.569061040878296,12.763284683227539,2.1019701957702637,6.317220687866211,3.64907169342041,4.567185401916504,2.347733974456787,2.9334611892700195,2.644847869873047
section_00_source_train_normal_0185_n_B.wav,normal,0.03189512714743614,0.1376953125,2132.214883126945,2069.5037709021226,4666.708266773163,20.260833613705156,12.365878919991125,13.906732754250232,14.261219982466535,14.65925287173643,14.765211770284344,14.541882482774014,-155.3473663330078,72.27255249023438,1.5310291051864624,20.379087448120117,1.0664966106414795,9.61760425567627,0.6686651706695557,8.084424018859863,0.8452677130699158,3.0937628746032715,0.8579279780387878,7.0360798835754395,1.6814182996749878
section_00_source_train_normal_0734_n_C.wav,normal,0.03201299160718918,0.1481473392571885,2134.233520253068,2158.56928523968,4882.488019169329,16.994516236006827,11.374635179795716,13.87468409538548,14.335879458924362,14.789803524845361,15.492241517933424,14.312595015555402,-149.66665649414062,74.38616943359375,8.313677787780762,16.237485885620117,7.103677272796631,10.140921592712402,1.4305238723754883,3.234114408493042,-0.41532474756240845,3.4724245071411133,0.5219044089317322,6.454089164733887,-0.9670621752738953
section_00_source_train_normal_0724_n_C.wav,normal,0.03200666233897209,0.203521241014377,2453.1929358744214,2184.5538173167297,5132.887380191693,18.260432840338414,11.299951642388832,13.60823912017463,14.037411170444003,15.461275120722348,15.446683183719568,15.687167282080356,-135.31072998046875,60.371891021728516,5.976332664489746,17.44036102294922,1.9947181940078735,10.107247352600098,-1.4299683570861816,10.987598419189453,-0.0322067029774189,1.5269864797592163,0.21084360778331757,2.1702606678009033,2.4426865577697754
section_00_source_train_normal_0359_n_A.wav,normal,0.032114237546920776,0.35664499301118213,3788.484850002386,2223.166088716947,6476.063298722045,15.88479382520472,13.32833281242996,18.48041309838724,19.15125177693489,22.445632147253022,16.624039839231376,17.516198312206573,-165.4395294189453,-15.800671577453613,-19.379758834838867,12.707624435424805,9.497364044189453,-24.951459884643555,-13.336831092834473,-2.230370283126831,-2.8733997344970703,5.4717512130737305,8.526420593261719,13.267438888549805,-5.391321182250977
section_00_source_train_normal_0349_n_A.wav,normal,0.03213470056653023,0.41327937799520764,3963.529240861708,2353.2382088980967,6828.075079872205,15.594778405728524,13.987787991225867,21.337686302045437,20.052933344791928,19.895752194365286,16.69567522665871,16.900782932392662,-150.52720642089844,-12.590840339660645,-12.763813018798828,-2.026414394378662,0.07810240983963013,-18.884973526000977,-12.158576011657715,-16.503721237182617,-5.3504958152771,-0.883341908454895,11.573805809020996,0.9267825484275818,-0.41555219888687134
section_00_source_train_normal_0474_n_A.wav,normal,0.03210899233818054,0.4209592776557508,4005.242458802511,2323.229553254293,6768.844848242811,17.873960268241852,13.768112731825887,21.40353557452298,18.809573325071803,20.24597811706822,17.263718221797262,17.154613967994575,-154.22825622558594,-15.258021354675293,-9.84395694732666,4.164317607879639,0.5448088645935059,-19.755128860473633,-13.931032180786133,-13.592826843261719,1.0356276035308838,2.3502414226531982,12.806557655334473,0.4875031113624573,-1.15072762966156
section_00_source_train_normal_0464_n_A.wav,normal,0.03211631253361702,0.3724525134784345,3761.4503751130533,2232.350262877365,6593.101038338658,16.145754612116338,14.082322687651681,18.090112582184826,18.99856822941139,21.660050207712256,16.492215432761395,16.40901480707168,-149.81504821777344,-13.918474197387695,-17.016481399536133,9.001408576965332,5.2665019035339355,-15.27593994140625,-21.925687789916992,-13.12230110168457,1.6024746894836426,4.2503581047058105,5.54455041885376,5.950596809387207,2.279637336730957
section_00_target_test_normal_0006_n_D.wav,normal,0.03205929696559906,0.05073600988418531,986.5491859911737,1441.209699630715,1762.3302715654952,18.049321561761065,16.817219796691102,16.502783973528658,16.329542175446463,14.763476032304027,15.10930451796401,14.450939547288352,-253.19044494628906,140.49098205566406,12.298685073852539,13.95761489868164,4.126455307006836,12.15683650970459,6.287019729614258,-5.757672309875488,-13.83714485168457,-9.609039306640625,-3.5833752155303955,0.32484883069992065,-0.023857103660702705
section_00_target_test_normal_0016_n_D.wav,normal,0.03207148239016533,0.05468906000399361,1067.7400938713183,1485.8489926635216,2004.9171325878594,17.013720514080447,16.023354314791387,18.215749104793098,16.951520677214898,14.740032901089585,14.955171158558823,14.34446708655677,-243.01727294921875,135.371826171875,10.381168365478516,14.893994331359863,4.204252243041992,9.85585880279541,3.359940528869629,-8.469115257263184,-19.738191604614258,-10.261883735656738,-3.0411317348480225,-0.26515811681747437,0.6462319493293762
section_00_source_test_normal_0047_n_C.wav,normal,0.032075345516204834,0.14284332567891375,2139.034280075925,2202.4401254750906,4959.290135782748,17.06643418443511,11.348941919929137,14.012241940198427,14.31464870471371,14.598632792012292,15.306202135753729,14.481062147655196,-154.87420654296875,74.10493469238281,13.856562614440918,18.49519920349121,6.391106605529785,7.915528774261475,1.9122673273086548,4.11732292175293,-0.6234011650085449,1.9525115489959717,0.12241604924201965,4.723752021789551,0.6036176085472107
section_00_source_test_anomaly_0036_n_C.wav,fault,0.03208346292376518,0.1341665834664537,2033.9799386332713,2129.66955131193,4743.135982428115,17.518390356033187,11.47455532027426,14.060982018063331,13.769253362791815,14.309750565444578,15.554479319690532,14.344170670714922,-157.7879638671875,78.2247543334961,12.376925468444824,18.71311378479004,5.360854148864746,10.599325180053711,-0.5326839089393616,5.82667350769043,-0.5778785943984985,4.42266321182251,-0.21404853463172913,6.031273365020752,-1.0331288576126099
section_00_source_test_anomaly_0044_n_C.wav,fault,0.03204651549458504,0.12906693041134185,1972.3602781899626,2085.564067801973,4556.883985623003,17.851626797105688,11.532122150428217,13.628915581533148,13.769038133099073,14.18717429265063,15.24993545651171,14.172556047726724,-158.13661193847656,81.21619415283203,8.595963478088379,18.68954086303711,5.814167022705078,10.710124015808105,0.6465339064598083,4.29864501953125,-0.7868416905403137,3.251079797744751,-0.7334463596343994,5.260139465332031,-0.4278862178325653
section_00_target_test_normal_0029_n_E.wav,normal,0.03208063170313835,0.04626035842651757,1002.2354644435386,1491.9499014087874,1989.6415734824282,18.35681130213456,17.234204487040596,14.356616910727627,19.21067324888115,15.924593310357057,15.008901365598108,14.027969807842593,-251.4797821044922,130.43768310546875,4.3345627784729,17.322511672973633,10.55089282989502,25.39866828918457,20.930727005004883,11.754171371459961,-2.4464590549468994,-4.174476146697998,0.55553138256073,7.3404693603515625,3.8428795337677
section_00_target_test_normal_0039_n_E.wav,normal,0.032039519399404526,0.042452388678115016,1040.6046481077658,1573.581682848962,2176.7172523961663,17.697840989764313,15.04350518808341,14.126062710709213,18.33258591753556,15.766189929448968,14.815896864994842,14.05216999634167,-251.91285705566406,124.08662414550781,6.935878276824951,19.003276824951172,12.263335227966309,21.584455490112305,19.685222625732422,14.667129516601562,2.159498691558838,-1.9324274063110352,2.91462779045105,9.331589698791504,6.979893684387207
section_00_source_test_normal_0035_n_C.wav,normal,0.03203193470835686,0.12703736521565495,1927.735907253157,2028.72017154976,4383.311701277955,17.30661811678804,11.03797028388989,14.210603408424262,14.336279481284581,14.987360493098835,15.366530100181437,14.426670198038876,-157.0888671875,82.1794204711914,5.298386096954346,21.07628059387207,5.2688984870910645,10.847587585449219,-0.21778182685375214,5.231564044952393,-0.6586049199104309,1.6512123346328735,-1.800236463546753,5.441363334655762,-0.0625639334321022
section_00_source_test_anomaly_0009_n_B.wav,fault,0.031477153301239014,0.1732337634784345,2308.1147591965914,2126.090087879402,4914.636581469648,19.11047683423485,12.16239633359102,14.539142003188404,14.531087159640293,14.618472222265549,14.699134482116516,14.557966240747191,-150.60940551757812,66.036376953125,2.5327024459838867,17.550132751464844,4.546985149383545,7.055792808532715,1.3696792125701904,4.463494300842285,3.0718300342559814,6.159821033477783,1.3228458166122437,5.445003032684326,1.8628039360046387
section_00_target_test_anomaly_0010_n_D.wav,fault,0.03209201991558075,0.05386069788338658,1026.1337613386438,1467.3303397087188,1913.8628194888179,18.23509838087245,16.381837765550628,18.215805436065672,17.492349835394165,14.616639918324417,14.875164393238785,14.436829506391213,-245.52548217773438,137.31719970703125,11.948640823364258,16.40517234802246,5.822682857513428,12.229032516479492,5.430983066558838,-6.638768672943115,-17.493114471435547,-9.716693878173828,-2.2141356468200684,1.139633059501648,1.298557996749878
section_00_target_test_anomaly_0000_n_D.wav,fault,0.03210216388106346,0.049614367012779555,915.6357493517017,1338.2241948104177,1497.778554313099,16.474413939494436,17.099230569561776,16.369413301419335,16.097713405725806,15.680298567380465,15.668730060366093,14.893240325714407,-266.3214416503906,151.02781677246094,11.816810607910156,8.162084579467773,4.0236005783081055,11.419708251953125,5.0984930992126465,-9.100289344787598,-14.904502868652344,-8.414643287658691,-5.699725151062012,-1.7451690435409546,-0.38073402643203735
section_00_target_test_normal_0030_n_E.wav,normal,0.032024726271629333,0.04819164337060703,1090.3799971351623,1601.9964131294837,2302.5908546325877,17.38478426106054,14.871093336614367,14.936389826582937,18.528565304478146,15.732484880991974,14.907520459008412,13.941908985700891,-242.8783416748047,123.7154541015625,7.227225303649902,19.005151748657227,10.823636054992676,19.109790802001953,18.414592742919922,14.321809768676758,1.4060862064361572,-3.9079105854034424,1.4142482280731201,7.109339237213135,6.236144542694092
section_00_target_test_anomaly_0044_n_E.wav,fault,0.032083336263895035,0.035780251597444086,1121.5486217609966,1604.0073113553724,2363.493410543131,20.199402082204607,14.306005823899017,15.483965072509672,16.041054194321454,17.41966930548688,14.864122694694005,13.988254217797241,-256.2737121582031,119.24837493896484,-0.5267836451530457,19.534021377563477,15.642757415771484,20.92596435546875,12.85745906829834,10.944647789001465,0.017011135816574097,1.647559404373169,3.9904847145080566,5.813666820526123,3.2291100025177
section_00_source_test_anomaly_0010_n_B.wav,fault,0.03202065825462341,0.12790160742811502,1980.1422083225614,1999.9957793938388,4343.30071884984,18.478572390161165,12.049324335958447,13.838981510540595,13.590454431621007,15.320584402957582,14.664918333786988,14.366147981400688,-155.4980010986328,79.40381622314453,-3.501737117767334,20.513687133789062,5.388467311859131,8.44430160522461,1.8422495126724243,7.255645751953125,1.3716319799423218,5.488327503204346,0.2163281887769699,5.091134071350098,1.9668627977371216
section_00_source_test_anomaly_0000_n_B.wav,fault,0.02124885469675064,0.15842308556309903,2162.579591087949,1988.525026931969,4535.318490415336,19.221129276921705,11.246341340972023,13.561594151355312,14.312420007597368,14.684946739712501,15.587008328874992,14.94417786863374,-217.6749267578125,69.09613800048828,-7.506130695343018,19.39554786682129,2.3441107273101807,9.526985168457031,2.2134182453155518,5.97560453414917,0.4598483145236969,5.472934246063232,-0.828312873840332,4.9309210777282715,1.0454130172729492
section_00_target_test_anomaly_0009_n_D.wav,fault,0.032071664929389954,0.04877352486022364,1018.6325502898741,1491.489340365606,1953.3746006389777,19.53029936058,18.253263524223346,17.24037158062825,16.373082030447904,14.64165512265694,14.971391062997073,14.2029757943692,-267.006591796875,131.51490783691406,11.573887825012207,18.930801391601562,10.379559516906738,19.42128562927246,6.704676628112793,-5.612536430358887,-16.647565841674805,-12.18615436553955,-5.123955249786377,0.17729999125003815,1.841182827949524
section_00_target_test_anomaly_0019_n_D.wav,fault,0.03213277459144592,0.04957380690894569,967.1252060991168,1425.4509726475885,1698.6321884984025,18.737999445272035,16.93462364658037,17.05601783021492,16.333313385763248,14.780843162852593,15.088795405411803,14.446834320823204,-256.9002685546875,141.3905792236328,12.548095703125,14.094694137573242,4.1815056800842285,12.836678504943848,6.790287017822266,-5.358011722564697,-15.088967323303223,-8.730618476867676,-2.134068012237549,0.14256486296653748,1.2049176692962646
section_00_source_test_normal_0013_n_B.wav,normal,0.031122202053666115,0.1109755640974441,2039.8133623200922,2210.6969144338113,4899.336062300319,19.67685402241851,11.351734708247873,13.925171735604644,14.993530963037301,14.75938130324964,14.215636509647714,15.854975624207981,-177.4404754638672,79.44639587402344,14.373883247375488,15.080423355102539,7.921967029571533,5.161459445953369,4.454461097717285,5.691753387451172,1.457226276397705,2.9690985679626465,1.733550786972046,5.4946064949035645,2.1691153049468994
section_00_source_test_normal_0003_n_B.wav,normal,0.03198083117604256,0.23398499900159744,2636.6807010063853,2136.889647023923,5235.997404153354,19.644185035312187,11.25514565575093,13.297059947056148,14.815118777754861,14.197295809330008,14.995443034986412,15.086744812805659,-124.77965545654297,49.14054870605469,-6.378170013427734,13.572474479675293,-4.803460597991943,3.7260613441467285,4.95994234085083,14.056782722473145,4.602487087249756,3.7716786861419678,2.826110601425171,3.0208566188812256,0.6973221302032471
section_00_target_test_anomaly_0026_n_E.wav,fault,0.03204455226659775,0.03409388728035144,984.3650907353233,1496.2046246791597,1965.2056709265175,18.969610920853622,14.084521222684021,14.75781184518717,16.65686910303078,18.16796057586181,14.730541155266202,14.35026784030167,-268.5817565917969,128.69683837890625,0.027730094268918037,17.606603622436523,16.752832412719727,22.960594177246094,14.075840950012207,12.473428726196289,2.156806230545044,3.530658006668091,3.387026071548462,6.954604625701904,3.7345871925354004
section_00_source_test_anomaly_0019_n_A.wav,fault,0.0321681946516037,0.3726662340255591,3808.91962335783,2429.6135420630235,6982.103634185303,18.410866467714804,12.084636114436616,20.058356471349093,18.60662497592771,19.506365754783438,16.041748877307793,16.10308002044952,-146.01028442382812,0.5063156485557556,-4.5142412185668945,5.074046611785889,6.451033592224121,-24.244930267333984,-18.717811584472656,-1.4238214492797852,10.463857650756836,1.4837920665740967,16.278884887695312,5.624414443969727,-1.9412747621536255
section_00_target_test_anomaly_0036_n_E.wav,fault,0.0319632850587368,0.04838508386581469,1028.4953573363239,1514.7135465041079,2042.0826677316295,16.77170021139531,17.28622414377562,14.089285474902201,18.143638227991566,19.824680762859757,15.124280284387462,14.194409000142775,-247.80555725097656,127.70182800292969,2.419949531555176,18.13875389099121,13.6917085647583,24.77305793762207,16.087867736816406,12.189716339111328,2.13097882270813,-3.6042113304138184,-3.6076226234436035,6.009373664855957,6.316429615020752
section_00_target_test_normal_0042_n_E.wav,normal,0.03189677372574806,0.04129954572683706,1051.1195219778608,1584.4994449452186,2208.6910942492013,18.086434201053237,15.52914116277701,14.63440403420396,18.34688479586005,15.937918824494563,14.824601820084586,14.172130732242596,-253.65000915527344,123.74594116210938,7.566172122955322,20.046279907226562,12.17262077331543,19.64215087890625,18.48029327392578,14.984418869018555,2.969364643096924,-2.122314929962158,2.1917073726654053,8.591296195983887,7.376173973083496
section_00_source_test_normal_0025_n_A.wav,normal,0.03211912885308266,0.3711748702076677,3769.9993337787814,2256.9296034785366,6620.8316693290735,16.26485217556854,14.517356850904266,18.480889751287542,20.157580211282966,21.26189414342562,16.296694128132852,16.201477525857506,-149.7365264892578,-12.261680603027344,-14.883589744567871,7.5762200355529785,4.7617902755737305,-13.164332389831543,-19.267738342285156,-13.573610305786133,0.9520677924156189,4.3442864418029785,5.959396839141846,5.010857582092285,5.254739284515381
section_00_source_test_anomaly_0026_n_A.wav,fault,0.032147232443094254,0.39631277456070285,3737.127184979347,2245.775269009733,6491.73821884984,16.12992195988979,13.712420413039581,17.51963854505865,19.036350453461566,20.88759216586908,15.68793460368759,16.749840710444836,-141.9950714111328,-7.417942047119141,-14.049132347106934,8.310314178466797,-0.6167210936546326,-21.606748580932617,-12.3941650390625,-5.356576919555664,-11.068745613098145,2.813448667526245,12.703505516052246,6.366098880767822,-4.49365758895874
section_00_target_test_normal_0020_n_D.wav,normal,0.03211177513003349,0.04831800369408946,1037.0612772241473,1499.0725637995918,1941.843051118211,17.68363261536417,18.68216289284405,17.54673052511091,16.504824357510678,14.706876242116325,14.801220870397364,14.181516302867735,-267.1676330566406,131.46896362304688,10.741272926330566,15.674588203430176,9.904237747192383,18.806194305419922,6.435426712036133,-8.180465698242188,-18.891218185424805,-13.274014472961426,-5.930737018585205,-1.1474205255508423,1.3355523347854614
section_00_target_test_anomaly_0018_n_D.wav,fault,0.03206123411655426,0.05049420926517572,1007.8035301093206,1431.0147118961534,1780.0519169329073,15.645911046572461,17.312748836530915,16.963941643908115,16.578016877901547,14.682004498087373,15.106082803944771,14.394083614402364,-258.3833312988281,139.79983520507812,10.341107368469238,12.530729293823242,1.9591505527496338,10.429957389831543,3.6698391437530518,-8.32302188873291,-18.04268455505371,-10.66572093963623,-4.563608169555664,-2.0295934677124023,-0.5027737617492676
section_00_target_test_anomaly_0008_n_D.wav,fault,0.032099612057209015,0.048530164237220445,872.6043097180149,1288.6324583053256,1410.692891373802,16.878164341665887,16.988658731730887,16.590171203993958,16.132868771650823,15.582214890103172,15.32726850517805,14.6577001645948,-273.76068115234375,153.84803771972656,11.236357688903809,9.637251853942871,5.229787826538086,13.215252876281738,4.686457633972168,-9.026341438293457,-16.539113998413086,-7.473299026489258,-5.085171699523926,-1.6616100072860718,-0.07356478273868561
section_00_source_test_anomaly_0001_n_B.wav,fault,0.031662292778491974,0.12105006988817892,2151.1772742034477,2248.5738320656324,5091.229033546326,20.305721596532983,11.787072875056126,14.321336814189781,14.792869514525737,15.661739387485104,14.342864340745995,15.785822554272071,-173.3273468017578,73.2491226196289,14.616220474243164,17.40230941772461,9.507575035095215,5.697942733764648,4.880792140960693,6.026847839355469,0.32436805963516235,3.2384884357452393,2.395061731338501,5.64485502243042,3.603358745574951
section_00_source_test_anomaly_0011_n_B.wav,fault,0.0318392738699913,0.1601125698881789,2059.8381551526913,1906.3915541858275,4163.213857827476,18.759068467835792,12.158965218619203,13.076425569956877,14.082303580751322,16.849302692030754,15.53628255905406,14.650370217890119,-145.22804260253906,74.48664855957031,-17.307870864868164,21.041471481323242,8.070716857910156,7.837719917297363,0.4730699956417084,7.273307800292969,3.9735500812530518,2.602447032928467,-3.1465256214141846,5.8197197914123535,3.930086374282837
section_00_target_test_anomaly_0045_n_E.wav,fault,0.03206123411655426,0.052675094848242815,1155.7643879239286,1638.3524740727137,2496.530551118211,16.614455578034192,13.631753617303342,16.272019793701674,18.67064990295393,18.03049497734778,15.210797182074431,14.479271513809863,-232.63243103027344,120.80902862548828,6.37172794342041,22.36317253112793,11.7908296585083,14.640769958496094,14.371674537658691,13.113658905029297,-0.5817613005638123,-7.187121868133545,-0.17353592813014984,7.356945991516113,2.5759971141815186
section_00_target_test_normal_0031_n_E.wav,normal,0.03207971900701523,0.048188523362619806,1025.574388049066,1499.3612884571342,2021.2659744408945,16.92693126861506,17.294648635634786,14.935731039369541,20.039526343554222,17.63899968760541,15.026618092423014,14.152480260784595,-247.29537963867188,130.1024169921875,2.5831024646759033,16.05394172668457,10.159639358520508,23.603124618530273,20.909095764160156,13.178629875183105,-1.7038975954055786,-6.3031907081604,-1.8468852043151855,8.732629776000977,8.630668640136719
section_00_source_test_normal_0002_n_B.wav,normal,0.03205456584692001,0.2225174096445687,2560.690005684201,2099.092773138253,5043.680111821086,19.539755715323416,11.354393026115357,13.409311742933394,15.1451160622446,14.214525718072782,15.550642326672065,15.707593917384397,-127.54083251953125,51.47431945800781,-6.075085639953613,20.351455688476562,-5.504599571228027,2.5555007457733154,7.304974555969238,11.069944381713867,6.684272289276123,0.45244550704956055,-1.0731827020645142,4.276556015014648,0.605943500995636
section_00_source_test_normal_0012_n_B.wav,normal,0.03167339414358139,0.23915329223242812,2614.6023898153794,2145.5484166211795,5221.745207667732,18.309943553636298,12.217525600884857,14.047572129440416,14.519281547337336,14.65298082373094,15.27980361033265,15.236941116481487,-125.93480682373047,51.595909118652344,-3.28973650932312,16.363079071044922,0.04758923873305321,9.259249687194824,2.385477066040039,7.16082239151001,-2.670175313949585,0.328299343585968,0.9081408977508545,-1.1318587064743042,0.9089452028274536
section_00_target_test_normal_0043_n_E.wav,normal,0.03204925358295441,0.04114042531948882,993.1534219327364,1511.3779917063382,2013.8029153354632,18.849466255354688,16.922423237849575,14.65286110640773,19.517569605755238,16.98707373261806,14.956352983335078,14.072900991194755,-259.60357666015625,128.4183349609375,5.408955097198486,18.566661834716797,11.501276016235352,24.201175689697266,21.061382293701172,15.144888877868652,0.33285072445869446,-3.597377300262451,-0.29267606139183044,9.051834106445312,8.82431697845459
section_00_target_test_anomaly_0037_n_E.wav,fault,0.032004281878471375,0.046709639576677314,1087.6841583941398,1599.241713487668,2293.0311501597444,17.670288276501935,15.194583945191646,14.645483724455438,18.495312597083228,15.87524793803566,14.9095501341991,14.101676174692653,-242.33790588378906,123.71578216552734,6.670629978179932,19.166744232177734,11.258405685424805,19.211448669433594,17.954242706298828,14.546671867370605,2.0033774375915527,-3.426032304763794,1.5521312952041626,7.019603729248047,6.221147537231445
section_00_source_test_anomaly_0018_n_A.wav,fault,0.03217416629195213,0.3730172349241214,3763.530948492749,2266.8291048557435,6629.717452076678,17.94359359509479,11.949949067713419,17.28352654251148,19.140805201048263,21.071883121411833,16.945759551344075,16.030354402915005,-143.27066040039062,-8.349627494812012,-10.089035987854004,15.550152778625488,9.2802734375,-12.201616287231445,-18.19404411315918,-11.26659107208252,5.663960933685303,4.94050931930542,4.880870819091797,7.1898651123046875,2.276878595352173
section_00_target_test_anomaly_0027_n_E.wav,fault,0.03211835399270058,0.03360716603434505,911.6216244732697,1473.302846483423,1818.0161741214058,19.698770660993794,15.311188391895328,14.114727305667653,18.283786552376235,17.310702977134717,14.740588346795882,14.387340665165246,-273.1793518066406,132.79364013671875,8.361392974853516,18.791873931884766,15.235530853271484,21.267427444458008,18.235485076904297,16.240896224975586,5.714176654815674,1.1612976789474487,0.3300936222076416,8.483688354492188,8.009626388549805
section_00_source_test_normal_0024_n_A.wav,normal,0.03211109712719917,0.39136756190095845,3705.1809630445227,2255.2074612626707,6491.688298722045,15.786510553718484,13.741917365314585,17.45027735181261,19.040104855290185,20.140546650436356,15.967802888406364,16.415925053254455,-140.0623779296875,-6.012155055999756,-15.992215156555176,5.379239082336426,-0.8011162877082825,-22.282875061035156,-12.922746658325195,-3.8359873294830322,-8.775656700134277,-0.8130269646644592,7.995179653167725,6.400181293487549,-3.6668946743011475
section_00_target_test_normal_0021_n_D.wav,normal,0.03209737688302994,0.05426941892971246,1227.11241847814,1665.6417586317918,2609.8742012779553,19.667876259754667,18.88531851051453,17.19130249231491,17.34652247367262,14.824246128393845,15.234006082977507,14.230886340591898,-251.10089111328125,119.81947326660156,10.624513626098633,12.343804359436035,5.79967737197876,16.716707229614258,7.337466239929199,-3.2348079681396484,-12.387706756591797,-9.107087135314941,-6.789041996002197,-2.032710552215576,0.3815240263938904
section_00_source_test_anomaly_0027_n_A.wav,fault,0.03212811052799225,0.40012854432907347,3922.658749218176,2352.627058772188,6803.963658146965,17.688389959732028,14.38707542569223,21.405727235613462,20.641863874766436,20.03785832243563,16.68488409975253,16.892846430056515,-150.4406280517578,-10.974671363830566,-12.39001750946045,-1.5368798971176147,0.4761003851890564,-16.252395629882812,-11.266812324523926,-15.88480281829834,-4.503124713897705,-0.42740634083747864,12.878137588500977,2.117818593978882,0.4133799374103546
section_00_source_test_anomaly_0037_n_C.wav,fault,0.03141619637608528,0.142946285942492,2046.9384101510811,2037.6066464062028,4514.776357827476,17.569187309275925,11.006080087852883,13.782394693151666,14.672467565225793,15.50695323655511,15.264778768476669,14.68060988965785,-158.16900634765625,74.76203155517578,1.300668478012085,23.644437789916992,6.902250289916992,10.158416748046875,0.9889086484909058,9.398337364196777,1.1119495630264282,2.6652302742004395,-1.7987974882125854,2.470275640487671,-0.7457005381584167
section_00_target_test_normal_0017_n_D.wav,normal,0.03206245228648186,0.05394961811102236,1114.508837512307,1568.449842237127,2156.2999201277953,17.956200051470315,16.96501387360536,16.745496558939426,15.76380211676871,14.883316575099416,14.938401620246673,14.539241017499213,-244.06478881835938,131.219970703125,13.465462684631348,11.283605575561523,4.527576923370361,11.805683135986328,3.3041586875915527,-6.935545444488525,-14.948343276977539,-10.295823097229004,-3.79817533493042,-0.4492466449737549,-1.5259976387023926
section_00_target_test_normal_0007_n_D.wav,normal,0.03209995478391647,0.05252689446884984,1135.4832422724144,1608.60403568017,2298.896765175719,19.448026730737975,18.110879869137392,17.371935952644282,17.529398396758086,14.849764389057938,14.969062657085104,14.281938699026146,-251.6935577392578,126.08061218261719,11.098618507385254,11.100618362426758,7.962311744689941,18.28398895263672,8.345232009887695,-3.063488006591797,-11.566014289855957,-7.843964576721191,-5.484259128570557,-1.2874666452407837,1.3408113718032837
section_00_source_test_normal_0046_n_C.wav,normal,0.03201400861144066,0.1465015350439297,2048.013256085742,2065.111063347974,4555.561102236422,16.65669876300603,12.09989227236723,14.854253775867637,15.811983305741016,14.689909713850927,15.610822901188136,15.198148079603275,-149.2591094970703,78.45475006103516,5.551990032196045,17.96280860900879,-0.8759268522262573,8.220707893371582,4.567857265472412,6.9740495681762695,-3.44563889503479,0.05753994360566139,0.27418550848960876,3.306797504425049,-0.14195020496845245
section_00_source_test_normal_0034_n_C.wav,normal,0.03195858746767044,0.12738992611821087,1854.7228398308666,2025.3435389730066,4365.540135782748,17.553985959975925,11.459614543423042,13.518728989868029,13.513631971628094,14.442340327685192,17.369568012768763,14.487407220526135,-162.8549041748047,86.74158477783203,7.621847152709961,17.86736488342285,6.011653423309326,9.948080062866211,-1.3320673704147339,6.086549758911133,-1.0046043395996094,7.653521537780762,-3.1607155799865723,4.067754745483398,-1.5305060148239136
section_00_target_test_anomaly_0001_n_D.wav,fault,0.03213290125131607,0.05226325379392971,975.3895749553169,1413.0111281192362,1722.219448881789,18.496164808804735,17.165075023338,18.180686541749903,18.400370709271403,15.601143618790898,15.038214226508337,14.661463736556865,-256.3683166503906,143.966064453125,13.159957885742188,12.720115661621094,6.917306423187256,12.090587615966797,3.0252060890197754,-7.7790021896362305,-15.418069839477539,-5.911227703094482,-3.8694956302642822,2.1323869228363037,3.4698903560638428
section_00_target_test_anomaly_0011_n_D.wav,fault,0.03206935524940491,0.051530051916932905,1011.1954194815064,1453.5569715977922,1822.9832268370608,16.986499712608953,16.453263549993554,16.978414307120854,16.274463622357512,14.722906150837321,15.124481334735504,14.492548578615526,-251.83323669433594,138.9027099609375,11.949307441711426,13.72998332977295,3.3426551818847656,11.217493057250977,4.8986005783081055,-7.033747673034668,-15.336350440979004,-10.55819320678711,-4.091665267944336,-0.41978156566619873,-0.753620982170105
section_00_source_test_anomaly_0008_n_B.wav,fault,0.031939346343278885,0.19963683107028754,2520.9221967310577,2237.8805479743837,5350.863618210863,18.39622041704089,11.325763229655868,13.907650715516395,13.999024999691564,14.656588787625152,14.590740324926852,14.2977463038957,-137.24404907226562,57.638816833496094,7.736010551452637,17.412797927856445,2.4403560161590576,7.511533737182617,0.632604718208313,5.599029064178467,1.175307273864746,1.6168885231018066,0.04871295392513275,4.331148147583008,3.6723952293395996
section_00_target_test_normal_0038_n_E.wav,normal,0.03190721198916435,0.03727161541533546,1080.4513738134253,1602.1523909117393,2312.4251198083066,19.17708968353687,14.340708760104857,15.160203483685926,16.352859693432894,18.404493915571077,14.761820397135125,14.10566554914901,-265.569580078125,118.32630157470703,1.4118626117706299,20.080280303955078,14.70655345916748,21.99359703063965,14.042014122009277,14.51384162902832,5.491685390472412,3.3133625984191895,3.5193612575531006,8.27187728881836,6.548552989959717
section_00_target_test_normal_0028_n_E.wav,normal,0.032005686312913895,0.04743348142971246,1061.1009647519602,1543.7232461101412,2230.6060303514378,18.54577215394794,14.14166960320646,16.5487438494427,18.231276425254315,18.194364629922276,15.33543460022653,14.106986932523627,-243.7698211669922,124.89019012451172,2.8051164150238037,25.619426727294922,12.99632740020752,15.629576683044434,13.501462936401367,13.25042724609375,-0.5077210664749146,-6.213166236877441,0.15052999556064606,8.002340316772461,3.575678586959839
section_00_source_test_anomaly_0045_n_C.wav,fault,0.032050441950559616,0.11875686401757188,1849.4838019573456,2038.8988467731197,4363.8428514377,17.896800882428906,11.401380328603436,13.656778886231603,13.98529437011491,15.113083936799873,16.51731412468264,14.286003329081792,-164.6204833984375,87.06387329101562,9.918951988220215,18.821807861328125,5.287215232849121,8.298709869384766,-0.4807426333427429,5.671496868133545,-1.5120996236801147,4.393719673156738,-1.4375965595245361,5.314609050750732,-0.2902115285396576
section_00_target_test_anomaly_0025_n_E.wav,fault,0.03207811713218689,0.049985647963258786,1086.610868925545,1598.0057337482722,2291.4337060702874,17.548881896523827,14.1380750559966,16.254940781277924,18.500196830542286,16.59005153149712,15.096489958650961,14.718058636222617,-239.11631774902344,127.19855499267578,10.594040870666504,18.33846664428711,10.901225090026855,16.53807258605957,16.006778717041016,10.412542343139648,-1.8720730543136597,-6.3711256980896,-0.11856217682361603,6.711339950561523,1.0824458599090576
section_00_target_test_anomaly_0035_n_E.wav,fault,0.03200744464993477,0.04021690295527156,1072.1460249090817,1627.7329451212886,2315.9195287539937,19.04937568501094,14.496450912042276,14.871490388902869,17.694836708772776,15.45869517690258,14.799387689302065,14.220448715526718,-256.6286926269531,120.5167465209961,8.867532730102539,19.08574104309082,12.166030883789062,22.261747360229492,19.87112045288086,14.278610229492188,2.1367592811584473,-1.288576602935791,5.455130577087402,10.603038787841797,7.247900009155273
section_00_target_test_normal_0041_n_E.wav,normal,0.031911417841911316,0.05757038738019169,1282.3499285671473,1796.6659126482418,2920.0529153354632,16.934701813031158,13.612002691124557,16.50646452298402,18.929019664743738,16.02943336052035,15.027022047251085,15.244025143357833,-228.06582641601562,114.2169418334961,17.967845916748047,18.053592681884766,8.873665809631348,15.694984436035156,16.550458908081055,9.58597183227539,-2.1843769550323486,-8.04922866821289,-1.0915330648422241,6.634174346923828,1.9837381839752197
section_00_source_test_normal_0010_n_B.wav,normal,0.031030995771288872,0.14340648712060702,2182.0892718493956,2115.4679327147346,4761.556509584664,20.666322328213774,11.172240997095892,13.137896533724485,13.805707965447583,14.134918859802537,15.078975244507264,14.788026596841629,-157.5732879638672,71.42373657226562,1.0986117124557495,17.56429672241211,3.217033624649048,8.161410331726074,2.433384656906128,3.9956488609313965,3.8984756469726562,3.89882755279541,1.750677466392517,3.4784634113311768,0.5453521609306335
section_00_source_test_normal_0000_n_B.wav,normal,0.03132544830441475,0.18977448582268372,2286.2787925429084,2068.9240757231314,4822.109624600639,16.436439543673977,11.3332738541998,13.440087298874916,14.804545299802601,15.294909987943754,15.538622906572444,15.461457574524275,-136.72366333007812,66.96128845214844,-3.951796293258667,15.540637969970703,0.6503430604934692,10.280974388122559,0.8393071293830872,5.666078567504883,-1.5004916191101074,2.9002981185913086,1.6458829641342163,5.513077735900879,-1.4033725261688232
section_00_source_test_anomaly_0013_n_B.wav,fault,0.03180701285600662,0.2775028704073482,2863.614821012383,2182.882675721897,5541.683306709265,18.665967055691485,11.70153798293368,14.120936978237674,14.523289627415812,17.24324764818041,15.302678677782446,14.804126710917796,-134.33419799804688,38.48526382446289,5.835807800292969,23.80392074584961,-3.8922135829925537,6.658249378204346,8.512177467346191,3.011887550354004,1.1147381067276,11.591437339782715,-2.6276957988739014,3.030243396759033,4.866266250610352
section_00_source_test_anomaly_0003_n_B.wav,fault,0.03192833438515663,0.1765284919129393,2441.439772848943,2232.8422700361766,5289.436900958466,19.842106136360382,11.563090084327538,13.267248949663827,14.298896045518083,14.498276598832613,14.415444093620355,15.073572904272803,-142.2881317138672,61.27187728881836,5.555363178253174,12.149646759033203,4.361094951629639,9.845562934875488,1.3944908380508423,6.851015090942383,2.02958345413208,5.0807013511657715,-0.24354353547096252,3.4011034965515137,3.4673714637756348
section_00_source_test_normal_0019_n_A.wav,normal,0.03213372454047203,0.3373836237020767,3529.380071741287,2165.814707729384,6344.099440894569,17.644705559278126,13.70417245823068,20.410407046912812,21.349065422023283,22.09421696628501,17.160721787384183,15.496427144510088,-155.3596954345703,-10.699278831481934,-21.057920455932617,17.658824920654297,3.0166566371917725,-15.515597343444824,-15.85767650604248,-8.86579704284668,-6.556918144226074,-2.2227413654327393,20.071069717407227,6.147063255310059,-9.462640762329102
section_00_target_test_normal_0033_n_E.wav,normal,0.03209295496344566,0.03687537440095846,1003.6665822552557,1574.5122848465687,2143.4454872204474,19.532127899554126,15.505365053845287,14.864517947511471,17.915696343910756,16.3315589339489,14.701417726779438,14.025758298146057,-263.9981384277344,122.53499603271484,9.343637466430664,22.657094955444336,13.98391056060791,21.014286041259766,18.132856369018555,16.422985076904297,4.188468933105469,-0.6880971193313599,2.28033709526062,9.337641716003418,8.470484733581543
section_00_target_test_anomaly_0047_n_E.wav,fault,0.03200678527355194,0.044600514177316294,1101.2618841300628,1626.5519480996586,2359.699480830671,18.427194003396426,14.43352603787919,15.214990553911795,18.19586438699931,16.95090081212819,14.895000885317254,14.305429001565207,-248.12559509277344,120.63806915283203,7.383703231811523,19.5682430267334,12.421195983886719,20.98248863220215,18.910293579101562,14.367999076843262,1.6997655630111694,-3.0432915687561035,3.2903647422790527,10.518529891967773,9.515912055969238
section_00_target_test_normal_0023_n_D.wav,normal,0.0320604108273983,0.052080733326677314,1016.9511410199535,1442.0253280448994,1799.820287539936,15.671344933551474,16.84219494381239,16.9404033543202,16.553593884512825,14.701328634645172,15.11446906671272,14.307528847890325,-252.87200927734375,139.69512939453125,10.158062934875488,11.94385814666748,2.5359416007995605,10.427693367004395,4.365436553955078,-7.741786479949951,-16.65350341796875,-12.068958282470703,-5.383689880371094,-2.227137327194214,-2.2836852073669434
section_00_source_test_anomaly_0025_n_A.wav,fault,0.03212500363588333,0.43190426567492013,3972.4858833898675,2342.9019694489984,6812.674720447284,16.336304157635862,14.107243296489226,20.490262016915427,19.70060694295217,19.26177213129758,17.56333750775384,16.89874767026875,-148.0778350830078,-12.862031936645508,-11.94680404663086,0.054560963064432144,0.8223153352737427,-17.49906349182129,-11.290573120117188,-14.874115943908691,-6.319119930267334,-3.0870320796966553,14.182062149047852,2.957869529724121,-0.3909974992275238
section_00_source_test_normal_0026_n_A.wav,normal,0.032126277685165405,0.39669185553115016,3903.5359201787355,2354.1251501770566,6777.980231629393,18.29524289926295,14.07635139764706,21.96035887894599,20.77748872008484,20.399136633988817,16.673713624042545,16.738640323795348,-150.59146118164062,-9.683209419250488,-12.605047225952148,-1.9643855094909668,1.0232739448547363,-15.70104694366455,-10.573185920715332,-14.9973726272583,-3.568241596221924,0.7101173996925354,13.349430084228516,2.842764377593994,0.7435983419418335
section_00_target_test_anomaly_0013_n_D.wav,fault,0.03212325647473335,0.055289661541533544,1119.6275908320154,1562.2513928245553,2253.8438498402556,19.050398941387204,17.23121211578797,18.20897361544267,17.869440530837174,14.694920587914195,15.102267675707933,14.273492703597007,-243.76510620117188,129.03082275390625,12.707070350646973,16.56255340576172,5.826405048370361,13.424605369567871,2.2548668384552,-7.592142581939697,-15.487937927246094,-9.09542179107666,-3.0646920204162598,1.4571503400802612,2.0454182624816895
section_00_target_test_anomaly_0003_n_D.wav,fault,0.03213154897093773,0.04673615964456869,878.5088208592667,1308.277190229274,1452.600838658147,19.124024276293472,19.32881307344739,16.72785093293482,16.32548710632717,15.45305925087247,14.726686097303643,14.551021043237112,-287.329833984375,149.54649353027344,11.152108192443848,11.282306671142578,5.218001365661621,14.67457389831543,5.072385787963867,-7.326229572296143,-13.339132308959961,-3.360722064971924,-7.199020862579346,-3.373652219772339,1.194643497467041
section_00_source_test_normal_0036_n_C.wav,normal,0.03182157501578331,0.09907273362619809,1850.065086775309,2050.5464731896896,4365.165734824282,20.650663353003964,10.989231363764926,13.995414443314099,13.9740983475188,14.732822074605574,14.450802859922522,14.528148956899983,-178.05697631835938,85.95972442626953,8.610509872436523,18.28026008605957,5.783758640289307,8.771276473999023,-0.20053736865520477,7.913921356201172,2.1511991024017334,3.968636989593506,0.08049377799034119,4.187148094177246,2.2803151607513428
section_00_source_test_anomaly_0047_n_C.wav,fault,0.03170424699783325,0.19214257188498401,2290.762322734745,2076.1536939148364,4828.624201277955,16.78762371656362,11.605582345601627,13.44474475978998,14.62860790505163,14.990786334726016,15.661648911400562,15.473608816330739,-136.3904571533203,65.20331573486328,-1.9050694704055786,20.26921272277832,2.2242419719696045,7.565977096557617,3.574556827545166,7.531805515289307,-3.543545961380005,-0.7200955748558044,-3.0982232093811035,2.1216342449188232,0.21259866654872894
section_00_target_test_normal_0048_n_E.wav,normal,0.03206726536154747,0.05134129143370607,1074.5639662663207,1546.3698898309358,2257.2134584664536,17.00835161203399,13.762348896745095,15.617917933198717,18.5105802659835,18.97173400096238,15.320700522059703,14.327603274208453,-238.0591278076172,125.74185943603516,3.1562752723693848,24.86616325378418,12.621589660644531,14.830431938171387,14.047579765319824,14.0028657913208,-0.7487672567367554,-7.430133819580078,-0.021789271384477615,6.787012577056885,2.1702394485473633
section_00_source_test_anomaly_0035_n_C.wav,fault,0.0319787822663784,0.13575154752396165,1928.6700078158597,2065.9969411528605,4503.494408945687,17.065242933215288,11.180024887628983,13.535948567498702,14.447110835267392,15.741926906370049,16.87435243368113,14.967100683925981,-162.06546020507812,83.6231460571289,10.33724594116211,18.85429573059082,5.086648941040039,9.915998458862305,-0.2672172784805298,6.761512756347656,-1.2560676336288452,3.9692070484161377,-2.901097059249878,5.579275131225586,0.14100442826747894
section_00_source_test_normal_0009_n_B.wav,normal,0.03193848580121994,0.1373287115615016,2217.531826712709,2170.12524239346,4985.448282747604,19.731382059177452,11.569382411270489,13.092187510832893,13.557396110662744,14.854180524082492,14.386736913613671,14.61685227748949,-158.03485107421875,69.08749389648438,3.9563968181610107,17.026601791381836,9.28730297088623,9.195317268371582,1.8097895383834839,6.299118518829346,2.2513957023620605,6.376485347747803,0.8292315006256104,3.5342342853546143,3.772329092025757
section_00_source_test_normal_0044_n_C.wav,normal,0.03181091323494911,0.13393258286741214,2005.286617752326,2085.9736765332673,4620.781749201278,14.839144873737748,11.372905652849246,13.602766431887824,13.729440949240992,14.434582017574556,15.067921734492218,14.729703315925398,-158.18780517578125,78.70201110839844,7.048649311065674,19.335535049438477,6.704070568084717,10.940672874450684,0.008446983061730862,6.298311710357666,-0.8431029915809631,5.185324192047119,-2.442112445831299,4.266608715057373,0.20979070663452148
section_00_target_test_normal_0005_n_D.wav,normal,0.03206764906644821,0.05240989416932907,1065.477768070659,1522.9959591184224,2087.285343450479,19.235977138343408,17.58877244699259,18.28520543665971,17.617767680714493,14.58431647615721,14.900560879260896,14.397481778193669,-250.9307098388672,132.07028198242188,13.818906784057617,17.595802307128906,5.970483303070068,12.693721771240234,2.6853675842285156,-7.754220485687256,-15.553570747375488,-8.02872371673584,-3.1054391860961914,2.0894229412078857,2.219331741333008
section_00_target_test_normal_0015_n_D.wav,normal,0.03208058327436447,0.05640974440894569,1211.490449420583,1641.9420605737296,2489.741413738019,17.53209551885191,17.508719228757904,17.47592301665542,16.73675897059031,14.904066751687479,14.927549240594244,14.282945681713944,-242.66598510742188,123.6585693359375,9.594682693481445,9.99142074584961,6.181245803833008,16.501251220703125,7.243533611297607,-4.487332344055176,-13.070300102233887,-8.82938003540039,-7.019769191741943,-1.381089448928833,0.017592372372746468
section_00_source_test_anomaly_0046_n_C.wav,fault,0.03096451237797737,0.16558038388578275,2181.5861433801306,2100.0417983304524,4784.794329073482,17.634968023767723,11.264510667671574,14.062263891952234,14.335626801359057,14.924584413562176,15.997452018584227,14.600530130393594,-155.65867614746094,69.68073272705078,4.565657615661621,21.876955032348633,6.778316497802734,9.159154891967773,1.7023885250091553,5.327106475830078,-3.2227251529693604,2.3693225383758545,-0.2043832391500473,5.188385963439941,0.36602020263671875
section_00_target_test_anomaly_0002_n_D.wav,fault,0.032106585800647736,0.04971420726837061,911.9506716640575,1349.7839508019065,1473.9666533546326,17.651154994195878,17.390855742765506,16.530959033830136,16.38005397204365,15.512634682450964,15.311054625666886,14.621203316226183,-265.6983947753906,150.57131958007812,12.336509704589844,7.715656280517578,5.06644868850708,12.268245697021484,5.986359596252441,-8.537095069885254,-13.920343399047852,-7.836374282836914,-4.9027886390686035,-1.6071951389312744,0.21040946245193481
section_00_target_test_anomaly_0012_n_D.wav,fault,0.03207825496792793,0.047995082867412144,1036.329975152007,1476.493593393921,1965.6549520766773,17.382019395807674,19.394313025114755,17.26261130897164,15.881855448822197,14.233268477079124,14.772881060093173,14.25870170348426,-270.5789489746094,132.52674865722656,9.857176780700684,15.886395454406738,3.0751988887786865,12.009574890136719,3.7848317623138428,-5.927615165710449,-14.465938568115234,-8.964245796203613,-6.416790962219238,-3.332401752471924,-0.9478358030319214
section_00_source_test_normal_0037_n_C.wav,normal,0.03203180804848671,0.16125137280351437,2211.734490033601,2139.240011597567,4923.9217252396165,17.527673761860743,11.621124936426023,13.869775855991014,14.134233191084633,14.226969388419578,15.180678424925166,15.531208121041601,-144.99423217773438,70.07125854492188,7.225794315338135,18.665546417236328,4.745019912719727,11.965571403503418,-1.8443903923034668,3.9349513053894043,-1.114438533782959,5.3724799156188965,0.8312801122665405,4.523697376251221,-2.720188617706299
section_00_source_test_normal_0045_n_C.wav,normal,0.03201157599687576,0.17181571984824281,2286.5349966030635,2191.82898510995,5052.515974440895,17.636989529305882,11.355235490374596,13.564718634551829,14.051758087529338,14.350286245651573,15.213853514344851,15.406843768241501,-140.43875122070312,68.12747192382812,9.040011405944824,17.588945388793945,3.182234287261963,7.506324291229248,2.366518020629883,4.13380765914917,-0.13628239929676056,-0.14055080711841583,-3.8963844776153564,3.079054832458496,0.25033634901046753
section_00_target_test_normal_0014_n_D.wav,normal,0.03205351158976555,0.05127733126996805,1017.7086265854138,1453.9671066190986,1847.8933706070288,17.68790046148319,17.09915983299492,16.86692871089895,16.080721661651843,14.721282644294769,15.088583607997053,14.377764917794845,-251.5537567138672,138.80123901367188,10.805047988891602,13.402876853942871,2.8974153995513916,11.57640552520752,5.217918395996094,-5.567938327789307,-14.305782318115234,-10.524041175842285,-4.351471424102783,-0.7576245069503784,-0.3766917288303375
section_00_target_test_normal_0004_n_D.wav,normal,0.03210050240159035,0.057153866313897767,1106.6347375425655,1533.813522835283,2189.5467252396165,16.810420221408,16.779189081544743,18.3340115151372,17.36488806315825,14.802052972948998,15.059284355074654,14.364129204136145,-238.97476196289062,131.8318634033203,11.837327003479004,15.836920738220215,4.0379815101623535,11.800440788269043,2.358990430831909,-6.545288562774658,-16.567113876342773,-10.11231517791748,-3.1933417320251465,1.7760159969329834,2.329280138015747
section_00_source_test_anomaly_0034_n_C.wav,fault,0.03202398121356964,0.12885164986022365,1981.9764866704309,2072.125728824416,4533.945686900958,17.173707786616617,11.427814317697168,13.547487181888535,13.708489392891662,14.46710095190923,14.935756586582665,14.397527344953037,-156.96470642089844,80.31454467773438,6.33972692489624,18.795957565307617,5.176520824432373,11.425483703613281,0.3961937129497528,5.074075698852539,1.117126703262329,4.462108135223389,-1.023870825767517,2.835010290145874,0.21345670521259308
section_00_target_test_normal_0049_n_E.wav,normal,0.03205409646034241,0.03974578174920128,988.9603859575003,1516.7220699109293,2025.7837460063897,19.464702208216032,16.96838732451308,15.063716756173397,19.37137207880823,16.685373595681302,14.872128365334934,14.115055490820685,-264.5994567871094,126.86473083496094,5.69044303894043,19.729206085205078,12.127131462097168,25.2591552734375,20.69968032836914,14.62529182434082,0.21534237265586853,-3.092827320098877,0.230467289686203,9.085542678833008,8.020389556884766
section_00_source_test_normal_0008_n_B.wav,normal,0.029781797900795937,0.12218575279552715,1895.7843404488412,1951.1269879389217,4119.08446485623,19.590432949727273,11.82728260606857,13.93356354345515,14.879017980939311,15.991163535629207,14.963215851776845,14.316023798858865,-175.84120178222656,85.67362976074219,-6.235600471496582,15.550606727600098,5.804472923278809,7.166962623596191,2.233656644821167,7.005171298980713,1.4556812047958374,4.019790172576904,1.4214683771133423,4.73913049697876,1.6542083024978638
section_00_target_test_normal_0040_n_E.wav,normal,0.0320272222161293,0.04449911391773163,1063.151439430147,1586.3010997625477,2252.545926517572,17.852300596134942,15.94854544371809,14.989688457570388,18.320982544183586,16.63250797902743,14.867954232479626,14.094221716986658,-248.7891387939453,123.27112579345703,7.18796968460083,21.350627899169922,12.094895362854004,19.493654251098633,17.607799530029297,15.443732261657715,3.448225498199463,-3.1222310066223145,0.6707335114479065,7.522029399871826,7.328226566314697
section_00_target_test_anomaly_0034_n_E.wav,fault,0.03207412362098694,0.04541483626198083,1001.4441658403329,1491.7692437584585,1985.3734025559106,18.167754306232638,16.959210515316148,14.635929076847074,19.788284412309007,17.497022567751568,14.973070959203888,14.087493792015426,-251.81527709960938,130.5262451171875,3.9950921535491943,17.29678726196289,9.94093132019043,23.398347854614258,20.325654983520508,14.12574577331543,-0.44308724999427795,-4.57710075378418,-0.9582991600036621,8.950791358947754,8.539400100708008
section_00_source_test_normal_0001_n_B.wav,normal,0.02963528037071228,0.09835669179313099,1652.3103397806747,1874.6746973089355,3722.6188099041533,20.928320940672318,11.942387279560531,13.738747004612055,14.509085739651706,15.33578554844817,14.85819513479622,14.35953148837635,-191.7366180419922,98.1160888671875,0.3340764045715332,17.030611038208008,2.883936643600464,9.490726470947266,0.9822590351104736,7.4837517738342285,3.216043472290039,2.130307912826538,-0.9328844547271729,1.6481058597564697,0.9048625826835632
section_00_source_test_normal_0011_n_B.wav,normal,0.031945738941431046,0.1815610647963259,2423.063685048386,2228.5658032732154,5278.604233226837,18.19407932680198,12.027443420792501,13.255096944443611,13.642416388283248,14.725096861559333,14.501567135267296,14.43199787344633,-137.0319366455078,62.60127639770508,4.756857872009277,13.549358367919922,4.782834529876709,8.219176292419434,2.121453285217285,3.537670612335205,4.92327880859375,5.5276007652282715,-0.9256470799446106,1.789677381515503,2.5595040321350098
section_00_target_test_anomaly_0046_n_E.wav,fault,0.032060276716947556,0.039376060802715655,1044.5481369882793,1575.6867931838424,2268.8448482428116,19.089512342917057,13.946332148079456,16.09584466395838,18.133821551492023,17.646594188357525,15.058314163093105,14.199407176099752,-257.1001281738281,122.40917205810547,7.405966281890869,25.752321243286133,13.632650375366211,16.75047492980957,14.639572143554688,14.818390846252441,0.25674447417259216,-4.616932392120361,1.044811725616455,7.458677291870117,3.511845111846924
section_00_target_test_normal_0032_n_E.wav,normal,0.0320645235478878,0.047522401657348244,1009.95305535867,1490.3942886191692,1987.94428913738,17.99616057844786,17.22153951073156,14.88661976261409,19.939723688088467,17.52725021425119,14.823370957311864,14.082299091736594,-248.7805938720703,130.77960205078125,2.9848275184631348,16.557586669921875,10.396302223205566,23.732051849365234,20.62438201904297,13.658485412597656,-1.395809292793274,-5.774719715118408,-1.7666521072387695,8.75568675994873,8.353654861450195
section_00_source_test_anomaly_0002_n_B.wav,fault,0.032093655318021774,0.14290884584664537,2118.9648330923274,2050.3058646970608,4667.132587859425,20.19136306762455,11.25528170408958,13.3286346988966,13.459416763526537,14.67523249078105,14.435391909672342,14.934440783459614,-147.32655334472656,74.60540008544922,-2.0794601440429688,17.416662216186523,3.3303706645965576,8.939208030700684,-1.61214280128479,7.019053936004639,0.253579318523407,5.63877534866333,-0.06800896674394608,3.599874496459961,0.3731280267238617
section_00_source_test_anomaly_0012_n_B.wav,fault,0.03185747191309929,0.1629034170327476,2157.0500105535953,2029.4558969974457,4604.35802715655,17.667876588897443,11.722575222976642,13.80329006796453,13.898942214712868,17.023526788504977,14.92860415437844,14.715634021442826,-141.97708129882812,72.033447265625,-8.96168041229248,15.837335586547852,8.352746963500977,8.63936996459961,-0.5797232389450073,5.733386039733887,3.6627399921417236,3.720637559890747,-2.6114816665649414,4.666565895080566,4.266632080078125
section_00_source_test_normal_0018_n_A.wav,normal,0.032135844230651855,0.4026042706669329,3937.232796070822,2343.342082987855,6790.235623003195,14.75538277817213,14.520881424634062,21.603890883876467,20.67694742537367,20.11469434370047,16.812642071589636,16.966218828068104,-151.31199645996094,-12.985204696655273,-14.228080749511719,-3.177025318145752,-1.1883128881454468,-17.793991088867188,-13.225509643554688,-17.697986602783203,-5.4904632568359375,-1.3988476991653442,11.368943214416504,0.04643002152442932,-2.027115821838379
section_00_source_test_anomaly_0024_n_A.wav,fault,0.03212841600179672,0.43002914087460065,3996.976665347691,2334.59509707639,6783.870806709265,17.85438631080004,13.88416598859911,20.618317082014084,19.40391614977743,19.65299011969413,17.486839508409464,17.086786815915772,-151.9183807373047,-13.887821197509766,-8.800877571105957,5.577876091003418,2.7735326290130615,-19.582138061523438,-13.556503295898438,-13.671355247497559,-0.6419273614883423,1.5234676599502563,14.769499778747559,2.4440925121307373,-1.336158275604248
section_00_target_test_normal_0022_n_D.wav,normal,0.032099027186632156,0.054932420626996804,1242.6801325358801,1658.1433809888088,2602.9852236421725,19.202283297136926,18.448567446940064,16.907748072619345,17.29711957741554,14.939941840034773,15.226218679280345,14.380958353524369,-247.48956298828125,120.1351318359375,8.83547592163086,10.816763877868652,4.839293003082275,16.233369827270508,6.362911701202393,-4.1216654777526855,-13.741294860839844,-9.466341018676758,-6.21727991104126,-1.8443443775177002,-0.464684396982193
section_00_source_test_normal_0027_n_A.wav,normal,0.03211182728409767,0.35591647114616615,3786.334143024649,2228.910189830597,6482.902356230032,16.34805594612715,13.480417332553241,19.1040258046951,18.654386128185493,22.274991220458343,16.61901346776369,17.15521720145875,-164.28334045410156,-14.942289352416992,-19.139911651611328,12.728128433227539,9.801983833312988,-24.76314926147461,-13.079715728759766,-2.341398239135742,-3.2101171016693115,5.41171407699585,8.311418533325195,12.385834693908691,-4.525645732879639
section_00_target_test_anomaly_0024_n_D.wav,fault,0.03214586153626442,0.049430286541533544,1018.5679197221665,1484.2709039254835,1867.6367811501598,17.56572770019894,18.151086525671456,16.909520730264266,16.45870218508197,14.71445254669009,14.779172078709276,14.246547418221557,-266.2550354003906,133.57850646972656,11.36943531036377,14.953800201416016,10.301684379577637,18.399900436401367,6.896399974822998,-8.35237979888916,-18.51691436767578,-12.115428924560547,-5.63932466506958,-1.6085485219955444,1.5909045934677124
section_00_source_test_anomaly_0021_n_A.wav,fault,0.03215188905596733,0.40203018919728434,3907.22851562123,2353.740296186288,6782.02376198083,17.032704890002215,12.628969331143592,21.537679438015225,20.588794120815972,20.050056774658167,17.110065503714683,16.52175177183842,-147.48265075683594,-7.178685188293457,-8.644685745239258,1.701201319694519,2.5787322521209717,-13.765239715576172,-9.376035690307617,-14.803580284118652,-4.263027191162109,0.2602957487106323,11.998824119567871,0.3947927951812744,-2.253284215927124
section_00_source_test_anomaly_0031_n_A.wav,fault,0.032135091722011566,0.33466297673722045,3607.5441954896633,2337.0344166370137,6727.610822683706,16.171459303609595,13.335296302041689,20.551668483403557,21.262464694390314,21.503257674880004,17.20805593927226,15.991390203054744,-157.78256225585938,-5.59208869934082,-17.220672607421875,11.035460472106934,5.121888637542725,-30.34429359436035,-23.403427124023438,-7.815744876861572,8.163235664367676,6.94581937789917,16.580078125,1.0772327184677124,-4.769745826721191
section_00_target_test_anomaly_0021_n_D.wav,fault,0.03212011605501175,0.04938660642971246,1040.6881473832318,1500.1306545035459,1979.8821884984025,16.076711327032932,18.32008431013959,17.23427507545534,16.495072177876153,14.488965612908936,14.78225484600874,14.270854405017468,-265.7537841796875,130.94264221191406,11.251008987426758,16.968238830566406,9.071549415588379,19.020700454711914,6.7632341384887695,-7.839356899261475,-19.07413673400879,-12.5779447555542,-5.823606014251709,-2.29750919342041,1.5341554880142212
section_00_source_test_normal_0022_n_A.wav,normal,0.03208255022764206,0.3733307957268371,3819.7510195964196,2228.67807323023,6480.930511182109,16.547020552855788,13.48555925342471,18.687821699865907,18.712105364507412,21.905691492809282,16.54323084505953,17.528530036866766,-160.0552978515625,-15.509930610656738,-17.481239318847656,11.911866188049316,8.441786766052246,-23.572359085083008,-14.12998104095459,-3.050703525543213,-3.358785390853882,5.865342617034912,8.231334686279297,12.716045379638672,-2.813676595687866
section_00_source_test_normal_0032_n_A.wav,normal,0.032121945172548294,0.4309932233426518,3982.3100065021854,2334.3147845251024,6812.350239616613,16.500525717334625,14.307605381049939,20.333829204201887,19.578659479773776,19.25825014751334,17.501579199861556,16.92988117357593,-148.7720947265625,-14.023100852966309,-11.853876113891602,1.6336054801940918,1.1996184587478638,-18.21969223022461,-11.939090728759766,-14.130194664001465,-5.056227207183838,-1.8471688032150269,14.294092178344727,2.985949754714966,-0.26524150371551514
section_00_target_test_normal_0018_n_D.wav,normal,0.03213059902191162,0.05586062300319489,1211.2208444893758,1631.5292259704177,2450.903554313099,17.035955231835224,18.33389175065066,16.769820037512957,17.292168134037052,14.84501442068738,15.006074054141756,14.243430497604306,-248.1014404296875,123.97049713134766,9.346787452697754,8.962703704833984,6.533891201019287,16.92336654663086,7.096107006072998,-4.556429862976074,-13.765168190002441,-9.40070915222168,-8.013971328735352,-2.7035324573516846,-0.8948377966880798
section_00_target_test_normal_0008_n_D.wav,normal,0.032119348645210266,0.055829422923322686,1086.7976276422307,1524.7582477771268,2127.7206469648563,18.590484267870163,16.840423649246848,18.253456730397573,17.77057452182711,14.772428601274209,15.308839937424166,14.22862242836782,-244.37110900878906,132.10821533203125,12.803938865661621,16.899272918701172,4.54884672164917,13.013107299804688,2.6137897968292236,-8.344891548156738,-15.89404296875,-9.87916088104248,-2.8837649822235107,1.9107064008712769,2.235980749130249
section_00_source_test_normal_0049_n_C.wav,normal,0.03105408325791359,0.17394512529952078,2269.4560723973004,2132.8120800195074,4937.899361022364,16.552053023258026,11.03745411020325,13.777218038994715,13.703658791314494,14.20812590523359,15.697684174557512,14.688122968955254,-150.56443786621094,66.48274993896484,7.253439903259277,22.135961532592773,3.1500110626220703,7.384357452392578,1.9059836864471436,4.3287153244018555,-0.8354171514511108,4.354737758636475,-1.1373993158340454,4.72990608215332,-0.8200972080230713
section_00_source_test_normal_0014_n_B.wav,normal,0.03195003792643547,0.25107796275958466,2763.1762593101575,2150.479813109607,5394.4438897763575,19.83637320458706,11.488746904772158,13.62151871504219,14.16314605618295,14.25440753259298,15.289120949675397,14.650823778949556,-123.73674774169922,42.339996337890625,-6.348903179168701,16.25288200378418,-2.244917869567871,4.929425239562988,3.348086357116699,11.518622398376465,3.213789224624634,4.4395527839660645,0.5893152952194214,1.2943084239959717,2.1295342445373535
section_00_source_test_normal_0004_n_B.wav,normal,0.03198646381497383,0.2131620656948882,2520.7443707780435,2148.894197915195,5176.143170926518,18.958346916183196,11.077734000992308,13.188538693947228,15.358470894910445,14.875123662549578,14.731259563377305,15.013128621111147,-126.35990142822266,56.30025863647461,-6.325056552886963,10.422640800476074,-1.6430164575576782,2.729261636734009,4.616053581237793,15.957932472229004,5.262103080749512,-0.6724272966384888,-0.9476876854896545,2.445474624633789,1.024717926979065
section_00_source_test_anomaly_0038_n_C.wav,fault,0.031820181757211685,0.161224852735623,2188.9638169915115,2109.5159601343075,4855.855630990415,17.78311412841884,11.123810881077492,13.697009065592,14.01525117821052,14.584469663201645,15.24118896382723,14.91113624902855,-147.094970703125,70.3403549194336,4.624755859375,19.57006072998047,6.3068461418151855,11.983763694763184,-0.6595053672790527,5.354730129241943,-1.897358775138855,2.8190488815307617,-1.1033304929733276,4.947793483734131,-1.9641335010528564
section_00_target_test_normal_0045_n_E.wav,normal,0.032026320695877075,0.04246798871805112,987.2457210477356,1495.5349869216234,1970.5471246006389,18.543564017103005,17.326947238951536,15.110086679099675,19.737822960571357,17.50540752781866,14.810554689862995,14.138785105825907,-255.94154357910156,129.60696411132812,4.8564629554748535,17.921192169189453,10.75974178314209,24.02240562438965,20.665538787841797,14.719208717346191,-0.2984291911125183,-4.380335807800293,-0.812073826789856,9.259785652160645,8.851760864257812
section_00_target_test_anomaly_0031_n_E.wav,fault,0.03208498656749725,0.03345116563498403,897.62788466768,1433.6106695112635,1707.1685303514378,20.026521867098726,16.75915608957701,13.641457756790428,18.99333342248734,16.912335524297983,14.699599990196425,14.239668488006744,-276.8380432128906,135.2311248779297,8.958050727844238,17.754501342773438,12.156560897827148,23.824268341064453,18.938735961914062,13.587815284729004,1.2040475606918335,0.5103635787963867,1.2640033960342407,7.1299309730529785,4.420557022094727
section_00_target_test_anomaly_0043_n_E.wav,fault,0.03170134127140045,0.034912889376996804,1014.2545042242022,1552.4281553849783,2178.6890974440894,19.779866488156365,16.09274319743547,14.575438440337097,18.545866903940396,15.420264084934054,14.892084521399168,14.119439645873081,-273.7212829589844,122.87542724609375,6.387310981750488,21.317550659179688,10.59242057800293,22.398578643798828,19.780302047729492,13.71123218536377,-3.4067866802215576,-2.405294179916382,4.130402088165283,6.9124603271484375,5.1089959144592285
section_00_target_test_normal_0037_n_E.wav,normal,0.0318511426448822,0.05245825429313099,1117.9400828385421,1593.8709186884726,2377.021765175719,17.138251748879316,13.484203737664185,16.133811900573615,18.74955837121675,18.43806444813517,15.198452674342674,14.35414201955027,-235.4364013671875,123.4876480102539,4.603056907653809,22.921358108520508,12.519308090209961,14.388144493103027,13.649120330810547,13.236705780029297,-0.32450711727142334,-6.887251377105713,-0.1723291128873825,7.492610454559326,2.5674257278442383
section_00_target_test_normal_0027_n_E.wav,normal,0.032039374113082886,0.03784569688498403,1084.5402848640842,1582.815555307431,2283.321685303514,19.280175086386375,13.523438180555155,14.931964167137965,16.487323103182003,17.854603644413793,14.789810812088561,14.102371389174035,-256.0724792480469,120.98046875,0.35684290528297424,19.864444732666016,15.543709754943848,22.925800323486328,14.18350601196289,11.094717025756836,0.6668586730957031,0.9603053331375122,2.997270345687866,7.438797950744629,5.388222694396973
section_00_source_test_anomaly_0007_n_B.wav,fault,0.03196244686841965,0.21539755141773162,2560.8814899738595,2201.215277412222,5300.494209265175,18.35701010973614,11.584087220723228,13.57615079124749,14.177196728961833,14.728329153746813,14.4504975168975,14.472333594869193,-131.95565795898438,57.28908157348633,3.7843055725097656,16.625038146972656,3.24592924118042,4.745009422302246,0.9907001256942749,5.154191017150879,1.557152271270752,3.1169097423553467,0.3301568627357483,5.055639743804932,0.8046702146530151
section_00_source_test_anomaly_0028_n_A.wav,fault,0.032146964222192764,0.4047586361821086,3966.7119827205793,2324.7706320178186,6747.4291134185305,14.881753115483825,14.55523926720433,21.641287829225124,18.69125425435303,21.099907048265525,17.199287118376986,17.010249957117235,-156.8990020751953,-15.068103790283203,-11.99244213104248,1.445343255996704,-2.682640552520752,-21.12010383605957,-13.603675842285156,-13.9678955078125,-2.3250229358673096,-2.161198377609253,10.801135063171387,1.9347368478775024,-1.5441174507141113
section_00_source_test_anomaly_0043_n_C.wav,fault,0.032065726816654205,0.18599927615814696,2281.1638331982213,2108.255386173437,4846.820087859425,17.655234294003524,11.370643196716268,14.04170722463649,14.674596797715711,15.760027753109693,15.528802137300287,15.734472320060911,-133.85205078125,67.23906707763672,0.3830387592315674,19.520219802856445,4.523185729980469,4.914002418518066,-0.7687184810638428,4.318297863006592,1.0149520635604858,-1.4421972036361694,-2.9005820751190186,3.7172815799713135,-0.2432103306055069
section_00_target_test_anomaly_0017_n_D.wav,fault,0.03210947662591934,0.051700092352236424,1122.5496546128757,1579.1878211147716,2200.8785942492013,19.350260399749356,18.6386748218757,16.58398718219537,17.55408135245081,14.66195112769834,14.900810064147116,14.3983273099953,-257.6242980957031,127.1119613647461,9.467989921569824,9.72468376159668,6.272955417633057,17.101991653442383,7.757100582122803,-4.080613613128662,-13.162625312805176,-8.275567054748535,-6.492896556854248,-2.557488441467285,0.7562620043754578
section_00_target_test_anomaly_0007_n_D.wav,fault,0.032116230577230453,0.04713864067492013,913.3004224279862,1358.93939768126,1504.0684904153354,17.30435977934068,18.60678047705914,16.64608976574691,16.92555868762072,15.737893926572747,14.924311449944513,14.762990814703324,-284.118896484375,146.23330688476562,12.116923332214355,8.240617752075195,10.441373825073242,19.190792083740234,5.244636535644531,-10.96890640258789,-19.002222061157227,-10.516518592834473,-8.386935234069824,-3.0245139598846436,1.4681533575057983
section_00_target_test_normal_0001_n_D.wav,normal,0.03209194168448448,0.050049608126996804,1130.6830308540325,1636.3740145760764,2206.0453274760384,17.241967421054223,18.046734374212463,16.84149126225886,16.434459898918078,14.599204858399105,14.690374947292979,15.333044599560097,-260.5174865722656,125.26704406738281,15.026816368103027,11.422804832458496,12.770814895629883,14.975554466247559,8.440503120422363,-11.29621410369873,-16.865856170654297,-14.84123706817627,-5.804108142852783,-2.137249231338501,-0.22242411971092224
section_00_target_test_normal_0011_n_D.wav,normal,0.0320398285984993,0.05106049071485623,993.96848915699,1450.8773238744193,1807.008785942492,17.860799455187863,16.955318616043712,16.83367630842738,16.369626165917843,14.69287912394084,15.031797206857425,14.516999491902009,-253.53883361816406,139.05267333984375,13.201031684875488,14.45850658416748,3.9247493743896484,13.83994197845459,5.397740364074707,-5.580368518829346,-14.215972900390625,-8.955394744873047,-3.104755163192749,1.1111735105514526,0.11488930881023407
section_00_source_test_normal_0040_n_C.wav,normal,0.03170017525553703,0.10635015225638977,1895.1261980674012,2085.305618985867,4480.880591054313,20.176720857261675,11.099417373985268,13.494865207535112,14.046838905251448,15.09132950740825,15.828965713727365,14.02257325657668,-177.81724548339844,83.27965545654297,10.421343803405762,18.592388153076172,6.305671215057373,8.944315910339355,1.297489881515503,7.220855236053467,1.7761101722717285,4.3414764404296875,-1.2892820835113525,6.771270751953125,1.4987618923187256
section_00_target_test_anomaly_0038_n_E.wav,fault,0.031967755407094955,0.03882225938498403,1052.41474009858,1599.332142419251,2257.2633785942494,18.41524650939661,15.628143523914629,15.021718659600339,18.509856891584956,16.287654435111644,14.925244452289554,14.034967203076217,-256.50445556640625,121.77622985839844,8.714644432067871,22.350990295410156,13.122675895690918,19.916128158569336,17.82392120361328,15.800756454467773,4.057077407836914,-1.9840645790100098,1.7924143075942993,8.471275329589844,8.11694622039795
section_00_target_test_anomaly_0028_n_E.wav,fault,0.03209114447236061,0.03583329173322684,913.2121088837484,1462.4068146200766,1838.683107028754,17.98753666304721,15.102869959192622,14.23795386438081,18.150197867366284,16.720100737845435,14.963117634970661,14.271300424153527,-268.65985107421875,133.05641174316406,7.624355792999268,19.48890495300293,13.892035484313965,21.245704650878906,18.07682991027832,15.681777954101562,4.794300079345703,0.16770942509174347,1.0851951837539673,8.690998077392578,7.684754371643066
section_00_source_test_anomaly_0017_n_A.wav,fault,0.032195672392845154,0.36670545876597443,3739.6684499292132,2269.9396664513706,6626.372803514377,17.28890075515667,12.30044501395883,16.9531778485029,20.54839569376894,21.42459851294217,16.707286100371075,16.185617013830488,-145.01031494140625,-8.263212203979492,-12.86136245727539,12.563068389892578,8.505002975463867,-14.008489608764648,-18.4942626953125,-11.257515907287598,1.7016550302505493,1.5300483703613281,4.386238098144531,5.8537797927856445,0.7311895489692688
section_00_source_test_anomaly_0029_n_A.wav,fault,0.03214128687977791,0.4437852560902556,3922.073158470405,2273.180409125957,6684.1553514377,16.401165288528528,14.220891157241265,18.620705338943704,19.843002366732915,19.490198311636163,16.601261731940923,18.101934629774572,-143.17259216308594,-13.468477249145508,-13.32480525970459,8.713631629943848,1.2853660583496094,-18.29489517211914,-9.937365531921387,-13.163853645324707,-0.7986270189285278,4.057648181915283,10.143877029418945,10.486870765686035,0.8762626051902771
section_00_target_test_anomaly_0006_n_D.wav,fault,0.032185640186071396,0.046328998602236424,917.394953584594,1334.354998841938,1535.4183306709265,17.96633508800912,19.361930774710018,17.01895875914831,16.286913115914757,15.170526204516259,14.931531724526055,14.522453658002478,-289.3562927246094,145.9656982421875,9.785805702209473,11.108874320983887,3.565261125564575,12.089264869689941,4.1607770919799805,-9.568224906921387,-15.532675743103027,-5.3620805740356445,-8.71486759185791,-4.947231292724609,-0.22629041969776154
section_00_target_test_anomaly_0016_n_D.wav,fault,0.03210424259305,0.05014476837060703,1000.2055480515414,1452.5648715383031,1806.9588658146965,17.74376140390703,17.012231033369773,16.80192536072467,16.409889659538578,14.757645445719112,15.14311611945885,14.36022498132156,-252.2178192138672,139.48158264160156,12.225051879882812,14.219782829284668,4.088667869567871,11.993075370788574,6.026577949523926,-5.9507575035095215,-14.249073028564453,-9.409533500671387,-2.9795784950256348,-0.20308507978916168,-0.4575817883014679
section_00_source_test_anomaly_0042_n_C.wav,fault,0.03197270259261131,0.13474066493610223,2030.580025859719,2095.8919589283105,4641.2490015974445,16.386111297872375,11.272835269970848,13.931430700655412,13.713352331478129,14.444093654116768,15.503204973563427,14.505718611061276,-156.4752960205078,78.09899139404297,8.632221221923828,19.97389793395996,4.743617534637451,8.694796562194824,0.4442044496536255,6.211305618286133,-1.295864462852478,3.634154796600342,0.1776532381772995,5.41917610168457,-1.7694405317306519
section_00_target_test_anomaly_0029_n_E.wav,fault,0.03211682662367821,0.03537309055511182,937.3864954939813,1497.7361643740144,1887.0806709265175,17.994423968865693,15.539375761956803,14.34517423520988,18.431088124426786,17.12907868562212,14.881560092310513,14.36380184766272,-268.30517578125,131.4501495361328,8.084966659545898,18.782398223876953,15.024656295776367,20.341140747070312,18.214683532714844,15.738411903381348,5.603656768798828,-0.3302161395549774,0.6325587630271912,7.95319128036499,8.493574142456055
section_00_target_test_anomaly_0039_n_E.wav,fault,0.03207257390022278,0.05007768819888179,1029.7751801701422,1502.6124949414477,2046.151158146965,17.797683325583257,17.448622938521325,14.988108223781303,19.875173810816438,17.335059590144347,14.948639384971052,14.027687940811418,-244.45713806152344,130.6211395263672,3.311659097671509,16.543914794921875,9.532268524169922,22.57827377319336,19.935665130615234,13.249998092651367,-1.3609081506729126,-5.106213092803955,-1.6164195537567139,7.8074564933776855,7.106234550476074
section_00_target_test_normal_0010_n_D.wav,normal,0.03204736486077309,0.05426941892971246,1099.5035572167021,1551.5796717333562,2179.0884584664536,19.468327260647566,17.41724553881582,18.333999662277982,17.68587616803378,15.013224076627317,14.8885966373605,14.269169701024865,-246.69151306152344,130.1158905029297,13.815757751464844,16.956335067749023,5.987561225891113,13.131514549255371,1.9561030864715576,-6.806650638580322,-15.299528121948242,-8.815922737121582,-2.7576088905334473,2.120778799057007,3.1475486755371094
section_00_target_test_normal_0000_n_D.wav,normal,0.032038941979408264,0.05571242262380192,1044.0927481958158,1464.6022532356321,1941.4686501597444,16.73955661714575,15.498902968612562,18.221067124552295,16.59590036139604,14.621281865617506,14.875771055591269,14.37170770109853,-240.8756561279297,137.5213623046875,9.954724311828613,15.854567527770996,5.418086528778076,10.352505683898926,4.507925033569336,-8.285176277160645,-19.34004783630371,-10.152917861938477,-2.3472931385040283,0.8057695627212524,2.3355743885040283
section_00_source_test_normal_0041_n_C.wav,normal,0.032076943665742874,0.13310578075079874,2074.280351795442,2148.4832542950057,4815.29552715655,17.424468508744614,11.242374984176458,13.639398422382845,13.571787559517713,14.73036705213193,14.639182449934315,14.298016407267216,-156.31057739257812,76.18434143066406,10.643829345703125,19.981334686279297,7.625822067260742,8.334675788879395,-0.4346802830696106,7.525632381439209,0.6462957859039307,4.117039680480957,-0.16354306042194366,3.628025531768799,0.21146239340305328
section_00_source_test_anomaly_0030_n_A.wav,fault,0.03212824836373329,0.3826299795327476,3790.6885958420835,2273.2832172230205,6648.612220447284,14.829559710185976,14.18233661730782,18.216388698126714,20.285288146549895,20.43665900661713,15.635926631434273,15.984002628607952,-145.0399627685547,-11.427565574645996,-15.897127151489258,3.9368762969970703,4.475114822387695,-13.927877426147461,-18.461727142333984,-14.883448600769043,-0.44452518224716187,4.504584789276123,5.953706741333008,3.9141993522644043,2.9733710289001465
section_00_source_test_anomaly_0020_n_A.wav,fault,0.03215973079204559,0.40646684055511184,3931.4231386109286,2360.921543719922,6808.1569488817895,17.63900606184556,12.47313962964907,21.368249626119333,20.907097130516892,20.026897241459736,16.78885599449934,16.83643474199052,-147.60467529296875,-7.5103020668029785,-7.278221130371094,3.889082908630371,5.097620487213135,-13.98779296875,-9.631617546081543,-14.085378646850586,-2.768951416015625,1.591179370880127,13.584675788879395,-0.3768751621246338,-2.4570393562316895
section_00_target_test_anomaly_0020_n_D.wav,fault,0.032112717628479004,0.04848024410942492,1048.9428635281831,1495.7575419771379,1965.7298322683705,16.822430770083773,18.339873503170125,17.29037250476828,16.554140617499268,14.518644674051657,14.828862368208515,14.349464955913916,-267.95318603515625,131.57041931152344,9.982020378112793,14.695652961730957,8.246397972106934,17.263608932495117,5.648740768432617,-8.665780067443848,-20.187780380249023,-12.968212127685547,-6.549230575561523,-3.6937341690063477,0.5749690532684326
section_00_source_test_normal_0033_n_A.wav,normal,0.03214311599731445,0.33394693490415334,3512.706797816078,2153.408222012538,6325.978434504792,15.640082200212817,14.032767735685914,20.77010017987385,21.272605279488065,22.575652407805652,16.939028397511407,15.163690606599918,-159.51736450195312,-10.90058422088623,-22.734207153320312,16.69581413269043,1.9560126066207886,-16.96207618713379,-17.101829528808594,-8.818922996520996,-8.052379608154297,-3.495551586151123,20.22263526916504,4.738592624664307,-9.794832229614258
section_00_source_test_normal_0023_n_A.wav,normal,0.03208066523075104,0.3912490015974441,3835.483696318474,2222.379028853222,6487.969249201278,15.586378235988168,13.472787018705002,18.319618131708573,19.283886193996825,21.4470536030303,16.678706062134623,17.68721956622562,-156.5187225341797,-16.335908889770508,-18.498767852783203,9.479077339172363,7.730134963989258,-20.90367317199707,-13.688299179077148,-5.438089847564697,-4.5513153076171875,6.432837009429932,8.390698432922363,12.02676773071289,-3.8389830589294434
section_00_source_test_normal_0005_n_B.wav,normal,0.027323875576257706,0.19388821635383385,2295.7849006670544,1918.5329409093865,4515.550119808307,19.233750362226036,11.723624516045009,13.495393344667947,14.070145355301989,14.5109245908547,15.365972211299942,14.963592314704378,-173.03530883789062,59.57261657714844,-17.653478622436523,21.33653450012207,1.4163261651992798,10.000208854675293,0.07141678780317307,7.517915725708008,0.731877326965332,7.089841365814209,3.3105316162109375,2.7544736862182617,-0.7502887845039368
section_00_source_test_normal_0015_n_B.wav,normal,0.031716082245111465,0.27258729782348246,2789.7521734407496,2128.1709011529456,5310.60303514377,18.823503913701913,11.428370475759577,13.988247758863674,13.999385499765868,15.103532561225219,16.002373479729982,15.390531650806722,-126.1301040649414,40.38638687133789,-2.5209414958953857,22.91656494140625,-0.561205267906189,8.093490600585938,2.1636269092559814,5.6847920417785645,-3.648895740509033,-1.6413956880569458,-1.943030834197998,1.8165338039398193,5.231483459472656
section_00_target_test_anomaly_0030_n_E.wav,fault,0.03212418034672737,0.04108114516773163,900.3405494751428,1393.6313407638681,1681.1102236421725,18.735532854527083,16.87943307910078,14.563906710676775,19.95850822974842,18.03007505095774,15.041877230632277,14.276339964437142,-265.7039489746094,139.6431884765625,3.8740971088409424,14.713293075561523,10.780447959899902,24.724159240722656,21.52657699584961,14.851091384887695,0.4767467677593231,-3.3033037185668945,-2.1133511066436768,9.132712364196777,9.260754585266113
section_00_target_test_normal_0044_n_E.wav,normal,0.03188617154955864,0.034416808107028754,1054.4216288799769,1597.0135107644337,2310.2535942492013,20.084726160699994,13.667000075591972,14.479184551310095,16.341730297152083,15.6249465163961,14.751397142416987,14.14011587932674,-270.3228759765625,118.35589599609375,4.9192376136779785,24.226951599121094,14.986649513244629,21.626201629638672,15.857983589172363,13.52889633178711,1.4799946546554565,4.01037073135376,7.188746452331543,8.329415321350098,3.9198684692382812
section_00_source_test_anomaly_0039_n_C.wav,fault,0.03213995322585106,0.11035312250399361,1803.1069342368237,1994.3259472960708,4188.17392172524,17.9986015282185,11.40584216485318,13.78830665038575,13.864987899832752,15.123659380997458,15.751646172068224,14.432310924750686,-165.84230041503906,88.45632934570312,7.8878374099731445,20.97219467163086,3.9021666049957275,10.604223251342773,0.1741330325603485,5.532548904418945,0.2932666540145874,4.128974914550781,-2.4432156085968018,4.547459125518799,-0.7853937149047852
section_00_target_test_normal_0009_n_D.wav,normal,0.032038744539022446,0.0525814946086262,1139.726442458318,1592.0678338263037,2269.19428913738,19.295128679187417,18.088998803153704,17.313232281549613,17.96762795218501,14.877869942971342,15.05608347533241,14.191186831657406,-251.86227416992188,126.64900970458984,9.813937187194824,9.005834579467773,5.13214111328125,18.278108596801758,7.526418685913086,-4.537257671356201,-12.893407821655273,-9.06730842590332,-6.227904796600342,-2.341327428817749,0.29988375306129456
section_00_target_test_normal_0019_n_D.wav,normal,0.03203622251749039,0.051249251198083066,1030.832974701378,1450.5497985111704,1840.4303115015975,15.762427301757732,16.61025573970537,16.581155809043103,15.761415748101093,14.661566900202732,15.024853895521307,14.258447409239029,-257.77789306640625,137.96141052246094,9.565783500671387,11.509416580200195,1.9708497524261475,10.426770210266113,1.870750904083252,-9.113396644592285,-17.122913360595703,-12.18021297454834,-5.338111877441406,-2.4154651165008545,-2.4142322540283203
section_00_source_test_normal_0048_n_C.wav,normal,0.03201184421777725,0.14185584315095848,1960.028411879434,2060.2046761899437,4508.186900958466,14.599648060177042,11.311003234663538,13.88826587607847,14.2491112962895,14.45595266511954,17.453330624330167,14.298839654172708,-157.2086944580078,80.91200256347656,6.9006028175354,19.405929565429688,5.5592265129089355,10.00269603729248,0.2538594603538513,5.72317361831665,-1.7956960201263428,5.020518779754639,-1.3277571201324463,8.335655212402344,-2.8375377655029297
section_00_source_test_anomaly_0006_n_B.wav,fault,0.03183690458536148,0.12663956419728434,2001.2894519229849,2055.1291706413085,4419.129392971246,18.198656104044822,11.377297204813717,13.384871334975037,14.08222745252647,16.125981485198864,14.82007416760815,15.304367524010667,-160.5943603515625,80.2254867553711,-3.558727979660034,13.109009742736816,8.081216812133789,5.6661882400512695,4.680689811706543,7.499109268188477,4.361104488372803,2.92462420463562,0.9698476791381836,4.840739727020264,4.14808988571167
section_00_source_test_anomaly_0016_n_B.wav,fault,0.029307274147868156,0.1556727985223642,2177.712282261318,2040.4627520791505,4660.218650159744,19.221699181090294,11.987984602865065,13.913956811166713,13.85712680833475,14.716811044262219,14.910484289878028,14.613958014264874,-160.92849731445312,69.6642837524414,-4.614477157592773,18.704910278320312,3.9116506576538086,8.299018859863281,-0.9064428806304932,4.889917373657227,1.1577887535095215,5.2586669921875,0.8295962810516357,4.984699249267578,1.3073835372924805
section_00_target_test_normal_0026_n_E.wav,normal,0.03205914422869682,0.033639926118210865,1028.6509382456027,1599.8750680781918,2249.5257587859423,20.442638779713633,16.011557497232,14.879651655503382,18.007270715941374,15.608831136885673,14.819549716316228,14.110864947393031,-267.1936340332031,119.56448364257812,9.713165283203125,23.94548225402832,13.564562797546387,20.991275787353516,18.17879295349121,16.057424545288086,4.278940677642822,-0.24274441599845886,3.124762535095215,9.655920028686523,8.01087760925293
section_00_target_test_normal_0036_n_E.wav,normal,0.03201157599687576,0.038680299021565494,981.6124342805203,1516.6582469219095,2010.4832268370608,18.563321025109495,17.21083195420852,14.841277599070382,19.767747317822046,16.937674600459943,14.827690621994192,14.080688177038455,-263.966552734375,126.96910858154297,5.857161521911621,19.596832275390625,12.24156665802002,24.91136360168457,21.49976921081543,15.396256446838379,1.2212077379226685,-2.537766218185425,0.4656972587108612,9.459824562072754,9.032630920410156
section_00_target_test_anomaly_0042_n_E.wav,fault,0.03210258483886719,0.03756489616613418,977.9787152329432,1515.2332938410393,2002.645766773163,20.056356357960794,16.975167091587174,15.190173376933213,19.587032419621444,17.086962223172225,14.628747736030009,14.13825339942819,-267.668212890625,126.90037536621094,6.701274871826172,19.99056625366211,11.941987037658691,23.815128326416016,21.129663467407227,15.742305755615234,0.3974463939666748,-2.620065689086914,0.5114542841911316,9.28416919708252,10.30154800415039
section_00_source_test_normal_0028_n_A.wav,normal,0.03212418034672737,0.4474075853634185,3949.8050684998625,2285.6325230382736,6703.050119808307,16.95379681726134,14.109168851413415,18.644645386621807,20.02967447859941,19.319032338454768,16.540629473496363,17.890552473115406,-143.42445373535156,-13.088639259338379,-12.020814895629883,5.907930850982666,0.09449154138565063,-17.45673179626465,-9.897178649902344,-15.712515830993652,-0.4414241909980774,4.200179576873779,8.349116325378418,11.599136352539062,1.675942301750183
section_00_source_test_normal_0043_n_C.wav,normal,0.032071128487586975,0.14850770017971246,1986.565765200693,2014.8260250384956,4383.686102236422,17.14754641023043,11.26416421590942,13.710898641337032,16.646085190794047,18.220610066019027,16.261841559381963,14.515653669364129,-156.33880615234375,78.83112335205078,0.005787419620901346,21.0757999420166,10.009150505065918,7.368745803833008,-0.05027388408780098,7.857371807098389,1.7513114213943481,1.8114848136901855,-4.897601127624512,5.747323036193848,1.9154255390167236
section_00_target_test_normal_0002_n_D.wav,normal,0.032065633684396744,0.05643002446086262,1074.1060145983474,1514.5087103824985,2061.676317891374,17.53700853041185,16.519908185258227,18.215569817805854,17.256815807834595,15.008646148271705,14.918827448750525,14.347940529251183,-240.779296875,134.230224609375,12.771994590759277,15.403800964355469,5.371841907501221,11.708992004394531,2.104914665222168,-7.247550964355469,-16.27582359313965,-9.691020965576172,-4.4166178703308105,2.1321170330047607,2.7420501708984375
section_00_target_test_normal_0012_n_D.wav,normal,0.03206067904829979,0.055150821186102233,1092.180507865612,1520.0689659840018,2105.3314696485622,16.784097235481987,17.45453295252592,18.462663034319945,17.804151741828516,14.866220653598125,15.000902475601743,14.386933502681693,-245.75721740722656,132.63165283203125,12.07826042175293,15.317068099975586,4.099756240844727,10.923018455505371,1.277830719947815,-9.01220703125,-17.466594696044922,-10.034882545471191,-3.9064667224884033,0.14886035025119781,1.0416909456253052
section_00_target_test_anomaly_0014_n_D.wav,fault,0.0320856086909771,0.04895760533146965,1043.99921340751,1515.9834775430152,1981.2300319488818,16.815268561669164,18.659217815562847,17.002554018536866,16.572236907057178,14.472380101545987,14.91098102806022,14.19408638093452,-264.6995849609375,130.79360961914062,11.662705421447754,16.12362289428711,10.523268699645996,18.259111404418945,7.274162292480469,-7.750169277191162,-18.350936889648438,-12.73098087310791,-5.863722801208496,-1.0136436223983765,0.8652080297470093
section_00_target_test_anomaly_0004_n_D.wav,fault,0.03210585191845894,0.04726500099840256,924.801641454719,1368.2660442238443,1551.0682907348244,17.04019615435657,18.615580042008823,17.049099044474442,16.79234982955964,15.513528210284113,14.879936302278418,14.609888575592251,-282.22991943359375,144.91839599609375,11.531564712524414,9.609027862548828,10.38013744354248,19.286584854125977,5.169208526611328,-9.989128112792969,-18.880563735961914,-9.803460121154785,-8.147123336791992,-2.872720956802368,1.0681990385055542
section_00_source_test_normal_0017_n_A.wav,normal,0.03213096782565117,0.41309841753194887,3930.8099124568193,2339.8067438962385,6774.161341853035,14.628400146369204,13.916173531760812,21.30800744600069,20.502910837080254,19.678547322637005,16.822997495824886,16.703834439149038,-149.0709991455078,-12.278697967529297,-13.0403470993042,-3.032369613647461,-0.8110077381134033,-16.73995018005371,-11.626032829284668,-15.839971542358398,-8.217960357666016,-2.46081805229187,10.532343864440918,3.7450594902038574,0.832944929599762
section_00_target_test_anomaly_0049_n_E.wav,fault,0.03209710493683815,0.03033895766773163,1013.3440400494245,1577.1763835558597,2194.438897763578,19.837028403062895,13.54057872591163,14.631282243470245,16.20331012388836,17.605385732216146,14.672958532228245,14.147057333792388,-276.1757507324219,119.23374938964844,3.3143088817596436,22.306734085083008,16.01656150817871,22.441652297973633,14.725379943847656,14.669170379638672,4.649499893188477,4.811424255371094,4.6531782150268555,8.090993881225586,8.389690399169922
section_00_source_test_anomaly_0040_n_C.wav,fault,0.030479229986667633,0.15600195936501599,2172.3837638116565,2138.386010836611,4888.2288338658145,16.66353456282897,11.559029315334602,13.911035098072672,13.937157608929011,14.273615026999781,15.1449272588543,14.502780457331829,-158.04571533203125,71.78326416015625,7.88873291015625,19.001007080078125,6.724582195281982,9.544737815856934,0.7552592158317566,5.128150463104248,-2.0456573963165283,3.6336472034454346,-0.671768844127655,4.758395195007324,0.06337682157754898
section_00_source_test_normal_0021_n_A.wav,normal,0.032140180468559265,0.3619131264976038,3790.926285009058,2387.981150307776,6898.786940894569,17.8069709115619,13.970893448228013,20.142299941046723,17.85812324409327,19.433984746565386,16.04767633591465,15.472022567126904,-148.6681365966797,-5.253756523132324,-10.658099174499512,1.5761983394622803,1.6935149431228638,-27.7098331451416,-20.714981079101562,0.2806343734264374,9.066061019897461,2.5226693153381348,18.293350219726562,4.952914237976074,-0.6907334327697754
section_00_source_test_normal_0031_n_A.wav,normal,0.03210470452904701,0.36803770217651754,3759.03457926296,2233.303146597488,6468.350638977636,18.205931411710967,13.376976465394478,18.62203912710631,19.58324930202809,21.555493955835157,16.786139446561904,16.65492459541833,-154.94720458984375,-13.376141548156738,-16.04290008544922,13.986193656921387,9.818901062011719,-22.36182403564453,-16.445812225341797,-4.453996658325195,-1.1500290632247925,8.1392183303833,9.344402313232422,10.691648483276367,-2.1861460208892822
section_00_target_test_anomaly_0022_n_D.wav,fault,0.03209131211042404,0.0533599366014377,1041.622818449055,1495.893994319883,1969.8732028753993,19.05478690324667,17.275092372122295,18.232012105946822,17.887227298394496,14.917071971146862,14.825454639712108,14.314365407526264,-250.64710998535156,134.9092254638672,13.82311725616455,16.314069747924805,5.807138442993164,12.675609588623047,2.4024429321289062,-5.6129865646362305,-16.08301544189453,-7.688247203826904,-2.6154160499572754,1.4319785833358765,3.278677463531494
section_00_target_test_normal_0024_n_D.wav,normal,0.03207254782319069,0.05419297873402556,1181.9075412363597,1590.4923715976818,2342.402156549521,17.225700875664607,18.02951674592206,16.963933170305754,16.594771489337916,15.181372444072627,15.167909063028038,14.296486299625194,-248.17897033691406,125.83697509765625,6.457609176635742,9.077187538146973,4.656839370727539,15.632969856262207,6.232781410217285,-7.602154731750488,-13.745058059692383,-9.646615028381348,-7.972718715667725,-3.2375121116638184,-0.7273692488670349
section_00_source_test_anomaly_0022_n_A.wav,fault,0.032156649976968765,0.3985155001996805,3832.7287785399767,2248.407268743792,6496.106230031949,17.305180349918587,11.709576322084121,18.673262025199744,19.264006819389028,21.007326202515586,16.701091187805613,17.374697745460256,-149.7032012939453,-11.57654094696045,-13.174235343933105,12.157815933227539,10.77183723449707,-17.869617462158203,-12.636189460754395,-5.5111589431762695,-4.041191101074219,7.625593662261963,7.432871341705322,9.548395156860352,-4.603282451629639
section_00_source_test_anomaly_0032_n_A.wav,fault,0.032178208231925964,0.46467214956070285,4029.484982893713,2286.725961001858,6704.9970047923325,16.19857201171554,13.88408603759939,18.708769435271915,17.401735371552654,19.30531576325463,16.535764168032927,17.96883839474809,-143.9007568359375,-14.798918724060059,-6.7211151123046875,6.226593494415283,0.9717528223991394,-17.73663330078125,-15.79507827758789,-15.756322860717773,0.5513768792152405,4.425456523895264,5.623103618621826,10.056519508361816,2.3439700603485107
section_00_source_test_anomaly_0014_n_B.wav,fault,0.03185730427503586,0.14109144119408945,1992.720001642618,1961.2900795793096,4288.28873801917,18.307793495755867,11.771154017949033,13.198642382665913,13.67572054781724,14.865006197841868,14.966531815330953,14.61365750076749,-148.3765106201172,80.58533477783203,-7.296118259429932,17.5679874420166,3.2293190956115723,9.386298179626465,-1.0857481956481934,5.823375701904297,1.3557493686676025,4.685606956481934,0.09297715872526169,3.7607040405273438,1.9643796682357788
section_00_source_test_anomaly_0004_n_B.wav,fault,0.032031502574682236,0.14226924420926518,2276.3892143351627,2250.2424547818923,5155.725838658147,19.657952059008444,11.253598471062269,13.867346493348986,13.962129044047163,14.240543807614465,14.605699968847842,16.806082538303077,-157.21360778808594,67.61949920654297,9.183019638061523,17.866117477416992,7.762791156768799,7.669226169586182,7.020114898681641,3.6724932193756104,1.162022352218628,2.500312328338623,1.7441991567611694,4.335731029510498,4.423145771026611
section_00_source_test_normal_0038_n_C.wav,normal,0.03208174929022789,0.21795127795527156,2551.0444337043987,2205.3523917016846,5272.738618210863,17.28477978568467,11.372370178930998,13.902859810230115,14.505785127339513,14.458872204310554,14.685188436269126,14.515558452376286,-126.56748962402344,56.65032196044922,6.694323539733887,17.486196517944336,-1.0881800651550293,7.625802040100098,0.855119526386261,8.895541191101074,-0.9699386358261108,-0.08914240449666977,-1.0711966753005981,0.9683962464332581,1.6152234077453613
section_00_target_test_anomaly_0040_n_E.wav,fault,0.031659502536058426,0.040221582967252395,1163.461052428686,1733.5085785931344,2685.3534345047924,18.07097971030666,14.2331330292924,15.891262727816066,18.31001791180598,16.003565489732395,15.07924108196459,15.05025767403381,-257.5086364746094,112.93367767333984,15.172762870788574,21.910520553588867,11.771957397460938,18.265766143798828,16.135679244995117,11.930693626403809,0.7541479468345642,-3.543459415435791,1.1811702251434326,7.950131416320801,3.462519407272339
section_00_target_test_normal_0034_n_E.wav,normal,0.03211432322859764,0.033214045027955275,1100.3869972707932,1605.2293049434784,2366.7881389776358,19.361319341456962,13.598721375695895,14.814453921008779,17.384664226602283,15.999498698584496,14.709100023378209,14.142652078241612,-263.28338623046875,118.56889343261719,2.1855738162994385,21.651926040649414,14.55341911315918,21.221717834472656,13.698111534118652,12.458892822265625,1.8967444896697998,0.6506364941596985,1.2963334321975708,5.438449859619141,4.833796977996826
section_00_source_test_anomaly_0049_n_C.wav,fault,0.0320550836622715,0.12727136581469647,1884.9088624673861,2026.3784439600536,4357.977236421725,17.90892553771402,11.344006242020182,13.850806428213364,13.803516314549132,14.743357826375865,16.62760652398901,14.499362924348294,-161.8004913330078,84.0457763671875,7.675189018249512,21.396087646484375,5.063070774078369,10.16504192352295,0.5293360948562622,6.5142340660095215,-1.5098772048950195,4.761465072631836,-4.6764116287231445,5.954183101654053,-1.932879090309143
section_00_target_test_normal_0046_n_E.wav,normal,0.03202123939990997,0.049723567292332266,1034.3791836300536,1508.378595764432,2042.0826677316295,16.76913005679205,16.86392698168082,14.233579359893461,18.422680527064063,19.692150936961927,15.139636270345491,14.220386368151146,-244.77076721191406,128.5568389892578,1.470412015914917,17.55248260498047,12.913719177246094,24.300188064575195,16.203914642333984,11.608135223388672,1.544741153717041,-3.9578969478607178,-4.025877952575684,6.0167131423950195,6.128117084503174
section_00_target_test_anomaly_0032_n_E.wav,fault,0.032088153064250946,0.042165347943290736,899.4028632373489,1383.8793256252422,1665.8346645367412,17.536794206635644,16.821050061351105,14.659136483586401,19.908104678392444,18.504218697641054,14.965943744912446,14.173476931080446,-262.46661376953125,140.36204528808594,3.2597243785858154,15.048450469970703,11.00976276397705,24.25882911682129,20.384794235229492,13.279412269592285,-0.12272490561008453,-2.8134114742279053,-2.4218437671661377,8.376659393310547,8.706639289855957
section_00_source_test_normal_0007_n_B.wav,normal,0.032024409621953964,0.21509491064297126,2612.2408796445484,2222.05417052561,5391.199081469648,18.049165166036374,12.265774008540921,14.31330185891888,13.835270238132452,14.657195727829627,14.74949539071241,14.926305748387792,-131.3553009033203,51.946067810058594,5.035913467407227,20.347763061523438,3.508427858352661,7.55157995223999,1.3801608085632324,5.162750720977783,1.973597526550293,2.2223403453826904,1.6692875623703003,4.909579277038574,3.472952365875244
section_00_source_test_normal_0030_n_A.wav,normal,0.0321216881275177,0.3944688498402556,3901.159222851133,2354.6939730750687,6791.658346645368,17.884702305673535,14.276276149926472,21.984164326631536,21.118150014538724,20.28319992875303,16.6448295502082,16.592837710490638,-150.73175048828125,-9.7004976272583,-13.018021583557129,-1.9332363605499268,1.5632706880569458,-15.417684555053711,-9.788765907287598,-14.165976524353027,-3.1989192962646484,1.1887035369873047,14.058500289916992,3.0108234882354736,0.46777671575546265
section_00_source_test_normal_0020_n_A.wav,normal,0.03211746737360954,0.4056525184704473,3918.36222178213,2352.842806472197,6803.664137380191,18.2264083342044,14.092717574624032,21.630253300930725,20.44550852330304,19.992109448109904,16.766466393028225,16.710993406960373,-149.35244750976562,-10.483163833618164,-11.875768661499023,-0.34622472524642944,1.6231592893600464,-15.500603675842285,-10.499320983886719,-15.350220680236816,-4.5308756828308105,-0.20168930292129517,13.271833419799805,2.924194574356079,0.835271954536438
section_00_target_test_anomaly_0023_n_D.wav,fault,0.03203321620821953,0.05421325878594249,1196.5316858136496,1654.331920442519,2496.081269968051,18.730613165141,17.063964951359313,16.970867005953288,16.72142870974048,14.930152667896149,15.018097759226672,14.137163248978695,-243.57180786132812,123.56172943115234,9.566947937011719,8.240233421325684,7.549801349639893,18.209606170654297,8.595462799072266,-5.520832061767578,-14.198369979858398,-7.027153491973877,-4.73071813583374,-1.458779215812683,1.1358317136764526
section_00_source_test_anomaly_0033_n_A.wav,fault,0.03215884417295456,0.39852018021166136,3846.624837086104,2240.179910010725,6502.870407348243,15.685829656712773,13.83008350887293,18.389061421099996,20.838077269947565,21.44274058426407,16.60256493129163,17.18030696032799,-155.99871826171875,-13.756988525390625,-15.111247062683105,9.461286544799805,11.607539176940918,-18.35223960876465,-14.019303321838379,-6.405595779418945,-6.434181213378906,9.896071434020996,10.939005851745605,8.304237365722656,-4.9735260009765625
section_00_source_test_anomaly_0023_n_A.wav,fault,0.03211607784032822,0.44501297923322686,3929.13314667,2274.0592094387944,6687.549920127795,17.29012178915956,14.091522327772681,18.99572260388955,20.01421952765294,19.434063681607707,16.710393416109095,17.84073626715244,-143.94683837890625,-14.19626235961914,-14.673101425170898,6.94060754776001,0.5435447692871094,-17.570777893066406,-9.783652305603027,-14.752164840698242,-0.20893822610378265,4.772800445556641,9.464489936828613,11.241399765014648,1.4021049737930298
section_00_source_test_anomaly_0048_n_C.wav,fault,0.03200944885611534,0.1407045602036741,1997.6970086434958,2089.8624869332916,4648.312699680511,16.93983798146814,11.369166373920523,13.165971405066736,14.196462507258016,15.819720264396349,16.942202283121503,14.465021583600983,-156.7066650390625,80.19840240478516,8.576708793640137,17.07863426208496,7.444345474243164,10.635659217834473,-1.9556865692138672,6.465586185455322,-1.2904084920883179,5.644487380981445,-2.762342929840088,5.283611297607422,-0.7614796161651611
section_00_target_test_normal_0025_n_E.wav,normal,0.032011523842811584,0.04938036641373802,1048.2124481738754,1530.9794101241305,2091.6533546325877,16.98062546068796,16.88555536587383,14.464505571394383,18.113785396962747,20.172875677180958,15.060275280959871,14.095143718710416,-246.42547607421875,127.00588989257812,2.4145984649658203,18.060056686401367,13.445775985717773,23.75012969970703,15.354490280151367,11.105810165405273,2.715837001800537,-2.8503854274749756,-3.8802919387817383,6.277104377746582,7.749747276306152
section_00_target_test_normal_0035_n_E.wav,normal,0.03202970325946808,0.041322945786741214,999.7741133505984,1514.1059982165114,2028.5543130990416,18.977133904314883,16.97626628345428,14.794008832722836,19.50354649760402,16.56805829055714,14.922136521703287,14.045420716667655,-259.958740234375,127.76617431640625,5.1339521408081055,18.65272331237793,11.505797386169434,24.922325134277344,20.704797744750977,14.251455307006836,0.164946049451828,-3.689218282699585,0.2927582859992981,8.957420349121094,7.655970573425293
section_00_target_test_anomaly_0041_n_E.wav,fault,0.03206397965550423,0.04631807857428115,1006.312481514729,1489.1745850729224,1989.6166134185303,17.67659192592437,17.048679582648354,14.960054496735156,19.93466081552386,17.376249277249507,15.041415823650668,14.018778492457406,-249.46473693847656,130.67433166503906,3.4360413551330566,17.345592498779297,9.775397300720215,23.214387893676758,19.756467819213867,13.701483726501465,-0.7833428382873535,-4.964880466461182,-1.5652282238006592,8.00475025177002,7.91811990737915
section_00_source_test_anomaly_0005_n_B.wav,fault,0.03152979537844658,0.13879043530351437,2012.9056146817272,1983.8788505864075,4329.348043130991,19.001427293922664,11.995525299178007,13.624940019206202,13.718733290263728,14.985930027766033,15.134969239943716,14.558268608748532,-154.08648681640625,78.2459716796875,-7.231139659881592,18.16870880126953,4.890498638153076,9.445960998535156,0.9046663045883179,6.550090789794922,2.981499433517456,5.038567066192627,1.4857646226882935,3.3653435707092285,1.7323719263076782
section_00_source_test_anomaly_0015_n_B.wav,fault,0.031531501561403275,0.14111016124201278,2070.830540598725,1985.4979235649514,4367.511980830671,19.492469816063966,11.262833084712438,13.413755196984315,13.523469493718972,14.50020175010395,15.078688036928387,14.401866718162195,-151.9897003173828,74.88956451416016,-8.788202285766602,19.925819396972656,2.973931312561035,8.227489471435547,2.7843472957611084,6.530292510986328,2.244901180267334,5.826261043548584,2.0466551780700684,3.780404567718506,0.428555965423584
section_00_source_test_normal_0039_n_C.wav,normal,0.03172590956091881,0.15790360423322683,2123.1692203527027,2103.179555093403,4729.45786741214,17.48506628933059,11.164257355584708,13.655149007877162,13.790416381689559,16.283973211419937,15.992181605246634,14.447598528372088,-150.46847534179688,73.92388916015625,5.521608352661133,20.101768493652344,5.903940200805664,7.461169719696045,-1.4087167978286743,4.159649848937988,0.5325953960418701,2.3552582263946533,-1.4986671209335327,5.706757068634033,-1.1124035120010376
section_00_target_test_anomaly_0033_n_E.wav,fault,0.03186916932463646,0.035121929912140575,1088.9805960917765,1699.9376705583522,2438.448482428115,18.893133703682118,13.449080368471108,15.318340624596853,18.398207032736025,16.837415370447953,15.033449642313807,15.227384200618166,-266.18994140625,119.48612213134766,19.961761474609375,17.851470947265625,12.452874183654785,19.15573501586914,14.958160400390625,10.302346229553223,1.8699806928634644,-2.269496440887451,0.17678934335708618,7.510810852050781,3.3759243488311768
section_00_target_test_normal_0047_n_E.wav,normal,0.031995050609111786,0.041483626198083066,1208.607555209439,1809.2820406831918,2913.188897763578,18.48979107535805,13.274378598634847,16.309332372286043,18.56974535667839,15.122893420982448,15.080155902957406,14.946372016196085,-257.97650146484375,109.90819549560547,22.739717483520508,21.440452575683594,9.695430755615234,18.694189071655273,16.323884963989258,10.453805923461914,-0.015236266888678074,-5.798540115356445,0.9712619781494141,8.529805183410645,5.467735290527344
section_00_source_test_normal_0006_n_B.wav,normal,0.032030053436756134,0.1316534170327476,2013.2425444041621,2032.5317465169005,4428.090055910543,18.41748137698632,11.912580768480643,13.897127207103319,13.943084912367398,15.613847702534386,14.92747755701954,14.614109526996412,-152.85125732421875,78.86868286132812,-2.213609457015991,18.24234962463379,4.765993595123291,7.6338653564453125,2.5688350200653076,7.041015625,2.7599425315856934,3.5414774417877197,1.6524415016174316,6.331690311431885,2.0310161113739014
section_00_source_test_normal_0016_n_B.wav,normal,0.03191361948847771,0.21685303514376997,2637.7565316504206,2228.57473305445,5419.953075079872,18.441936496165518,12.126334555552221,13.74918182349708,13.953095549471735,14.470667726738895,14.65262096748427,15.057202543139969,-132.2045440673828,50.45204544067383,5.823980808258057,21.07715606689453,3.2278215885162354,7.638926029205322,2.4995908737182617,5.88604211807251,1.1691023111343384,1.2016834020614624,0.4892057478427887,3.696354627609253,2.5476431846618652
section_00_source_test_normal_0029_n_A.wav,normal,0.03211589530110359,0.39420832917332266,3731.9206064630384,2246.697329067152,6500.77376198083,16.096930230373236,13.20520884736898,17.28706965713131,19.412974274157893,20.575928371143274,15.601623105414395,16.762313117203366,-141.80885314941406,-7.182469844818115,-14.316702842712402,7.619287490844727,-0.35939204692840576,-21.706016540527344,-13.512629508972168,-5.333658218383789,-10.125388145446777,3.1370861530303955,11.890764236450195,4.904252052307129,-4.389090061187744
section_00_source_test_normal_0042_n_C.wav,normal,0.032049473375082016,0.11937618560303515,1866.0698603093742,2040.4640661807534,4364.092452076678,17.670980364714197,11.213292518972231,13.814593836620432,14.048434311426572,15.694075986751935,15.997654694820541,14.661451523864802,-164.45889282226562,85.52426147460938,9.171509742736816,20.298677444458008,6.140775203704834,9.135815620422363,-1.3480651378631592,4.811863422393799,-0.3629016578197479,3.578700542449951,-2.0690274238586426,5.058168411254883,0.10960256308317184
section_00_target_test_normal_0013_n_D.wav,normal,0.032076843082904816,0.05332249650559105,1164.614372158157,1601.4230808802733,2374.226238019169,18.51228063068652,18.155059164261196,17.13688536060726,17.43067910569192,14.789795841489024,15.273187488533374,14.323721126200146,-249.43215942382812,124.64029693603516,8.862105369567871,10.954959869384766,4.857437610626221,18.630104064941406,7.231751918792725,-5.0596818923950195,-13.036857604980469,-9.478019714355469,-6.267204284667969,-2.103379964828491,-0.2637445628643036
section_00_target_test_normal_0003_n_D.wav,normal,0.032109010964632034,0.04898256539536741,1037.911027380222,1507.326040601878,1980.2815495207667,19.063624002560452,18.409599502321313,17.41789261238183,16.511243741324897,14.663296029976754,14.77484565010186,14.295640291554747,-266.0730895996094,130.70042419433594,11.797801971435547,17.016149520874023,10.446466445922852,18.992700576782227,6.137611389160156,-7.276003837585449,-18.21038246154785,-12.6237211227417,-5.859790802001953,-0.2171037793159485,1.6588563919067383
section_00_source_test_anomaly_0041_n_C.wav,fault,0.0320359505712986,0.16256489616613418,2215.339799763575,2154.358702977862,4924.720447284345,17.60600309337224,11.227968948610455,13.827046869864793,14.052735770213866,14.174137331861628,15.413718761045038,15.644673575080523,-151.3706817626953,69.38379669189453,12.173384666442871,21.099693298339844,3.6631741523742676,12.994209289550781,-0.6165545582771301,4.304845809936523,-0.5585713386535645,4.821491241455078,-0.5973606109619141,4.315807819366455,-2.0537397861480713
section_00_target_test_anomaly_0048_n_E.wav,fault,0.03210550919175148,0.032059642072683706,1092.093314047092,1595.4342194148373,2332.218450479233,19.547122933556995,13.892747360377175,14.392713605589345,17.448338284752463,16.80533484888755,14.78379388337935,14.3045728569648,-264.2169494628906,119.46478271484375,1.725408911705017,21.406761169433594,15.054115295410156,20.487232208251953,13.132513046264648,13.115036010742188,2.1039607524871826,0.8525749444961548,1.0402305126190186,5.679446697235107,5.6175737380981445
section_00_target_test_anomaly_0005_n_D.wav,fault,0.03210970014333725,0.05010732827476038,883.5250465182166,1297.3594651603755,1402.655750798722,16.608499597752477,17.091643418571447,16.592807091267314,16.345953532600454,15.644638638904912,15.445015294487005,14.965672578766041,-269.0281982421875,154.138671875,11.522257804870605,7.753249645233154,4.147652626037598,12.653985023498535,5.08339786529541,-9.384588241577148,-15.790861129760742,-8.002700805664062,-6.28969669342041,-1.097366452217102,-0.32841384410858154
section_00_target_test_anomaly_0015_n_D.wav,fault,0.032029442489147186,0.053512816992811504,1169.8729740933486,1621.3294551490903,2407.3732028753993,18.881689424743776,18.67708748190971,16.327413727704922,17.909327079722303,14.76363526719403,14.863012305770246,14.266310520680195,-252.9434356689453,122.4639663696289,9.021599769592285,11.935197830200195,6.366174221038818,17.319904327392578,8.261744499206543,-3.5361156463623047,-11.713094711303711,-8.80697250366211,-7.088305473327637,-2.2793996334075928,0.5756388306617737
